id_reserva,dia_semana,turno,personas,dias_anticipacion,canal,reservas_previas,no_shows_previos,confirmo_recordatorio,prob_lluvia_pct,ocasion_especial,no_show
R-00001,Miércoles,20:00,2,47,app,1,0,1,6,0,0
R-00002,Viernes,22:00,3,28,instagram,0,0,0,5,0,1
R-00003,Sábado,22:00,5,42,telefono,2,0,1,27,0,0
R-00004,Martes,20:00,1,7,web,2,0,1,29,0,0
R-00005,Miércoles,22:00,3,5,telefono,3,0,1,45,0,0
R-00006,Domingo,20:00,5,21,instagram,0,0,1,12,0,0
R-00007,Martes,20:00,4,17,instagram,2,0,0,60,0,0
R-00008,Miércoles,22:00,5,10,web,0,0,1,42,0,0
R-00009,Domingo,20:00,2,0,telefono,4,1,1,40,0,0
R-00010,Sábado,22:00,4,16,app,2,1,0,35,0,1
R-00011,Viernes,20:00,2,13,web,3,0,1,12,1,0
R-00012,Viernes,22:00,2,2,web,1,1,1,71,0,0
R-00013,Sábado,22:00,5,5,telefono,2,0,1,21,0,0
R-00014,Jueves,22:00,2,2,web,1,0,1,34,0,0
R-00015,Miércoles,22:00,5,3,telefono,1,0,1,47,0,0
R-00016,Sábado,22:00,5,3,instagram,5,1,0,39,0,1
R-00017,Sábado,22:00,5,3,telefono,0,0,1,28,0,0
R-00018,Viernes,20:00,2,5,instagram,1,0,1,2,0,0
R-00019,Sábado,22:00,5,20,app,2,0,0,23,0,0
R-00020,Viernes,22:00,2,9,instagram,2,0,0,25,0,0
R-00021,Domingo,20:00,4,5,instagram,1,1,0,18,0,0
R-00022,Jueves,22:00,1,16,telefono,6,0,1,8,0,0
R-00023,Viernes,22:00,5,4,instagram,2,0,1,62,0,0
R-00024,Viernes,22:00,2,1,app,2,0,1,27,0,0
R-00025,Viernes,20:00,4,4,instagram,3,0,1,51,0,0
R-00026,Sábado,22:00,4,6,telefono,2,0,1,20,0,0
R-00027,Jueves,20:00,2,39,instagram,1,0,1,13,0,0
R-00028,Sábado,20:00,4,40,telefono,0,0,1,10,1,0
R-00029,Domingo,20:00,4,40,app,1,0,1,20,0,0
R-00030,Miércoles,20:00,5,18,app,4,0,1,34,0,1
R-00031,Viernes,20:00,10,8,web,1,1,1,19,1,0
R-00032,Jueves,20:00,2,6,app,2,0,1,33,0,0
R-00033,Martes,20:00,3,4,telefono,2,0,1,36,0,0
R-00034,Domingo,22:00,3,38,telefono,5,0,1,33,1,0
R-00035,Viernes,20:00,4,6,app,1,0,1,14,0,0
R-00036,Miércoles,20:00,2,2,app,2,1,1,12,0,0
R-00037,Sábado,20:00,4,33,app,3,1,1,21,0,0
R-00038,Jueves,22:00,2,2,telefono,2,1,1,25,0,0
R-00039,Domingo,20:00,2,3,telefono,4,0,1,18,0,0
R-00040,Jueves,22:00,5,2,instagram,1,0,1,29,1,0
R-00041,Martes,20:00,4,6,web,0,0,1,15,0,0
R-00042,Jueves,22:00,5,2,app,0,0,1,68,0,0
R-00043,Jueves,20:00,4,7,telefono,4,0,1,15,1,0
R-00044,Viernes,20:00,6,5,telefono,3,2,1,24,0,1
R-00045,Domingo,22:00,3,2,instagram,2,0,1,76,0,0
R-00046,Sábado,22:00,1,3,web,1,0,1,10,0,0
R-00047,Jueves,20:00,12,0,instagram,2,0,1,20,0,1
R-00048,Martes,20:00,2,15,app,4,0,1,9,0,0
R-00049,Miércoles,20:00,6,7,telefono,2,1,0,20,0,1
R-00050,Domingo,20:00,2,2,instagram,2,0,0,20,0,0
R-00051,Viernes,20:00,4,0,app,4,1,1,30,0,0
R-00052,Sábado,22:00,2,53,instagram,4,0,1,23,0,0
R-00053,Martes,20:00,4,27,web,0,0,0,4,0,0
R-00054,Martes,20:00,2,0,instagram,2,0,1,20,0,0
R-00055,Sábado,22:00,2,20,telefono,4,2,0,34,0,1
R-00056,Sábado,20:00,3,51,instagram,3,0,1,31,0,0
R-00057,Jueves,20:00,6,15,telefono,1,1,1,12,0,0
R-00058,Jueves,20:00,3,8,app,4,1,1,31,0,0
R-00059,Martes,20:00,2,2,web,1,0,1,37,0,0
R-00060,Miércoles,20:00,12,8,app,3,0,1,13,0,0
R-00061,Martes,20:00,2,2,instagram,1,0,1,100,0,0
R-00062,Sábado,20:00,2,29,web,3,0,1,29,0,0
R-00063,Viernes,22:00,4,0,app,1,0,1,21,1,0
R-00064,Miércoles,20:00,2,2,app,2,0,1,18,0,0
R-00065,Sábado,20:00,4,0,app,3,0,1,22,0,0
R-00066,Miércoles,20:00,3,5,app,3,0,1,5,0,0
R-00067,Martes,20:00,5,2,telefono,1,0,1,48,0,0
R-00068,Sábado,20:00,2,4,instagram,1,0,1,25,0,0
R-00069,Domingo,22:00,6,60,app,1,0,0,16,0,1
R-00070,Martes,22:00,6,5,telefono,0,0,1,14,0,0
R-00071,Sábado,22:00,2,3,instagram,2,0,1,11,0,0
R-00072,Miércoles,20:00,2,6,app,3,1,1,55,1,0
R-00073,Miércoles,20:00,6,5,app,0,0,0,46,0,0
R-00074,Martes,20:00,3,1,app,0,0,1,48,0,0
R-00075,Jueves,20:00,3,18,web,0,0,1,56,0,0
R-00076,Sábado,22:00,4,0,web,4,0,1,14,0,0
R-00077,Viernes,22:00,4,54,instagram,4,1,0,71,0,1
R-00078,Domingo,20:00,5,6,telefono,6,0,0,67,1,0
R-00079,Jueves,20:00,4,4,telefono,1,0,1,26,0,0
R-00080,Jueves,20:00,4,21,app,3,0,1,33,1,0
R-00081,Jueves,20:00,3,60,telefono,3,0,1,2,0,0
R-00082,Domingo,20:00,4,6,instagram,2,1,0,22,0,1
R-00083,Domingo,20:00,6,15,web,5,1,1,11,0,1
R-00084,Jueves,20:00,6,7,app,0,0,1,29,0,0
R-00085,Viernes,22:00,4,9,app,0,0,1,1,0,0
R-00086,Jueves,20:00,4,0,app,3,0,1,33,0,0
R-00087,Sábado,22:00,2,52,instagram,4,0,0,23,0,0
R-00088,Martes,20:00,3,20,instagram,0,0,1,5,0,0
R-00089,Martes,20:00,2,7,app,2,0,1,10,0,0
R-00090,Viernes,22:00,3,7,web,1,0,1,16,0,0
R-00091,Jueves,20:00,2,15,telefono,4,0,1,15,0,0
R-00092,Sábado,22:00,2,2,telefono,4,1,1,4,0,0
R-00093,Sábado,22:00,2,7,telefono,5,1,0,5,0,0
R-00094,Viernes,22:00,3,52,telefono,4,1,0,26,0,0
R-00095,Sábado,20:00,4,3,telefono,3,1,1,50,0,0
R-00096,Sábado,22:00,2,17,instagram,2,0,0,41,0,1
R-00097,Sábado,22:00,4,6,app,1,0,1,17,0,0
R-00098,Domingo,20:00,5,4,app,2,0,1,14,0,0
R-00099,Miércoles,22:00,2,12,app,1,0,1,24,0,0
R-00100,Sábado,20:00,2,0,instagram,2,1,0,10,0,0
R-00101,Miércoles,22:00,2,2,web,2,0,1,36,0,0
R-00102,Viernes,20:00,4,0,web,0,0,1,20,0,0
R-00103,Sábado,22:00,3,34,instagram,4,0,0,46,0,1
R-00104,Domingo,20:00,2,10,app,2,0,0,10,0,0
R-00105,Sábado,20:00,2,3,app,2,0,1,20,1,0
R-00106,Martes,20:00,3,5,app,3,2,0,50,0,1
R-00107,Viernes,20:00,2,2,app,3,0,1,8,0,0
R-00108,Miércoles,20:00,5,13,instagram,2,1,1,27,0,0
R-00109,Domingo,22:00,2,8,telefono,1,0,1,5,0,0
R-00110,Miércoles,22:00,5,5,app,1,0,1,37,0,0
R-00111,Jueves,20:00,2,9,app,1,0,1,25,0,0
R-00112,Viernes,22:00,2,8,web,1,1,0,1,0,1
R-00113,Martes,20:00,8,2,instagram,0,0,1,27,0,0
R-00114,Domingo,20:00,2,0,instagram,0,0,1,26,0,0
R-00115,Sábado,22:00,2,6,instagram,2,0,1,30,0,0
R-00116,Miércoles,22:00,6,15,telefono,3,0,0,19,0,1
R-00117,Viernes,22:00,5,0,app,4,0,1,50,0,0
R-00118,Martes,20:00,3,7,telefono,2,0,1,32,0,0
R-00119,Sábado,20:00,2,4,app,3,1,0,6,0,0
R-00120,Jueves,20:00,2,0,web,3,0,1,19,0,0
R-00121,Martes,20:00,3,3,telefono,1,0,1,49,0,0
R-00122,Miércoles,20:00,10,2,app,5,1,0,4,0,1
R-00123,Viernes,20:00,2,16,telefono,3,0,1,14,0,0
R-00124,Sábado,22:00,4,5,app,1,0,1,17,0,1
R-00125,Jueves,20:00,4,46,web,0,0,1,36,0,0
R-00126,Sábado,22:00,6,49,instagram,1,0,0,5,0,1
R-00127,Viernes,22:00,4,37,instagram,2,0,1,47,1,0
R-00128,Miércoles,22:00,3,6,app,2,0,1,22,0,0
R-00129,Jueves,22:00,3,6,web,3,1,1,6,0,0
R-00130,Viernes,22:00,3,23,instagram,1,0,1,12,1,0
R-00131,Domingo,20:00,4,0,app,2,0,1,6,0,0
R-00132,Miércoles,22:00,4,3,app,2,0,1,12,0,0
R-00133,Martes,20:00,2,4,instagram,2,0,0,39,1,0
R-00134,Viernes,22:00,5,11,app,1,1,1,2,0,0
R-00135,Domingo,22:00,3,17,instagram,2,0,1,22,0,0
R-00136,Domingo,20:00,4,0,app,0,0,1,37,0,0
R-00137,Sábado,20:00,2,3,web,2,1,1,11,0,0
R-00138,Martes,22:00,3,3,instagram,4,1,0,38,0,0
R-00139,Sábado,22:00,12,58,app,2,1,0,11,0,1
R-00140,Sábado,22:00,1,9,instagram,0,0,1,6,0,0
R-00141,Miércoles,20:00,4,3,app,1,0,1,65,1,0
R-00142,Viernes,22:00,2,6,instagram,3,0,1,71,0,0
R-00143,Martes,22:00,8,0,web,5,0,1,10,0,0
R-00144,Sábado,22:00,6,4,instagram,2,1,1,10,0,0
R-00145,Sábado,22:00,6,11,web,0,0,1,24,1,0
R-00146,Sábado,20:00,6,2,telefono,2,0,1,25,0,0
R-00147,Sábado,22:00,2,12,web,1,1,0,65,0,1
R-00148,Jueves,20:00,4,10,instagram,2,0,1,9,0,0
R-00149,Sábado,20:00,8,2,telefono,1,0,1,6,0,0
R-00150,Jueves,20:00,3,2,app,1,0,1,24,0,0
R-00151,Miércoles,22:00,8,18,telefono,3,0,1,51,0,0
R-00152,Viernes,22:00,5,2,web,2,2,1,11,0,0
R-00153,Viernes,20:00,3,0,app,4,0,1,46,0,0
R-00154,Jueves,22:00,4,5,instagram,3,1,1,16,0,0
R-00155,Sábado,22:00,4,4,instagram,1,0,1,23,0,0
R-00156,Sábado,22:00,2,1,app,4,1,1,27,0,1
R-00157,Jueves,20:00,2,3,instagram,3,0,1,3,0,0
R-00158,Sábado,20:00,3,0,instagram,4,1,0,59,0,1
R-00159,Viernes,22:00,4,17,web,4,0,1,10,0,0
R-00160,Sábado,22:00,6,16,telefono,1,0,1,46,0,0
R-00161,Jueves,20:00,3,9,app,3,2,1,14,0,1
R-00162,Sábado,22:00,4,20,app,2,0,1,6,0,0
R-00163,Viernes,20:00,4,4,app,0,0,1,8,1,0
R-00164,Viernes,22:00,5,3,telefono,2,0,1,22,0,0
R-00165,Sábado,22:00,10,3,app,3,0,0,35,1,1
R-00166,Viernes,22:00,5,21,app,1,0,1,7,1,1
R-00167,Jueves,22:00,4,4,telefono,3,1,1,10,0,0
R-00168,Domingo,20:00,4,17,instagram,4,0,1,5,0,0
R-00169,Miércoles,20:00,2,10,instagram,0,0,1,36,0,0
R-00170,Jueves,20:00,5,17,web,3,0,1,18,0,0
R-00171,Viernes,22:00,2,6,web,3,1,0,18,0,1
R-00172,Martes,20:00,6,56,telefono,2,0,1,74,0,1
R-00173,Miércoles,20:00,6,40,telefono,3,0,1,4,1,0
R-00174,Sábado,20:00,4,0,telefono,3,1,1,11,0,0
R-00175,Sábado,20:00,8,17,instagram,4,1,1,62,0,0
R-00176,Sábado,20:00,2,5,app,2,0,0,48,0,0
R-00177,Domingo,22:00,2,8,instagram,3,1,1,13,0,0
R-00178,Sábado,20:00,3,8,app,2,0,1,30,0,0
R-00179,Jueves,22:00,2,28,app,1,0,1,13,0,0
R-00180,Sábado,22:00,1,17,app,0,0,1,9,0,1
R-00181,Jueves,20:00,8,1,instagram,2,0,1,30,0,0
R-00182,Sábado,22:00,3,5,web,3,1,1,32,0,0
R-00183,Viernes,22:00,6,58,app,3,0,0,14,0,1
R-00184,Miércoles,20:00,2,5,instagram,2,0,1,79,0,0
R-00185,Domingo,22:00,4,10,app,6,0,1,61,0,0
R-00186,Sábado,22:00,2,0,web,1,0,1,32,0,0
R-00187,Sábado,20:00,4,6,app,1,0,1,25,0,0
R-00188,Viernes,20:00,4,30,instagram,2,1,0,43,1,1
R-00189,Sábado,20:00,4,37,instagram,4,1,0,58,1,1
R-00190,Viernes,20:00,3,3,instagram,2,0,0,16,0,0
R-00191,Viernes,20:00,5,20,app,0,0,1,18,0,0
R-00192,Martes,22:00,2,4,telefono,0,0,1,21,0,0
R-00193,Viernes,20:00,4,13,telefono,1,0,1,7,0,0
R-00194,Sábado,20:00,2,4,app,1,0,1,10,0,0
R-00195,Sábado,22:00,2,12,web,2,0,1,26,0,0
R-00196,Sábado,20:00,3,5,telefono,1,0,1,17,1,0
R-00197,Viernes,22:00,5,2,app,1,0,1,40,0,0
R-00198,Domingo,22:00,2,3,app,2,1,0,9,0,0
R-00199,Miércoles,20:00,5,28,app,3,0,1,53,0,0
R-00200,Domingo,20:00,3,15,instagram,1,0,1,6,0,0
R-00201,Viernes,20:00,3,11,app,3,1,1,3,0,0
R-00202,Miércoles,20:00,2,35,telefono,2,0,1,13,0,0
R-00203,Sábado,22:00,2,9,web,2,0,1,11,0,0
R-00204,Viernes,22:00,4,0,web,0,0,1,6,0,0
R-00205,Viernes,22:00,8,1,app,2,0,1,33,0,0
R-00206,Domingo,20:00,2,0,instagram,3,0,1,59,0,0
R-00207,Miércoles,20:00,4,6,telefono,2,0,1,9,0,0
R-00208,Sábado,22:00,6,3,instagram,0,0,1,41,0,0
R-00209,Viernes,20:00,6,5,instagram,2,0,1,16,0,0
R-00210,Viernes,22:00,8,3,app,0,0,1,12,0,0
R-00211,Viernes,20:00,2,16,instagram,1,0,1,28,0,0
R-00212,Miércoles,20:00,4,2,instagram,5,1,1,29,0,0
R-00213,Viernes,20:00,2,18,instagram,1,0,1,32,0,0
R-00214,Domingo,22:00,2,2,web,2,0,1,31,0,0
R-00215,Miércoles,22:00,3,27,instagram,2,0,1,9,1,0
R-00216,Martes,20:00,8,17,instagram,2,1,1,25,0,0
R-00217,Martes,22:00,2,3,telefono,4,1,1,10,0,1
R-00218,Viernes,20:00,2,4,app,0,0,1,22,0,0
R-00219,Domingo,22:00,12,4,instagram,2,0,1,59,0,0
R-00220,Martes,22:00,4,21,instagram,2,1,0,27,0,1
R-00221,Domingo,22:00,2,0,telefono,0,0,1,14,0,0
R-00222,Viernes,20:00,1,52,instagram,2,1,1,19,0,0
R-00223,Miércoles,22:00,2,11,telefono,0,0,1,11,0,0
R-00224,Viernes,22:00,2,34,instagram,2,0,0,5,0,1
R-00225,Jueves,22:00,6,6,app,2,1,1,28,0,1
R-00226,Sábado,20:00,4,32,instagram,1,0,0,28,0,1
R-00227,Viernes,22:00,2,2,web,3,0,1,12,0,0
R-00228,Jueves,22:00,3,20,instagram,8,1,0,14,0,0
R-00229,Jueves,20:00,3,3,telefono,2,0,1,52,0,0
R-00230,Domingo,20:00,6,50,app,0,0,0,33,0,1
R-00231,Sábado,22:00,10,6,web,1,0,1,4,0,0
R-00232,Viernes,20:00,1,21,instagram,2,1,1,24,0,0
R-00233,Viernes,22:00,1,6,app,2,0,1,20,1,0
R-00234,Sábado,22:00,4,8,web,3,0,1,19,0,0
R-00235,Domingo,20:00,2,0,telefono,3,1,1,15,0,0
R-00236,Martes,20:00,3,4,app,1,0,1,14,1,0
R-00237,Miércoles,20:00,4,5,instagram,3,0,1,30,0,0
R-00238,Viernes,22:00,4,26,instagram,2,0,1,9,1,1
R-00239,Viernes,22:00,2,6,app,0,0,1,77,0,0
R-00240,Martes,20:00,2,4,telefono,2,0,1,1,0,0
R-00241,Martes,20:00,4,9,app,2,0,1,30,0,0
R-00242,Jueves,22:00,2,20,telefono,1,0,1,28,0,0
R-00243,Viernes,20:00,8,55,web,2,0,0,51,0,1
R-00244,Sábado,22:00,2,15,instagram,0,0,1,4,0,1
R-00245,Sábado,20:00,6,59,app,3,0,0,1,0,1
R-00246,Martes,20:00,2,18,instagram,2,0,1,23,0,0
R-00247,Martes,22:00,3,16,telefono,2,1,1,13,0,0
R-00248,Viernes,20:00,5,11,instagram,4,0,1,9,0,0
R-00249,Domingo,20:00,4,32,telefono,0,0,1,25,0,0
R-00250,Domingo,20:00,2,7,web,2,0,1,15,0,0
R-00251,Viernes,22:00,2,1,instagram,0,0,1,49,0,0
R-00252,Domingo,20:00,3,4,web,2,0,1,5,0,0
R-00253,Domingo,20:00,4,17,web,1,0,1,19,0,0
R-00254,Viernes,20:00,10,6,web,2,0,1,7,0,0
R-00255,Sábado,22:00,2,14,app,2,0,1,7,0,0
R-00256,Viernes,20:00,3,3,telefono,1,0,1,7,0,0
R-00257,Miércoles,20:00,4,6,instagram,1,0,1,10,0,0
R-00258,Sábado,20:00,2,5,app,4,0,1,10,0,0
R-00259,Martes,22:00,6,31,telefono,2,0,1,18,0,0
R-00260,Sábado,22:00,1,3,app,2,1,0,10,0,1
R-00261,Sábado,22:00,5,7,app,3,2,0,10,0,1
R-00262,Domingo,20:00,8,4,telefono,1,1,0,100,0,1
R-00263,Viernes,20:00,2,6,telefono,2,0,1,13,0,0
R-00264,Miércoles,20:00,5,5,app,2,1,1,40,0,1
R-00265,Domingo,22:00,5,57,app,2,0,0,10,0,0
R-00266,Domingo,20:00,5,7,app,0,0,1,6,0,0
R-00267,Domingo,22:00,4,16,instagram,3,0,0,41,0,0
R-00268,Sábado,22:00,4,2,app,2,0,1,39,0,0
R-00269,Sábado,22:00,2,24,app,3,0,1,20,0,0
R-00270,Viernes,20:00,3,14,web,2,1,1,44,0,0
R-00271,Miércoles,20:00,2,17,telefono,0,0,1,46,0,0
R-00272,Jueves,20:00,4,4,web,4,1,0,62,0,1
R-00273,Sábado,20:00,4,5,web,3,0,1,37,0,0
R-00274,Jueves,20:00,2,0,instagram,2,0,1,3,0,0
R-00275,Sábado,22:00,2,2,instagram,2,0,1,18,0,0
R-00276,Viernes,22:00,2,10,telefono,0,0,0,15,0,1
R-00277,Viernes,20:00,2,59,app,1,0,0,63,0,0
R-00278,Domingo,22:00,2,7,instagram,2,0,1,2,0,0
R-00279,Miércoles,20:00,5,7,web,4,0,1,41,0,0
R-00280,Viernes,22:00,2,19,instagram,2,0,0,9,0,1
R-00281,Miércoles,20:00,2,3,app,0,0,1,17,0,0
R-00282,Domingo,22:00,8,5,app,1,0,1,33,1,0
R-00283,Viernes,22:00,8,28,telefono,3,0,0,5,0,1
R-00284,Jueves,22:00,6,21,web,1,0,1,53,0,0
R-00285,Miércoles,22:00,3,60,app,1,0,1,10,1,0
R-00286,Sábado,22:00,10,46,telefono,2,0,0,9,0,1
R-00287,Viernes,22:00,6,7,web,0,0,1,28,0,0
R-00288,Miércoles,20:00,4,18,telefono,2,1,1,26,0,0
R-00289,Martes,22:00,4,9,app,1,0,1,7,0,0
R-00290,Viernes,20:00,5,7,app,1,0,0,59,0,0
R-00291,Sábado,22:00,4,15,telefono,2,1,1,9,0,0
R-00292,Viernes,22:00,6,0,instagram,1,0,0,85,0,1
R-00293,Domingo,22:00,6,20,instagram,0,0,0,1,0,1
R-00294,Domingo,20:00,5,2,app,1,0,1,12,0,0
R-00295,Domingo,20:00,4,3,instagram,0,0,1,25,0,0
R-00296,Sábado,22:00,3,17,instagram,2,0,0,58,0,1
R-00297,Viernes,22:00,2,17,app,4,1,0,27,0,0
R-00298,Viernes,20:00,10,7,instagram,1,0,1,11,1,0
R-00299,Viernes,22:00,4,21,instagram,1,0,1,41,0,0
R-00300,Viernes,22:00,8,14,instagram,3,1,0,33,0,1
R-00301,Martes,20:00,2,12,app,0,0,0,46,0,0
R-00302,Sábado,20:00,2,11,web,2,1,1,29,0,0
R-00303,Jueves,20:00,5,1,web,1,0,1,31,0,0
R-00304,Martes,22:00,4,49,instagram,4,1,0,5,0,0
R-00305,Viernes,20:00,3,7,instagram,1,0,1,43,0,0
R-00306,Sábado,22:00,4,0,telefono,1,0,1,42,0,0
R-00307,Viernes,22:00,8,9,telefono,2,1,0,22,0,1
R-00308,Viernes,20:00,4,30,web,2,0,1,26,1,0
R-00309,Sábado,20:00,4,47,app,1,0,1,92,0,1
R-00310,Miércoles,22:00,2,0,instagram,1,0,1,48,0,0
R-00311,Martes,22:00,2,2,web,3,0,1,13,1,0
R-00312,Sábado,20:00,3,14,instagram,1,0,1,39,1,0
R-00313,Viernes,22:00,2,3,instagram,3,0,1,16,0,0
R-00314,Domingo,22:00,4,21,telefono,1,1,1,10,0,0
R-00315,Viernes,22:00,12,1,telefono,3,0,1,28,0,0
R-00316,Sábado,20:00,6,2,app,2,0,1,8,0,0
R-00317,Martes,22:00,2,12,app,1,0,1,14,0,0
R-00318,Martes,22:00,2,18,app,2,0,1,13,0,0
R-00319,Sábado,22:00,4,7,app,5,0,1,29,0,0
R-00320,Jueves,20:00,6,1,app,4,1,1,18,0,0
R-00321,Martes,22:00,2,32,instagram,1,0,1,17,0,0
R-00322,Miércoles,22:00,2,15,app,1,0,1,12,0,0
R-00323,Viernes,20:00,3,7,app,1,0,1,2,0,0
R-00324,Jueves,20:00,5,6,web,3,0,1,41,0,0
R-00325,Viernes,22:00,3,12,app,3,0,1,21,1,0
R-00326,Domingo,20:00,1,45,app,3,0,1,21,0,0
R-00327,Viernes,20:00,4,12,app,3,0,1,19,0,0
R-00328,Miércoles,20:00,6,1,instagram,1,1,1,47,0,0
R-00329,Sábado,22:00,4,2,telefono,1,0,1,9,0,0
R-00330,Martes,20:00,2,13,telefono,1,0,1,33,0,0
R-00331,Viernes,20:00,2,5,web,2,0,1,10,0,0
R-00332,Jueves,20:00,4,17,web,1,0,1,11,0,0
R-00333,Viernes,22:00,3,0,app,3,0,1,49,0,0
R-00334,Martes,22:00,2,0,app,2,0,1,4,0,0
R-00335,Viernes,22:00,2,7,instagram,1,0,0,14,0,0
R-00336,Sábado,22:00,3,6,telefono,4,1,1,39,0,0
R-00337,Sábado,22:00,4,2,web,2,0,1,13,0,0
R-00338,Domingo,22:00,10,6,web,1,0,1,30,0,0
R-00339,Viernes,22:00,4,11,web,2,0,1,22,0,0
R-00340,Sábado,20:00,4,7,telefono,1,0,1,3,0,0
R-00341,Viernes,20:00,1,39,instagram,2,0,1,46,1,0
R-00342,Jueves,22:00,2,7,app,2,0,1,23,0,0
R-00343,Domingo,22:00,5,2,web,1,0,1,8,0,0
R-00344,Sábado,22:00,4,11,app,2,1,0,8,0,0
R-00345,Domingo,22:00,4,5,telefono,3,2,1,28,0,0
R-00346,Sábado,20:00,2,4,telefono,1,0,1,3,0,0
R-00347,Domingo,22:00,10,12,instagram,1,0,0,7,0,0
R-00348,Miércoles,20:00,4,20,instagram,2,1,0,3,0,1
R-00349,Martes,20:00,4,55,telefono,2,1,1,39,1,0
R-00350,Miércoles,22:00,4,5,app,1,0,1,55,1,0
R-00351,Viernes,22:00,4,5,web,3,0,1,17,1,0
R-00352,Sábado,20:00,5,1,telefono,3,0,1,34,0,0
R-00353,Viernes,20:00,2,15,telefono,2,0,1,29,0,0
R-00354,Viernes,22:00,2,1,web,0,0,0,25,0,0
R-00355,Sábado,22:00,3,4,telefono,2,1,0,39,0,0
R-00356,Martes,22:00,5,19,web,4,0,1,55,0,0
R-00357,Sábado,22:00,5,47,instagram,2,0,0,13,0,1
R-00358,Martes,22:00,3,19,app,4,0,1,16,0,0
R-00359,Jueves,20:00,5,2,app,2,1,1,59,0,0
R-00360,Sábado,20:00,5,6,web,2,0,1,42,0,1
R-00361,Sábado,22:00,5,6,web,3,0,1,8,0,0
R-00362,Viernes,20:00,10,13,instagram,0,0,0,28,0,1
R-00363,Jueves,20:00,3,4,web,1,0,1,24,0,0
R-00364,Sábado,20:00,5,4,app,2,0,1,16,0,0
R-00365,Jueves,20:00,8,0,web,0,0,1,32,0,0
R-00366,Martes,22:00,2,34,instagram,1,0,1,13,0,0
R-00367,Jueves,20:00,10,52,instagram,1,0,0,19,0,1
R-00368,Martes,22:00,2,12,app,4,1,0,14,0,0
R-00369,Sábado,20:00,4,17,app,0,0,1,13,0,0
R-00370,Miércoles,20:00,2,20,web,1,0,1,26,0,0
R-00371,Domingo,20:00,2,3,app,1,0,1,3,0,0
R-00372,Jueves,20:00,2,3,app,1,0,1,23,0,0
R-00373,Jueves,20:00,4,6,app,4,1,0,3,0,0
R-00374,Sábado,22:00,1,2,web,0,0,1,9,0,0
R-00375,Jueves,20:00,3,17,telefono,3,0,1,82,0,0
R-00376,Viernes,22:00,5,4,app,2,1,1,6,1,0
R-00377,Miércoles,20:00,2,4,instagram,2,1,0,9,0,0
R-00378,Viernes,20:00,2,3,instagram,0,0,1,20,0,0
R-00379,Martes,22:00,10,12,web,0,0,1,17,0,0
R-00380,Jueves,20:00,2,12,web,1,0,1,29,0,0
R-00381,Domingo,20:00,4,51,app,5,1,1,53,0,0
R-00382,Jueves,20:00,3,1,app,1,0,1,31,0,0
R-00383,Jueves,20:00,6,1,app,1,0,1,20,0,0
R-00384,Sábado,22:00,4,18,web,3,1,1,10,0,1
R-00385,Domingo,20:00,3,18,app,3,0,1,22,0,0
R-00386,Jueves,22:00,2,3,instagram,1,0,1,53,0,0
R-00387,Viernes,22:00,6,5,telefono,0,0,1,22,0,1
R-00388,Sábado,22:00,2,40,web,3,1,0,9,0,0
R-00389,Sábado,20:00,5,7,app,3,1,0,14,0,0
R-00390,Sábado,20:00,4,49,app,1,0,1,39,1,0
R-00391,Miércoles,22:00,4,7,telefono,5,1,1,10,0,0
R-00392,Miércoles,20:00,12,3,web,3,0,1,18,0,0
R-00393,Sábado,22:00,4,0,telefono,1,0,1,15,0,0
R-00394,Sábado,20:00,4,20,instagram,0,0,1,40,0,0
R-00395,Domingo,20:00,4,3,web,1,0,1,15,0,0
R-00396,Sábado,20:00,2,11,telefono,2,1,1,8,0,0
R-00397,Viernes,20:00,3,8,app,0,0,1,30,0,0
R-00398,Miércoles,22:00,1,21,instagram,4,1,0,7,0,0
R-00399,Domingo,20:00,2,14,app,2,1,0,11,0,1
R-00400,Sábado,20:00,2,7,instagram,6,1,1,44,0,0
R-00401,Sábado,22:00,4,7,instagram,3,0,1,10,0,0
R-00402,Sábado,22:00,2,15,instagram,2,0,1,31,0,0
R-00403,Viernes,22:00,2,6,web,5,1,1,6,0,1
R-00404,Jueves,22:00,3,2,instagram,3,0,1,35,0,0
R-00405,Sábado,22:00,8,4,web,3,1,0,7,0,1
R-00406,Viernes,20:00,2,4,app,1,0,0,3,0,0
R-00407,Sábado,20:00,2,3,app,5,2,0,22,0,1
R-00408,Domingo,20:00,6,1,web,4,0,1,25,1,0
R-00409,Sábado,20:00,2,10,app,3,2,0,1,0,1
R-00410,Viernes,20:00,4,4,telefono,2,0,1,13,0,0
R-00411,Viernes,22:00,2,2,web,4,0,1,24,0,0
R-00412,Domingo,20:00,2,17,instagram,2,0,1,8,0,0
R-00413,Viernes,22:00,4,58,app,1,0,0,58,0,1
R-00414,Sábado,22:00,5,2,app,2,0,1,18,0,0
R-00415,Miércoles,22:00,2,1,app,1,0,1,48,1,0
R-00416,Viernes,22:00,3,8,instagram,5,1,1,28,0,0
R-00417,Viernes,20:00,2,1,telefono,4,0,1,18,0,0
R-00418,Sábado,22:00,6,14,instagram,2,1,0,7,1,0
R-00419,Domingo,22:00,2,3,app,1,0,1,31,0,0
R-00420,Miércoles,20:00,4,5,app,3,0,1,23,0,0
R-00421,Sábado,20:00,8,51,web,2,1,0,36,0,0
R-00422,Sábado,20:00,2,8,telefono,0,0,0,5,0,0
R-00423,Miércoles,20:00,5,0,instagram,0,0,1,12,0,0
R-00424,Sábado,20:00,3,1,app,5,2,1,20,1,0
R-00425,Viernes,20:00,6,12,app,1,0,1,15,0,1
R-00426,Domingo,20:00,6,2,app,3,0,1,11,0,0
R-00427,Miércoles,20:00,3,46,instagram,2,0,0,31,0,0
R-00428,Viernes,20:00,3,1,instagram,2,0,1,26,0,0
R-00429,Jueves,22:00,5,9,app,1,1,1,13,0,1
R-00430,Sábado,22:00,4,5,telefono,2,0,1,48,0,0
R-00431,Sábado,20:00,2,18,telefono,2,0,1,15,0,0
R-00432,Viernes,22:00,8,7,instagram,2,0,1,30,0,0
R-00433,Jueves,20:00,4,4,telefono,2,0,1,30,0,0
R-00434,Viernes,22:00,2,5,app,2,0,1,16,1,0
R-00435,Viernes,22:00,3,11,instagram,4,2,0,24,0,1
R-00436,Domingo,22:00,3,9,web,5,0,1,35,0,0
R-00437,Viernes,22:00,3,11,app,2,0,1,7,1,0
R-00438,Viernes,20:00,2,1,web,3,0,1,17,0,0
R-00439,Jueves,22:00,3,20,app,0,0,0,13,0,0
R-00440,Jueves,20:00,10,3,app,1,0,1,8,0,0
R-00441,Domingo,20:00,12,4,instagram,3,0,1,13,0,0
R-00442,Jueves,22:00,2,3,instagram,2,0,1,4,0,0
R-00443,Domingo,20:00,2,5,instagram,4,1,1,12,1,0
R-00444,Sábado,20:00,3,6,telefono,3,1,1,4,0,0
R-00445,Domingo,22:00,2,3,instagram,0,0,1,17,1,0
R-00446,Miércoles,20:00,2,0,app,3,0,1,47,0,0
R-00447,Domingo,22:00,3,2,app,5,0,1,13,0,0
R-00448,Sábado,22:00,3,4,app,2,0,0,13,0,0
R-00449,Viernes,22:00,2,52,instagram,4,0,1,64,0,0
R-00450,Sábado,22:00,4,26,telefono,2,1,0,24,0,1
R-00451,Sábado,22:00,3,21,instagram,2,0,1,3,0,0
R-00452,Viernes,22:00,8,5,instagram,0,0,0,12,0,1
R-00453,Sábado,22:00,6,9,telefono,1,1,1,6,1,0
R-00454,Jueves,20:00,4,5,instagram,2,0,1,39,1,0
R-00455,Martes,20:00,4,55,web,2,0,1,19,0,0
R-00456,Sábado,20:00,2,19,instagram,1,1,0,14,0,0
R-00457,Viernes,20:00,4,3,app,2,0,1,30,0,0
R-00458,Domingo,22:00,8,3,web,0,0,1,27,0,0
R-00459,Jueves,20:00,10,7,telefono,2,1,1,8,1,0
R-00460,Sábado,20:00,8,27,instagram,3,0,0,17,0,1
R-00461,Domingo,20:00,5,14,app,2,1,1,20,0,0
R-00462,Domingo,20:00,2,3,web,2,0,1,8,0,0
R-00463,Domingo,20:00,2,5,app,2,1,1,19,1,0
R-00464,Miércoles,20:00,2,11,app,2,0,0,25,0,1
R-00465,Miércoles,20:00,3,6,telefono,2,0,1,27,0,0
R-00466,Jueves,20:00,2,7,web,1,0,1,28,0,0
R-00467,Viernes,22:00,2,11,web,2,0,1,18,0,0
R-00468,Miércoles,20:00,10,1,app,1,0,1,17,1,0
R-00469,Miércoles,20:00,5,16,web,1,1,1,2,0,0
R-00470,Martes,20:00,4,18,web,4,0,1,5,0,0
R-00471,Domingo,20:00,2,1,app,1,0,1,23,0,0
R-00472,Viernes,22:00,4,19,web,7,1,1,16,0,0
R-00473,Sábado,22:00,3,27,app,0,0,1,34,0,0
R-00474,Viernes,22:00,8,11,web,2,0,1,27,1,0
R-00475,Sábado,22:00,4,2,instagram,2,0,1,31,0,0
R-00476,Sábado,20:00,2,2,app,0,0,1,32,0,0
R-00477,Viernes,22:00,2,49,instagram,1,1,0,12,0,1
R-00478,Viernes,22:00,2,10,app,3,1,0,11,1,0
R-00479,Miércoles,22:00,3,1,web,2,0,1,9,0,0
R-00480,Jueves,20:00,4,4,app,4,1,1,11,1,0
R-00481,Jueves,20:00,3,3,app,1,0,1,12,0,0
R-00482,Jueves,20:00,8,10,telefono,1,0,1,79,0,0
R-00483,Jueves,20:00,5,3,telefono,0,0,1,6,0,0
R-00484,Sábado,22:00,4,3,web,1,0,1,22,0,0
R-00485,Jueves,20:00,3,22,telefono,2,1,0,35,0,1
R-00486,Jueves,22:00,4,7,web,4,0,1,11,0,0
R-00487,Sábado,22:00,4,3,instagram,0,0,1,15,1,0
R-00488,Martes,20:00,5,26,app,1,1,0,20,0,0
R-00489,Martes,20:00,2,49,web,1,0,1,21,0,0
R-00490,Martes,20:00,3,14,app,2,0,1,20,0,1
R-00491,Domingo,20:00,2,2,telefono,1,1,1,26,0,0
R-00492,Sábado,22:00,2,3,instagram,1,0,1,31,0,0
R-00493,Sábado,22:00,2,0,app,2,1,1,23,0,1
R-00494,Domingo,20:00,2,1,instagram,4,1,1,6,0,0
R-00495,Jueves,22:00,2,4,instagram,0,0,0,8,0,0
R-00496,Domingo,20:00,3,6,app,1,0,1,28,0,0
R-00497,Jueves,20:00,3,17,instagram,0,0,1,39,0,0
R-00498,Viernes,22:00,5,0,telefono,1,0,1,21,0,1
R-00499,Sábado,22:00,2,3,telefono,1,0,1,13,0,0
R-00500,Sábado,22:00,4,7,telefono,2,0,1,19,0,1
R-00501,Jueves,20:00,6,7,instagram,3,0,0,13,0,0
R-00502,Viernes,22:00,3,0,instagram,4,1,0,11,0,1
R-00503,Martes,22:00,5,6,telefono,1,1,1,22,0,0
R-00504,Jueves,22:00,2,1,web,0,0,1,15,0,0
R-00505,Domingo,20:00,2,1,instagram,1,1,1,26,0,0
R-00506,Domingo,20:00,2,0,web,1,0,1,8,0,0
R-00507,Sábado,22:00,3,5,app,2,0,1,23,0,0
R-00508,Sábado,22:00,3,0,telefono,3,0,1,6,0,0
R-00509,Domingo,20:00,3,0,telefono,5,1,1,62,1,0
R-00510,Jueves,20:00,2,14,instagram,1,0,1,22,0,0
R-00511,Domingo,22:00,2,24,app,2,0,0,15,0,0
R-00512,Viernes,22:00,5,2,instagram,2,0,1,2,0,0
R-00513,Miércoles,20:00,8,6,instagram,4,1,1,41,0,0
R-00514,Viernes,22:00,2,14,web,0,0,0,24,0,0
R-00515,Sábado,22:00,5,14,telefono,0,0,1,52,0,0
R-00516,Sábado,22:00,3,1,instagram,2,0,1,38,0,0
R-00517,Sábado,22:00,5,60,app,0,0,0,6,0,1
R-00518,Martes,20:00,4,3,telefono,2,0,1,27,0,0
R-00519,Sábado,22:00,5,18,app,0,0,1,28,0,0
R-00520,Domingo,22:00,12,0,telefono,1,0,1,10,0,0
R-00521,Sábado,22:00,2,17,instagram,6,1,0,5,0,1
R-00522,Domingo,20:00,6,7,app,2,0,1,14,1,0
R-00523,Viernes,22:00,2,13,web,2,0,1,32,0,0
R-00524,Sábado,22:00,5,6,telefono,1,0,1,6,0,0
R-00525,Miércoles,20:00,2,6,instagram,1,0,1,5,0,0
R-00526,Domingo,20:00,2,0,instagram,1,0,1,40,1,0
R-00527,Viernes,22:00,3,2,instagram,1,0,1,22,0,0
R-00528,Domingo,22:00,2,2,app,0,0,1,11,0,0
R-00529,Jueves,20:00,5,1,app,2,0,1,22,0,0
R-00530,Sábado,20:00,2,2,app,3,2,0,19,0,1
R-00531,Sábado,20:00,2,1,web,4,0,1,10,0,0
R-00532,Sábado,20:00,4,8,instagram,1,0,1,12,0,1
R-00533,Sábado,20:00,5,4,app,0,0,1,43,0,1
R-00534,Domingo,22:00,10,18,telefono,5,0,1,100,0,0
R-00535,Martes,20:00,4,14,app,2,1,1,16,0,0
R-00536,Miércoles,20:00,2,12,instagram,4,0,1,7,0,0
R-00537,Viernes,22:00,2,4,telefono,1,0,1,5,0,0
R-00538,Domingo,20:00,4,50,telefono,3,2,1,5,1,0
R-00539,Sábado,20:00,2,4,app,6,0,1,19,0,0
R-00540,Jueves,20:00,6,0,instagram,1,0,1,13,0,0
R-00541,Miércoles,20:00,6,6,telefono,2,0,1,3,0,0
R-00542,Viernes,22:00,5,0,telefono,1,0,1,4,0,0
R-00543,Viernes,20:00,10,30,telefono,1,0,1,35,1,1
R-00544,Viernes,22:00,3,33,instagram,6,0,1,14,0,0
R-00545,Sábado,20:00,8,54,app,2,0,0,2,0,1
R-00546,Jueves,20:00,2,1,instagram,4,1,1,27,0,0
R-00547,Domingo,20:00,2,54,app,3,0,1,36,0,0
R-00548,Jueves,22:00,4,15,app,3,1,1,32,0,0
R-00549,Miércoles,20:00,6,4,web,4,0,1,22,0,0
R-00550,Jueves,20:00,1,16,instagram,2,0,1,43,0,0
R-00551,Domingo,20:00,6,1,instagram,2,0,1,50,0,0
R-00552,Miércoles,20:00,3,12,web,3,1,1,16,0,0
R-00553,Jueves,20:00,6,3,telefono,4,0,1,9,0,0
R-00554,Domingo,20:00,6,56,app,1,1,1,12,0,1
R-00555,Jueves,22:00,6,16,instagram,0,0,0,27,0,0
R-00556,Sábado,22:00,4,18,telefono,2,0,1,52,0,0
R-00557,Martes,22:00,2,1,app,2,0,1,6,0,0
R-00558,Domingo,22:00,2,14,web,1,0,1,51,1,0
R-00559,Jueves,20:00,3,1,web,2,0,1,13,0,0
R-00560,Miércoles,22:00,4,0,app,4,0,1,25,0,0
R-00561,Sábado,20:00,2,6,app,1,0,1,16,0,0
R-00562,Domingo,20:00,3,16,web,1,0,1,21,0,0
R-00563,Domingo,20:00,3,11,telefono,0,0,1,53,0,0
R-00564,Sábado,22:00,4,4,web,2,0,0,5,0,0
R-00565,Domingo,22:00,2,38,app,1,0,1,15,0,0
R-00566,Domingo,20:00,3,3,web,1,0,1,22,0,0
R-00567,Viernes,22:00,6,25,app,2,1,0,32,0,1
R-00568,Miércoles,20:00,2,16,telefono,2,0,1,11,0,0
R-00569,Sábado,22:00,3,54,web,2,0,0,50,0,1
R-00570,Viernes,22:00,5,4,app,1,0,1,58,0,1
R-00571,Jueves,22:00,4,14,web,2,0,1,50,0,0
R-00572,Viernes,22:00,3,0,instagram,0,0,0,4,0,0
R-00573,Martes,20:00,2,6,app,3,0,1,6,0,0
R-00574,Martes,20:00,6,10,telefono,3,0,1,19,1,0
R-00575,Jueves,22:00,8,7,instagram,2,0,1,38,0,0
R-00576,Sábado,20:00,5,57,instagram,0,0,0,7,0,1
R-00577,Sábado,22:00,5,45,app,4,1,0,20,0,1
R-00578,Domingo,20:00,6,6,web,1,0,1,29,0,0
R-00579,Sábado,22:00,6,4,telefono,0,0,1,14,0,0
R-00580,Domingo,20:00,3,0,app,3,0,1,14,0,1
R-00581,Sábado,20:00,3,9,instagram,0,0,1,29,0,0
R-00582,Sábado,22:00,3,58,instagram,2,0,0,26,1,0
R-00583,Sábado,20:00,2,16,instagram,1,0,1,22,0,0
R-00584,Martes,20:00,2,7,app,3,0,0,30,0,0
R-00585,Martes,22:00,4,15,instagram,1,0,1,34,0,0
R-00586,Sábado,20:00,5,7,instagram,2,1,1,17,1,0
R-00587,Jueves,22:00,4,58,web,2,0,1,12,0,0
R-00588,Sábado,20:00,4,45,instagram,2,0,1,47,0,1
R-00589,Viernes,22:00,2,2,app,0,0,1,25,0,1
R-00590,Martes,22:00,3,1,web,2,0,1,4,0,0
R-00591,Viernes,20:00,8,0,app,2,0,1,14,0,1
R-00592,Viernes,22:00,8,16,app,3,0,0,39,0,1
R-00593,Martes,20:00,2,15,instagram,0,0,1,14,0,0
R-00594,Jueves,20:00,3,13,instagram,2,0,1,16,0,0
R-00595,Jueves,20:00,2,1,telefono,3,0,1,44,0,0
R-00596,Jueves,20:00,3,15,app,1,0,1,6,0,0
R-00597,Sábado,20:00,3,9,instagram,2,1,1,12,0,0
R-00598,Miércoles,20:00,2,21,web,1,0,1,13,1,0
R-00599,Viernes,20:00,6,0,app,1,0,1,57,0,1
R-00600,Sábado,22:00,2,2,web,1,0,1,28,0,0
R-00601,Domingo,22:00,3,6,web,3,1,1,25,0,0
R-00602,Miércoles,20:00,2,11,web,5,1,1,96,0,0
R-00603,Martes,22:00,3,10,instagram,2,0,1,42,0,0
R-00604,Miércoles,20:00,5,5,web,4,0,1,65,0,0
R-00605,Jueves,20:00,2,35,instagram,1,0,0,54,0,0
R-00606,Miércoles,22:00,4,11,web,3,0,1,14,1,0
R-00607,Martes,22:00,4,4,web,1,0,1,26,0,0
R-00608,Jueves,20:00,4,54,app,1,0,1,11,0,0
R-00609,Jueves,20:00,4,2,app,2,0,1,9,0,0
R-00610,Viernes,22:00,4,13,app,1,1,0,23,0,1
R-00611,Sábado,20:00,2,20,telefono,1,0,1,24,0,0
R-00612,Viernes,22:00,2,2,web,0,0,1,19,0,0
R-00613,Miércoles,20:00,5,2,web,3,0,1,25,0,0
R-00614,Miércoles,20:00,2,6,app,1,0,1,6,0,0
R-00615,Jueves,20:00,6,42,telefono,1,0,1,9,1,1
R-00616,Miércoles,22:00,6,1,app,2,0,1,15,0,1
R-00617,Viernes,20:00,4,23,telefono,2,0,1,20,1,0
R-00618,Domingo,20:00,2,21,telefono,3,1,1,43,0,0
R-00619,Sábado,20:00,3,18,app,5,1,1,35,0,0
R-00620,Jueves,20:00,4,2,instagram,0,0,1,18,0,0
R-00621,Martes,22:00,4,5,telefono,2,0,1,32,0,0
R-00622,Martes,20:00,8,39,web,3,1,0,32,0,1
R-00623,Viernes,20:00,3,18,web,4,1,1,17,0,0
R-00624,Viernes,20:00,2,55,instagram,0,0,0,3,0,0
R-00625,Sábado,22:00,2,11,web,3,1,1,14,0,0
R-00626,Martes,20:00,8,20,web,1,0,1,23,0,0
R-00627,Jueves,20:00,2,11,instagram,2,0,1,43,0,0
R-00628,Sábado,22:00,2,5,instagram,3,1,0,9,1,0
R-00629,Viernes,20:00,2,7,instagram,3,1,1,18,0,1
R-00630,Viernes,22:00,4,13,app,3,0,0,5,0,1
R-00631,Domingo,22:00,3,12,instagram,5,0,1,11,0,0
R-00632,Miércoles,22:00,6,33,instagram,0,0,0,22,0,0
R-00633,Miércoles,20:00,4,0,app,2,1,0,13,0,0
R-00634,Viernes,20:00,4,2,app,3,1,0,38,0,0
R-00635,Viernes,22:00,4,46,instagram,0,0,0,24,0,0
R-00636,Domingo,20:00,3,4,web,1,0,1,6,0,0
R-00637,Domingo,20:00,2,1,telefono,4,0,1,50,0,0
R-00638,Sábado,20:00,1,10,instagram,5,0,1,28,0,0
R-00639,Sábado,22:00,3,7,app,2,0,0,12,0,0
R-00640,Sábado,20:00,1,2,web,3,0,1,27,0,0
R-00641,Miércoles,20:00,2,52,app,1,0,1,3,0,0
R-00642,Sábado,20:00,3,4,web,0,0,1,34,0,0
R-00643,Jueves,20:00,4,22,web,1,0,1,10,1,0
R-00644,Viernes,22:00,3,46,telefono,3,0,1,9,0,1
R-00645,Miércoles,20:00,2,0,app,3,0,1,18,1,0
R-00646,Martes,20:00,5,7,web,4,0,0,23,0,0
R-00647,Domingo,22:00,2,3,instagram,0,0,0,16,0,0
R-00648,Sábado,20:00,3,9,telefono,2,1,1,41,0,0
R-00649,Sábado,22:00,2,40,app,5,0,0,37,0,0
R-00650,Jueves,22:00,2,2,instagram,4,0,1,50,0,0
R-00651,Viernes,22:00,5,2,app,0,0,1,13,0,0
R-00652,Miércoles,22:00,3,31,app,1,0,1,40,0,0
R-00653,Sábado,22:00,4,15,instagram,2,0,0,54,0,1
R-00654,Sábado,22:00,6,5,instagram,1,0,1,13,0,1
R-00655,Sábado,22:00,6,46,app,1,1,0,14,0,1
R-00656,Domingo,20:00,4,19,app,3,2,1,13,1,1
R-00657,Jueves,20:00,8,1,instagram,4,2,1,5,0,1
R-00658,Sábado,22:00,4,6,telefono,5,0,1,32,0,0
R-00659,Miércoles,22:00,6,20,app,0,0,0,68,0,1
R-00660,Viernes,20:00,3,7,instagram,2,0,1,29,0,1
R-00661,Miércoles,20:00,2,10,instagram,1,0,1,10,1,0
R-00662,Viernes,22:00,3,0,instagram,1,0,1,50,0,0
R-00663,Viernes,22:00,2,12,app,3,0,0,4,0,1
R-00664,Jueves,20:00,3,1,telefono,3,0,1,5,0,0
R-00665,Jueves,20:00,2,7,instagram,6,0,1,31,0,0
R-00666,Sábado,20:00,3,15,web,2,0,1,11,0,0
R-00667,Viernes,22:00,2,5,web,3,0,1,72,0,1
R-00668,Viernes,22:00,3,2,web,3,1,1,29,0,0
R-00669,Miércoles,22:00,4,11,app,6,1,1,23,0,1
R-00670,Jueves,20:00,10,20,telefono,2,0,1,2,0,0
R-00671,Sábado,22:00,12,2,web,2,2,0,10,0,0
R-00672,Domingo,20:00,4,3,app,4,2,1,14,0,0
R-00673,Viernes,20:00,3,12,web,3,1,1,28,0,0
R-00674,Domingo,20:00,5,5,app,2,0,1,9,0,0
R-00675,Domingo,22:00,8,0,instagram,4,0,1,29,0,1
R-00676,Jueves,22:00,4,0,telefono,0,0,1,8,1,0
R-00677,Jueves,20:00,2,6,web,8,0,1,37,0,0
R-00678,Sábado,20:00,4,17,telefono,0,0,1,18,0,0
R-00679,Jueves,22:00,3,2,app,4,1,1,10,0,0
R-00680,Domingo,22:00,8,0,telefono,3,0,1,48,0,0
R-00681,Viernes,22:00,4,20,telefono,1,0,1,16,0,0
R-00682,Sábado,22:00,10,11,app,2,0,0,34,0,1
R-00683,Sábado,20:00,2,14,app,4,0,1,13,0,0
R-00684,Jueves,20:00,4,16,web,3,2,0,12,0,1
R-00685,Domingo,20:00,2,19,web,2,1,0,11,0,1
R-00686,Jueves,20:00,3,1,telefono,0,0,1,17,0,0
R-00687,Miércoles,22:00,6,0,telefono,0,0,1,28,0,0
R-00688,Martes,22:00,12,6,web,3,0,1,23,0,1
R-00689,Viernes,20:00,2,0,app,2,0,1,14,0,0
R-00690,Sábado,22:00,6,7,web,2,0,1,20,0,0
R-00691,Jueves,20:00,2,48,telefono,4,0,1,72,0,0
R-00692,Sábado,22:00,2,2,instagram,3,0,1,16,1,0
R-00693,Jueves,20:00,2,18,app,2,2,0,46,0,1
R-00694,Sábado,20:00,10,9,instagram,1,0,1,16,0,0
R-00695,Martes,20:00,2,57,instagram,3,0,1,24,0,0
R-00696,Jueves,20:00,5,18,telefono,5,1,1,36,0,0
R-00697,Miércoles,20:00,4,16,telefono,2,0,0,40,0,0
R-00698,Viernes,22:00,5,13,web,0,0,1,19,0,1
R-00699,Viernes,22:00,2,20,app,2,0,1,25,0,0
R-00700,Viernes,20:00,3,3,app,3,0,1,10,0,0
R-00701,Domingo,22:00,4,54,app,1,1,0,8,0,0
R-00702,Sábado,22:00,2,3,telefono,3,0,1,17,0,0
R-00703,Sábado,22:00,4,1,web,1,0,1,5,0,0
R-00704,Viernes,22:00,2,31,telefono,0,0,1,23,1,0
R-00705,Sábado,20:00,2,10,app,1,0,1,37,0,0
R-00706,Viernes,22:00,4,1,instagram,2,1,0,15,0,0
R-00707,Sábado,20:00,2,19,telefono,3,0,1,93,0,0
R-00708,Domingo,20:00,6,4,app,2,0,1,27,0,0
R-00709,Sábado,22:00,4,13,instagram,1,0,0,8,0,0
R-00710,Viernes,20:00,6,35,web,3,0,1,10,0,0
R-00711,Jueves,20:00,6,3,app,2,0,0,27,0,1
R-00712,Domingo,22:00,4,9,app,3,0,1,2,0,0
R-00713,Sábado,20:00,10,22,app,3,1,0,5,1,1
R-00714,Sábado,22:00,2,56,app,2,0,1,42,0,0
R-00715,Jueves,20:00,4,47,instagram,3,2,0,8,1,1
R-00716,Viernes,22:00,2,4,app,2,1,0,18,0,0
R-00717,Domingo,20:00,4,5,app,6,2,1,28,1,0
R-00718,Jueves,20:00,6,1,web,3,1,1,47,1,0
R-00719,Sábado,20:00,6,0,web,1,0,1,6,0,0
R-00720,Viernes,22:00,4,21,telefono,2,0,1,4,0,0
R-00721,Jueves,20:00,8,7,app,2,0,1,24,0,0
R-00722,Viernes,20:00,3,54,web,1,0,1,16,0,0
R-00723,Martes,20:00,3,43,web,4,0,1,3,0,0
R-00724,Sábado,22:00,5,3,app,3,0,0,20,0,0
R-00725,Sábado,22:00,8,15,telefono,2,1,0,2,0,1
R-00726,Martes,20:00,2,5,instagram,1,0,1,4,0,0
R-00727,Jueves,22:00,4,55,app,2,0,1,60,0,1
R-00728,Sábado,22:00,3,23,app,2,1,0,36,0,0
R-00729,Jueves,20:00,2,12,app,0,0,1,13,0,1
R-00730,Viernes,20:00,2,19,web,2,1,1,3,0,0
R-00731,Sábado,20:00,6,4,instagram,2,1,1,10,0,1
R-00732,Viernes,22:00,8,59,web,0,0,0,24,0,1
R-00733,Miércoles,22:00,4,5,web,1,0,1,48,0,0
R-00734,Domingo,22:00,2,24,app,7,1,0,23,0,1
R-00735,Sábado,20:00,10,1,instagram,3,0,1,27,0,0
R-00736,Viernes,22:00,3,38,telefono,4,0,1,5,1,0
R-00737,Jueves,22:00,2,4,telefono,1,0,1,17,0,0
R-00738,Sábado,22:00,5,4,app,2,0,1,10,1,0
R-00739,Viernes,20:00,4,9,telefono,5,0,1,34,0,0
R-00740,Miércoles,20:00,4,8,telefono,3,1,1,9,0,0
R-00741,Miércoles,22:00,3,19,instagram,1,1,0,27,0,1
R-00742,Martes,20:00,2,0,app,1,1,1,51,0,0
R-00743,Miércoles,20:00,2,4,app,1,0,1,29,0,0
R-00744,Jueves,20:00,4,2,app,1,0,1,9,0,0
R-00745,Sábado,22:00,2,5,app,2,0,1,20,1,0
R-00746,Sábado,22:00,5,12,web,2,0,0,21,0,0
R-00747,Sábado,20:00,8,60,web,3,0,0,5,0,0
R-00748,Sábado,20:00,6,13,app,1,0,1,7,0,0
R-00749,Miércoles,20:00,2,9,web,2,1,0,38,0,0
R-00750,Viernes,20:00,4,3,telefono,1,0,1,34,0,0
R-00751,Martes,20:00,2,6,telefono,1,0,1,1,1,0
R-00752,Viernes,22:00,2,10,instagram,4,2,1,4,0,1
R-00753,Martes,20:00,2,24,telefono,1,0,1,26,0,0
R-00754,Martes,22:00,4,2,instagram,3,0,1,41,1,0
R-00755,Miércoles,20:00,2,21,instagram,1,0,1,18,0,0
R-00756,Viernes,20:00,2,25,web,2,0,1,1,1,0
R-00757,Sábado,22:00,8,41,web,6,1,0,16,0,1
R-00758,Jueves,20:00,1,0,instagram,1,1,1,21,0,0
R-00759,Sábado,22:00,2,4,web,2,0,1,30,0,0
R-00760,Jueves,20:00,3,0,instagram,1,0,1,38,1,0
R-00761,Jueves,20:00,2,6,web,4,1,1,17,0,0
R-00762,Viernes,22:00,2,6,app,2,0,1,22,0,0
R-00763,Martes,20:00,4,12,app,0,0,0,7,0,0
R-00764,Viernes,22:00,2,5,app,2,1,0,33,1,0
R-00765,Sábado,20:00,4,29,instagram,4,0,1,32,0,0
R-00766,Sábado,22:00,8,1,telefono,2,1,1,1,0,0
R-00767,Martes,22:00,2,6,app,1,0,1,11,0,0
R-00768,Sábado,22:00,4,47,instagram,1,0,1,2,0,0
R-00769,Viernes,22:00,1,18,app,2,0,1,19,0,0
R-00770,Sábado,22:00,3,20,telefono,0,0,1,9,0,1
R-00771,Martes,20:00,4,21,app,2,0,0,4,0,0
R-00772,Domingo,20:00,8,2,instagram,0,0,0,1,0,1
R-00773,Jueves,20:00,3,0,app,0,0,1,18,0,0
R-00774,Viernes,20:00,4,1,instagram,3,0,1,16,0,0
R-00775,Viernes,22:00,3,7,telefono,2,1,1,29,0,0
R-00776,Domingo,20:00,2,5,instagram,2,0,1,33,0,0
R-00777,Sábado,20:00,2,13,app,1,1,1,8,0,1
R-00778,Domingo,20:00,4,19,app,3,0,1,30,0,0
R-00779,Jueves,22:00,6,2,app,1,0,1,33,0,0
R-00780,Sábado,22:00,2,8,telefono,3,0,1,3,0,0
R-00781,Sábado,20:00,5,21,app,0,0,0,26,0,0
R-00782,Viernes,20:00,4,6,web,1,1,1,55,0,0
R-00783,Sábado,22:00,2,3,instagram,2,1,0,2,0,1
R-00784,Viernes,22:00,4,5,web,2,0,1,34,1,0
R-00785,Jueves,20:00,2,6,instagram,4,0,0,22,0,0
R-00786,Sábado,20:00,2,5,instagram,2,0,0,22,0,0
R-00787,Martes,22:00,3,17,telefono,2,0,1,2,0,0
R-00788,Viernes,20:00,4,1,web,0,0,1,50,0,0
R-00789,Viernes,22:00,2,5,web,3,0,0,39,0,0
R-00790,Jueves,22:00,2,12,app,3,1,1,38,0,0
R-00791,Viernes,22:00,8,19,app,2,0,0,81,0,1
R-00792,Sábado,22:00,4,60,app,1,0,1,24,0,0
R-00793,Miércoles,20:00,6,7,app,0,0,1,32,0,1
R-00794,Jueves,22:00,12,5,web,0,0,1,9,0,0
R-00795,Martes,20:00,2,16,web,0,0,1,3,0,0
R-00796,Sábado,20:00,3,55,web,2,0,1,8,0,0
R-00797,Martes,20:00,10,0,web,3,1,1,16,0,0
R-00798,Jueves,20:00,1,1,instagram,2,0,1,44,0,0
R-00799,Viernes,22:00,10,54,telefono,2,1,1,4,0,1
R-00800,Viernes,20:00,12,19,web,3,0,1,53,0,0
R-00801,Martes,20:00,5,18,instagram,4,2,0,29,0,1
R-00802,Domingo,22:00,3,14,web,1,0,1,48,0,0
R-00803,Jueves,20:00,4,4,instagram,2,1,1,7,0,0
R-00804,Sábado,20:00,1,2,instagram,2,0,1,6,0,0
R-00805,Jueves,20:00,3,7,app,5,0,1,22,0,0
R-00806,Sábado,22:00,2,12,app,3,0,1,21,0,0
R-00807,Viernes,22:00,3,12,app,2,0,0,24,0,1
R-00808,Jueves,20:00,4,7,web,1,0,1,15,0,0
R-00809,Viernes,20:00,1,12,app,2,0,1,31,0,0
R-00810,Sábado,22:00,6,4,instagram,0,0,0,3,0,1
R-00811,Sábado,22:00,2,6,instagram,2,0,1,24,1,0
R-00812,Sábado,20:00,2,0,telefono,3,1,1,7,0,0
R-00813,Jueves,20:00,3,3,telefono,4,1,1,10,0,0
R-00814,Miércoles,22:00,2,6,app,3,1,1,22,0,1
R-00815,Jueves,20:00,5,7,app,4,1,1,5,0,0
R-00816,Jueves,22:00,4,40,app,2,1,1,31,0,0
R-00817,Sábado,22:00,4,54,app,5,1,0,47,0,0
R-00818,Viernes,20:00,3,5,app,1,1,0,7,0,1
R-00819,Jueves,22:00,4,16,app,0,0,1,13,0,0
R-00820,Miércoles,20:00,3,2,app,3,1,1,16,1,0
R-00821,Sábado,20:00,4,4,web,3,1,1,2,0,1
R-00822,Miércoles,20:00,6,3,telefono,1,0,1,21,0,0
R-00823,Viernes,20:00,5,49,app,2,1,0,20,0,0
R-00824,Sábado,22:00,3,28,instagram,1,0,0,19,0,1
R-00825,Sábado,22:00,6,33,app,2,1,0,24,0,1
R-00826,Miércoles,22:00,2,52,telefono,1,0,1,39,0,0
R-00827,Viernes,22:00,4,52,web,3,0,1,29,0,0
R-00828,Domingo,20:00,5,4,app,3,0,1,14,0,0
R-00829,Miércoles,22:00,3,6,telefono,2,0,1,24,0,0
R-00830,Sábado,20:00,6,6,instagram,5,0,1,22,0,0
R-00831,Viernes,22:00,10,7,telefono,2,0,1,54,0,0
R-00832,Sábado,20:00,2,4,app,2,0,1,45,0,0
R-00833,Viernes,22:00,2,1,web,2,1,1,12,0,0
R-00834,Miércoles,22:00,2,6,telefono,1,0,1,4,0,0
R-00835,Viernes,20:00,1,29,web,3,0,1,3,1,0
R-00836,Martes,20:00,10,17,instagram,3,0,1,32,0,0
R-00837,Domingo,20:00,2,21,instagram,2,0,1,17,0,0
R-00838,Sábado,22:00,2,0,app,3,1,0,13,0,0
R-00839,Viernes,20:00,4,40,instagram,2,1,0,13,0,1
R-00840,Viernes,22:00,8,21,app,2,1,0,35,1,1
R-00841,Viernes,20:00,6,26,telefono,1,0,0,23,0,1
R-00842,Domingo,22:00,6,0,web,1,0,1,28,0,1
R-00843,Martes,20:00,2,1,telefono,1,0,1,13,0,0
R-00844,Jueves,22:00,2,11,instagram,5,1,0,12,0,1
R-00845,Viernes,20:00,2,1,instagram,3,1,0,12,0,0
R-00846,Sábado,22:00,4,3,telefono,2,0,1,19,1,0
R-00847,Sábado,22:00,3,4,instagram,3,0,1,29,0,0
R-00848,Viernes,22:00,4,12,instagram,1,1,0,35,0,1
R-00849,Martes,22:00,2,2,web,1,0,1,38,1,0
R-00850,Sábado,20:00,5,8,instagram,1,0,1,43,0,0
R-00851,Viernes,20:00,2,7,app,2,1,0,47,0,1
R-00852,Miércoles,20:00,10,15,telefono,0,0,1,5,0,0
R-00853,Sábado,22:00,2,14,app,3,0,1,23,0,0
R-00854,Viernes,22:00,3,3,instagram,2,1,1,26,1,1
R-00855,Jueves,22:00,6,11,instagram,0,0,0,13,0,0
R-00856,Jueves,20:00,4,0,app,0,0,1,37,0,0
R-00857,Viernes,20:00,2,11,web,2,0,1,36,1,0
R-00858,Jueves,20:00,8,8,app,2,0,1,10,0,0
R-00859,Viernes,22:00,5,3,web,1,0,1,18,0,0
R-00860,Domingo,20:00,5,0,app,1,0,1,64,1,0
R-00861,Viernes,20:00,4,6,app,2,0,1,17,1,0
R-00862,Jueves,22:00,2,5,instagram,5,0,1,3,1,0
R-00863,Viernes,22:00,4,15,instagram,1,1,0,23,0,1
R-00864,Domingo,22:00,2,11,app,2,0,1,36,0,0
R-00865,Domingo,20:00,6,33,instagram,1,0,1,12,0,1
R-00866,Sábado,22:00,2,3,telefono,5,1,1,4,1,0
R-00867,Domingo,22:00,4,7,instagram,1,0,1,60,0,0
R-00868,Sábado,20:00,4,36,app,3,1,1,4,0,0
R-00869,Sábado,22:00,2,18,app,2,0,0,3,1,0
R-00870,Viernes,20:00,4,6,app,2,1,0,36,0,1
R-00871,Miércoles,20:00,10,2,app,1,0,1,12,0,0
R-00872,Sábado,20:00,2,15,app,5,0,1,18,0,0
R-00873,Sábado,20:00,4,11,web,3,0,1,8,0,0
R-00874,Domingo,20:00,4,5,app,0,0,0,63,0,0
R-00875,Jueves,20:00,6,7,telefono,5,0,1,20,0,0
R-00876,Domingo,20:00,2,4,instagram,3,0,1,30,0,0
R-00877,Jueves,20:00,6,7,instagram,4,1,1,24,0,1
R-00878,Domingo,22:00,5,4,instagram,3,1,0,18,0,0
R-00879,Domingo,22:00,2,4,app,1,0,0,9,0,1
R-00880,Martes,20:00,5,2,app,0,0,1,35,1,0
R-00881,Jueves,20:00,3,0,instagram,2,0,1,37,0,0
R-00882,Domingo,20:00,2,60,app,3,0,1,19,0,0
R-00883,Domingo,20:00,2,56,web,4,1,1,10,0,1
R-00884,Sábado,20:00,2,7,app,4,0,1,41,0,0
R-00885,Miércoles,20:00,5,1,instagram,0,0,1,12,0,0
R-00886,Martes,22:00,2,21,telefono,0,0,1,47,0,0
R-00887,Jueves,20:00,4,0,telefono,1,0,1,100,0,0
R-00888,Domingo,22:00,5,32,web,1,0,1,14,0,0
R-00889,Sábado,22:00,4,28,app,1,0,0,12,1,1
R-00890,Viernes,22:00,6,7,instagram,1,0,0,7,0,1
R-00891,Sábado,20:00,4,6,app,3,0,1,6,0,0
R-00892,Domingo,20:00,4,10,app,4,0,1,32,0,0
R-00893,Jueves,20:00,10,33,web,4,0,1,33,0,0
R-00894,Domingo,20:00,4,1,web,3,0,1,33,0,0
R-00895,Jueves,20:00,2,20,web,1,0,1,40,0,1
R-00896,Jueves,20:00,2,3,instagram,0,0,1,22,0,0
R-00897,Martes,20:00,6,17,app,3,1,0,15,0,1
R-00898,Miércoles,22:00,6,5,telefono,4,0,1,40,0,0
R-00899,Viernes,22:00,3,43,app,1,0,0,45,0,0
R-00900,Martes,20:00,3,42,web,2,0,1,51,0,0
R-00901,Viernes,20:00,2,1,web,2,0,1,9,1,0
R-00902,Miércoles,20:00,6,2,app,1,0,1,1,1,0
R-00903,Sábado,20:00,10,17,instagram,4,1,0,28,0,0
R-00904,Miércoles,20:00,8,3,telefono,2,0,1,6,0,1
R-00905,Jueves,20:00,3,12,telefono,0,0,1,10,0,0
R-00906,Jueves,22:00,6,13,instagram,1,0,0,32,0,1
R-00907,Sábado,22:00,2,13,web,3,1,1,18,1,0
R-00908,Sábado,22:00,2,5,app,3,2,0,18,0,1
R-00909,Sábado,22:00,4,44,web,2,1,1,31,0,0
R-00910,Sábado,22:00,2,38,telefono,0,0,0,12,0,0
R-00911,Sábado,22:00,3,10,app,4,2,0,8,0,1
R-00912,Viernes,22:00,2,16,telefono,2,0,1,41,0,0
R-00913,Jueves,20:00,2,0,app,4,0,1,6,1,0
R-00914,Miércoles,20:00,3,0,web,1,0,1,16,0,0
R-00915,Domingo,22:00,4,17,telefono,2,0,1,45,0,0
R-00916,Viernes,22:00,4,9,telefono,0,0,1,7,0,0
R-00917,Sábado,20:00,5,4,telefono,4,0,1,41,0,0
R-00918,Martes,22:00,3,8,web,4,0,1,15,1,0
R-00919,Viernes,22:00,3,7,instagram,1,0,1,14,1,0
R-00920,Miércoles,20:00,2,57,web,5,1,1,16,0,0
R-00921,Viernes,22:00,2,2,instagram,5,0,1,26,0,0
R-00922,Sábado,20:00,3,4,instagram,3,0,1,8,0,0
R-00923,Jueves,20:00,4,38,instagram,2,0,1,23,0,1
R-00924,Sábado,22:00,12,7,app,1,0,1,9,0,0
R-00925,Miércoles,20:00,5,12,instagram,1,0,1,37,0,0
R-00926,Viernes,22:00,5,4,instagram,2,0,1,56,0,0
R-00927,Viernes,22:00,6,8,instagram,2,1,0,28,0,1
R-00928,Viernes,20:00,8,4,web,2,0,1,21,0,0
R-00929,Jueves,20:00,8,7,instagram,2,0,0,60,0,0
R-00930,Sábado,20:00,2,12,web,1,0,1,3,0,0
R-00931,Domingo,22:00,2,18,app,1,0,0,18,0,0
R-00932,Sábado,22:00,2,16,app,3,0,0,13,0,0
R-00933,Martes,20:00,5,7,app,1,0,1,3,0,0
R-00934,Viernes,22:00,3,19,instagram,1,0,1,6,0,0
R-00935,Jueves,22:00,8,1,web,1,0,1,16,0,0
R-00936,Sábado,20:00,4,5,instagram,0,0,1,12,1,0
R-00937,Martes,22:00,1,3,telefono,5,2,1,14,0,0
R-00938,Sábado,20:00,2,10,app,3,0,1,6,0,0
R-00939,Viernes,20:00,3,15,app,0,0,1,22,0,0
R-00940,Domingo,22:00,2,0,web,3,1,0,6,1,0
R-00941,Martes,20:00,4,10,web,2,0,1,24,0,0
R-00942,Viernes,22:00,2,1,app,3,0,1,4,0,0
R-00943,Viernes,22:00,2,3,web,1,0,1,6,0,0
R-00944,Sábado,20:00,1,21,telefono,1,0,1,9,0,0
R-00945,Sábado,22:00,2,30,web,3,0,1,12,0,0
R-00946,Miércoles,20:00,4,48,instagram,5,0,1,26,0,0
R-00947,Jueves,20:00,4,5,telefono,1,0,1,10,1,0
R-00948,Sábado,20:00,8,21,app,2,0,1,7,1,1
R-00949,Viernes,22:00,2,7,app,2,0,1,31,0,0
R-00950,Jueves,20:00,2,5,telefono,2,0,1,11,0,0
R-00951,Domingo,22:00,2,3,telefono,5,0,1,20,0,0
R-00952,Sábado,20:00,2,14,app,2,0,1,6,1,0
R-00953,Viernes,20:00,2,21,app,3,0,1,43,0,0
R-00954,Viernes,20:00,3,0,instagram,0,0,1,40,1,0
R-00955,Domingo,20:00,2,7,instagram,3,0,1,14,0,0
R-00956,Jueves,20:00,2,6,telefono,1,0,1,35,0,0
R-00957,Domingo,20:00,3,3,app,4,0,1,16,0,0
R-00958,Domingo,20:00,2,13,app,1,1,1,46,1,1
R-00959,Sábado,20:00,6,5,app,3,1,0,22,1,0
R-00960,Sábado,22:00,4,6,instagram,2,0,1,29,0,0
R-00961,Sábado,22:00,4,59,telefono,1,0,1,28,0,0
R-00962,Viernes,22:00,3,0,web,4,0,1,38,1,0
R-00963,Sábado,22:00,4,39,app,2,0,1,17,1,0
R-00964,Miércoles,20:00,12,2,app,5,0,1,11,0,0
R-00965,Viernes,22:00,3,19,web,1,0,1,33,0,0
R-00966,Sábado,20:00,4,5,app,4,0,1,22,0,0
R-00967,Viernes,22:00,2,13,telefono,2,0,0,13,0,0
R-00968,Sábado,22:00,3,16,app,2,0,1,28,0,0
R-00969,Viernes,20:00,2,20,telefono,4,2,0,1,0,1
R-00970,Sábado,22:00,6,35,telefono,2,0,1,12,0,1
R-00971,Sábado,22:00,4,17,telefono,2,0,1,16,0,0
R-00972,Martes,22:00,5,12,instagram,2,0,1,23,0,0
R-00973,Sábado,22:00,5,10,instagram,2,0,1,22,0,0
R-00974,Jueves,22:00,2,3,app,1,0,1,33,0,0
R-00975,Martes,22:00,4,6,instagram,2,0,1,7,0,0
R-00976,Miércoles,22:00,2,12,web,1,1,0,74,1,0
R-00977,Jueves,20:00,4,5,instagram,2,0,0,20,0,0
R-00978,Viernes,20:00,2,0,instagram,1,0,1,26,0,0
R-00979,Jueves,22:00,2,17,instagram,1,0,1,8,0,0
R-00980,Jueves,20:00,2,0,app,0,0,1,1,0,0
R-00981,Sábado,22:00,4,5,app,3,0,1,32,1,0
R-00982,Viernes,22:00,2,30,instagram,1,0,1,5,1,1
R-00983,Domingo,22:00,3,38,telefono,2,0,1,21,0,0
R-00984,Jueves,22:00,3,22,instagram,1,1,0,5,0,1
R-00985,Sábado,22:00,10,6,telefono,1,0,1,24,0,0
R-00986,Viernes,20:00,5,59,telefono,2,0,1,57,0,0
R-00987,Sábado,22:00,4,44,instagram,1,0,1,29,1,0
R-00988,Sábado,22:00,5,5,app,3,1,0,58,1,1
R-00989,Sábado,22:00,1,3,app,0,0,1,36,0,0
R-00990,Miércoles,20:00,3,6,app,2,0,1,8,0,0
R-00991,Sábado,22:00,2,2,app,1,0,1,74,0,0
R-00992,Viernes,22:00,4,18,app,2,0,1,40,0,0
R-00993,Sábado,20:00,2,1,web,1,1,1,21,0,0
R-00994,Sábado,22:00,8,6,telefono,3,1,1,30,1,0
R-00995,Miércoles,20:00,2,5,instagram,5,0,1,27,0,0
R-00996,Martes,22:00,6,55,instagram,2,0,0,18,0,0
R-00997,Sábado,22:00,6,2,app,2,0,0,42,0,0
R-00998,Domingo,20:00,3,11,app,1,0,1,31,0,1
R-00999,Domingo,20:00,1,34,app,2,0,1,25,0,1
R-01000,Viernes,22:00,2,43,instagram,5,0,0,19,0,1
R-01001,Sábado,22:00,3,6,instagram,0,0,0,23,0,0
R-01002,Martes,20:00,5,1,web,0,0,1,8,0,0
R-01003,Martes,20:00,3,2,web,4,1,0,24,0,0
R-01004,Sábado,22:00,8,10,instagram,2,1,0,3,0,1
R-01005,Viernes,20:00,6,3,app,1,0,0,6,1,0
R-01006,Sábado,20:00,2,20,telefono,2,0,1,15,1,0
R-01007,Jueves,22:00,10,23,instagram,3,0,1,17,0,1
R-01008,Viernes,22:00,4,21,app,2,0,1,34,0,0
R-01009,Domingo,22:00,2,44,app,4,2,1,13,0,1
R-01010,Jueves,22:00,2,9,app,2,0,1,16,0,0
R-01011,Viernes,20:00,3,7,telefono,1,1,1,12,0,0
R-01012,Sábado,22:00,3,3,web,1,1,1,52,0,0
R-01013,Domingo,22:00,2,22,web,2,0,1,56,0,0
R-01014,Miércoles,20:00,6,1,instagram,6,0,1,15,0,0
R-01015,Sábado,22:00,2,7,web,0,0,1,5,0,0
R-01016,Viernes,22:00,5,3,instagram,0,0,1,38,0,0
R-01017,Viernes,22:00,2,18,telefono,5,1,1,3,0,0
R-01018,Jueves,20:00,3,37,instagram,4,0,1,20,0,0
R-01019,Viernes,20:00,3,19,web,2,0,1,12,0,1
R-01020,Sábado,20:00,5,0,app,2,1,0,28,0,0
R-01021,Viernes,22:00,3,1,app,3,0,1,27,1,0
R-01022,Viernes,20:00,2,3,web,2,0,1,14,1,0
R-01023,Sábado,22:00,6,1,telefono,1,0,1,12,0,0
R-01024,Domingo,20:00,4,1,instagram,4,0,1,25,0,0
R-01025,Viernes,20:00,2,18,telefono,2,0,1,12,0,0
R-01026,Viernes,22:00,2,5,app,1,0,1,3,0,0
R-01027,Domingo,22:00,2,4,app,5,0,1,23,0,0
R-01028,Miércoles,20:00,6,4,instagram,1,0,1,36,0,1
R-01029,Martes,20:00,3,48,telefono,0,0,0,59,0,1
R-01030,Domingo,20:00,6,12,web,7,2,0,19,0,1
R-01031,Jueves,20:00,4,5,app,2,1,1,2,0,1
R-01032,Miércoles,22:00,5,2,web,1,0,1,15,0,0
R-01033,Viernes,20:00,5,17,app,2,1,1,28,1,0
R-01034,Jueves,20:00,3,50,app,1,0,0,7,0,0
R-01035,Viernes,22:00,2,4,web,1,1,1,19,0,0
R-01036,Domingo,20:00,3,18,instagram,2,0,1,51,0,0
R-01037,Jueves,22:00,4,17,telefono,2,0,1,8,0,0
R-01038,Miércoles,20:00,12,5,instagram,4,0,1,19,1,0
R-01039,Jueves,20:00,2,4,app,2,0,1,24,0,0
R-01040,Domingo,22:00,5,3,web,0,0,1,8,0,0
R-01041,Viernes,22:00,2,6,app,1,0,1,11,0,0
R-01042,Viernes,20:00,4,11,instagram,1,0,1,6,0,0
R-01043,Sábado,22:00,5,0,app,4,0,1,14,0,0
R-01044,Domingo,22:00,1,15,app,1,0,1,31,0,0
R-01045,Viernes,22:00,5,12,instagram,3,0,1,11,0,0
R-01046,Sábado,22:00,6,33,web,1,0,0,41,0,1
R-01047,Jueves,20:00,6,7,web,5,0,1,15,0,0
R-01048,Viernes,22:00,6,59,web,2,0,0,8,0,1
R-01049,Sábado,20:00,3,59,app,1,0,1,5,0,1
R-01050,Jueves,20:00,2,4,telefono,0,0,1,77,0,0
R-01051,Jueves,22:00,2,4,web,1,0,1,5,0,0
R-01052,Miércoles,20:00,6,20,instagram,1,0,0,12,0,0
R-01053,Jueves,20:00,4,16,telefono,4,0,1,21,0,0
R-01054,Sábado,22:00,4,40,instagram,3,0,1,30,0,0
R-01055,Sábado,22:00,1,15,instagram,2,0,1,8,0,0
R-01056,Miércoles,20:00,2,0,instagram,0,0,1,7,0,0
R-01057,Jueves,22:00,4,5,web,0,0,1,8,0,0
R-01058,Sábado,22:00,6,38,instagram,2,0,0,22,0,1
R-01059,Domingo,22:00,4,17,telefono,1,0,1,5,0,0
R-01060,Viernes,20:00,3,0,instagram,3,0,1,23,0,0
R-01061,Sábado,20:00,1,0,app,2,0,1,11,0,0
R-01062,Jueves,20:00,2,40,app,3,0,1,22,1,0
R-01063,Sábado,22:00,4,1,instagram,1,0,1,16,0,0
R-01064,Sábado,20:00,2,2,app,5,0,1,26,0,0
R-01065,Viernes,22:00,4,12,telefono,4,0,1,14,0,0
R-01066,Jueves,20:00,2,40,instagram,1,1,0,15,0,0
R-01067,Martes,22:00,4,16,telefono,2,0,1,30,0,0
R-01068,Sábado,22:00,3,0,web,2,1,0,16,0,0
R-01069,Sábado,22:00,1,6,web,0,0,1,37,0,1
R-01070,Martes,20:00,6,2,app,1,0,1,12,0,0
R-01071,Viernes,20:00,5,38,web,4,1,1,42,0,1
R-01072,Domingo,20:00,2,6,instagram,2,0,1,5,0,0
R-01073,Martes,22:00,4,0,instagram,1,0,1,5,0,0
R-01074,Miércoles,22:00,6,3,web,1,0,1,5,0,0
R-01075,Martes,20:00,4,6,telefono,3,0,1,39,0,1
R-01076,Viernes,22:00,5,34,instagram,0,0,0,8,0,1
R-01077,Viernes,20:00,2,0,telefono,1,0,1,10,0,0
R-01078,Domingo,20:00,2,19,app,3,1,1,5,0,0
R-01079,Martes,22:00,2,45,web,2,0,1,11,0,0
R-01080,Jueves,20:00,5,6,instagram,2,0,1,14,0,0
R-01081,Domingo,22:00,2,7,app,2,0,1,28,0,0
R-01082,Martes,22:00,6,5,app,4,1,0,12,0,1
R-01083,Jueves,20:00,2,3,app,1,0,1,1,1,0
R-01084,Viernes,22:00,3,2,app,0,0,1,28,0,0
R-01085,Martes,20:00,3,36,web,2,0,1,6,0,1
R-01086,Jueves,22:00,5,47,telefono,5,0,1,9,0,1
R-01087,Sábado,22:00,4,6,web,1,0,1,19,0,0
R-01088,Sábado,20:00,5,39,telefono,1,0,1,29,0,0
R-01089,Sábado,20:00,4,2,web,1,0,1,29,0,0
R-01090,Sábado,22:00,2,5,telefono,3,0,1,9,0,0
R-01091,Sábado,22:00,5,19,app,2,0,1,30,0,0
R-01092,Martes,20:00,4,5,app,2,0,1,12,0,0
R-01093,Sábado,22:00,5,13,web,1,0,1,19,1,0
R-01094,Sábado,22:00,3,11,app,1,0,0,10,0,0
R-01095,Jueves,22:00,3,36,telefono,0,0,1,7,0,0
R-01096,Viernes,22:00,2,13,instagram,3,0,1,16,0,0
R-01097,Jueves,22:00,5,5,web,1,0,1,15,0,0
R-01098,Domingo,20:00,3,12,web,1,0,1,59,0,0
R-01099,Jueves,20:00,8,5,app,3,0,1,10,0,0
R-01100,Miércoles,20:00,2,6,web,4,0,1,8,0,0
R-01101,Sábado,22:00,3,9,telefono,2,0,1,5,0,0
R-01102,Sábado,22:00,3,5,app,3,0,1,36,1,0
R-01103,Domingo,20:00,4,6,app,1,1,1,49,0,0
R-01104,Sábado,20:00,10,7,app,1,0,1,10,0,0
R-01105,Viernes,22:00,2,6,instagram,6,0,1,20,0,0
R-01106,Viernes,22:00,3,34,web,4,0,0,9,0,1
R-01107,Viernes,22:00,2,42,web,1,1,0,7,0,1
R-01108,Sábado,22:00,2,15,web,2,1,0,3,0,1
R-01109,Domingo,20:00,2,41,web,2,0,1,9,1,0
R-01110,Jueves,20:00,12,19,app,1,0,1,22,0,0
R-01111,Sábado,20:00,2,11,telefono,3,0,1,1,0,0
R-01112,Martes,20:00,4,0,instagram,3,1,1,14,0,0
R-01113,Miércoles,22:00,5,0,web,4,1,1,20,0,0
R-01114,Domingo,20:00,4,6,app,2,0,1,19,0,0
R-01115,Jueves,20:00,2,23,instagram,4,0,1,35,0,1
R-01116,Viernes,20:00,4,4,app,1,0,1,29,0,0
R-01117,Domingo,20:00,8,30,app,0,0,0,19,0,1
R-01118,Sábado,22:00,3,7,app,1,1,0,19,0,1
R-01119,Viernes,22:00,6,15,telefono,3,0,1,24,0,0
R-01120,Sábado,22:00,6,35,app,1,0,0,27,0,1
R-01121,Domingo,20:00,5,0,app,3,0,1,15,0,0
R-01122,Domingo,22:00,4,59,instagram,4,1,0,36,0,0
R-01123,Miércoles,20:00,8,16,web,1,0,1,4,0,0
R-01124,Miércoles,20:00,4,4,instagram,1,0,1,27,0,0
R-01125,Jueves,20:00,8,37,app,0,0,0,11,0,1
R-01126,Miércoles,20:00,2,9,instagram,5,0,1,7,0,0
R-01127,Sábado,20:00,4,6,app,2,1,1,8,0,0
R-01128,Sábado,22:00,2,32,telefono,1,0,1,17,0,1
R-01129,Miércoles,20:00,3,6,telefono,4,0,1,7,0,0
R-01130,Martes,20:00,4,30,instagram,0,0,0,5,0,1
R-01131,Jueves,20:00,4,57,telefono,1,0,1,19,0,0
R-01132,Sábado,22:00,4,9,instagram,2,0,0,15,0,0
R-01133,Sábado,22:00,2,11,web,2,0,1,17,0,0
R-01134,Viernes,22:00,2,5,telefono,4,2,0,41,0,1
R-01135,Sábado,22:00,2,0,web,0,0,1,24,0,0
R-01136,Domingo,22:00,4,0,web,2,0,1,9,0,0
R-01137,Domingo,20:00,2,0,app,2,1,0,23,0,0
R-01138,Miércoles,20:00,8,12,telefono,3,0,1,5,1,0
R-01139,Sábado,22:00,4,9,app,1,0,1,24,0,0
R-01140,Sábado,22:00,2,9,app,4,0,1,100,0,1
R-01141,Domingo,20:00,4,4,telefono,2,1,1,18,0,1
R-01142,Viernes,22:00,2,6,web,3,0,0,8,0,0
R-01143,Miércoles,22:00,4,9,web,1,1,0,18,0,0
R-01144,Viernes,20:00,2,7,app,1,0,1,11,0,0
R-01145,Viernes,20:00,4,1,telefono,0,0,1,32,0,0
R-01146,Viernes,20:00,2,32,telefono,1,0,1,20,0,0
R-01147,Sábado,20:00,4,7,web,1,0,1,7,0,0
R-01148,Sábado,20:00,4,3,instagram,0,0,0,7,0,1
R-01149,Sábado,20:00,2,0,web,3,0,1,50,0,0
R-01150,Sábado,22:00,2,25,app,0,0,1,12,0,0
R-01151,Miércoles,20:00,2,15,web,3,0,1,46,0,0
R-01152,Martes,20:00,6,3,web,6,0,1,5,0,0
R-01153,Viernes,20:00,8,9,instagram,1,0,1,11,0,0
R-01154,Sábado,20:00,4,56,app,2,0,0,21,0,0
R-01155,Sábado,22:00,2,34,telefono,7,1,1,40,0,0
R-01156,Sábado,20:00,4,13,app,4,2,0,14,0,1
R-01157,Sábado,22:00,2,46,instagram,2,1,0,19,0,0
R-01158,Sábado,22:00,2,5,web,4,0,1,10,0,0
R-01159,Domingo,22:00,5,2,telefono,3,3,0,45,0,1
R-01160,Sábado,22:00,6,1,web,2,0,1,41,0,0
R-01161,Domingo,20:00,4,5,app,5,0,1,61,0,1
R-01162,Domingo,22:00,4,3,instagram,2,0,1,15,0,0
R-01163,Sábado,20:00,8,26,telefono,3,1,0,23,0,1
R-01164,Sábado,22:00,1,48,app,0,0,0,20,0,0
R-01165,Martes,20:00,6,37,app,2,0,1,26,0,1
R-01166,Martes,22:00,8,21,telefono,2,2,0,35,0,1
R-01167,Domingo,20:00,6,3,app,3,0,1,13,0,0
R-01168,Jueves,20:00,4,3,app,2,0,0,4,0,0
R-01169,Jueves,20:00,6,17,telefono,2,0,1,3,0,0
R-01170,Miércoles,20:00,3,4,app,3,1,1,6,0,1
R-01171,Sábado,22:00,3,12,app,4,0,1,4,0,0
R-01172,Martes,20:00,3,5,app,2,0,1,6,0,0
R-01173,Sábado,22:00,2,14,web,3,1,0,19,0,1
R-01174,Jueves,20:00,2,6,app,2,1,1,6,1,0
R-01175,Sábado,22:00,4,1,app,2,0,1,8,0,1
R-01176,Domingo,20:00,4,54,web,2,0,0,8,0,1
R-01177,Sábado,20:00,2,12,telefono,2,1,1,32,1,0
R-01178,Viernes,22:00,5,10,app,2,1,0,6,0,0
R-01179,Sábado,22:00,2,16,app,1,0,0,11,0,1
R-01180,Domingo,20:00,2,54,web,2,0,1,25,0,0
R-01181,Sábado,22:00,3,17,app,0,0,1,17,0,0
R-01182,Jueves,22:00,5,0,web,1,0,1,8,0,0
R-01183,Martes,22:00,3,3,web,2,0,1,7,0,0
R-01184,Domingo,20:00,6,0,instagram,2,0,1,6,0,0
R-01185,Sábado,22:00,5,57,app,2,0,0,15,0,0
R-01186,Martes,20:00,4,2,instagram,4,0,1,4,0,0
R-01187,Viernes,20:00,6,41,telefono,2,0,0,17,0,0
R-01188,Sábado,20:00,2,10,telefono,3,0,1,48,0,0
R-01189,Jueves,20:00,4,7,app,2,1,1,20,0,0
R-01190,Domingo,20:00,4,7,web,2,0,1,11,1,0
R-01191,Jueves,20:00,2,6,web,1,0,1,13,0,0
R-01192,Miércoles,22:00,2,19,telefono,1,0,1,16,0,0
R-01193,Jueves,20:00,10,6,instagram,2,0,1,49,0,0
R-01194,Jueves,20:00,2,20,instagram,6,0,1,27,0,0
R-01195,Domingo,22:00,6,8,web,2,0,1,12,0,0
R-01196,Sábado,20:00,2,1,web,2,0,1,20,0,0
R-01197,Miércoles,22:00,2,17,app,2,0,1,8,0,0
R-01198,Viernes,20:00,2,11,app,4,0,1,12,0,0
R-01199,Miércoles,20:00,1,12,app,4,1,1,7,0,0
R-01200,Sábado,22:00,5,1,instagram,4,0,1,13,0,0
R-01201,Domingo,20:00,2,5,instagram,1,0,1,3,0,0
R-01202,Miércoles,20:00,4,1,telefono,0,0,1,39,0,0
R-01203,Viernes,22:00,2,14,instagram,2,0,0,26,0,0
R-01204,Jueves,20:00,4,60,telefono,3,0,1,12,0,0
R-01205,Jueves,20:00,3,2,app,4,0,1,13,0,0
R-01206,Sábado,22:00,3,3,web,2,0,1,50,0,0
R-01207,Domingo,20:00,5,7,instagram,3,0,1,54,0,0
R-01208,Jueves,20:00,3,0,telefono,1,0,1,19,0,0
R-01209,Viernes,20:00,4,0,web,2,0,1,11,0,0
R-01210,Jueves,20:00,5,45,telefono,2,0,1,29,0,0
R-01211,Martes,20:00,2,57,instagram,4,0,0,3,0,0
R-01212,Sábado,20:00,2,13,app,3,2,0,41,0,1
R-01213,Miércoles,20:00,4,12,app,2,1,1,21,0,0
R-01214,Sábado,20:00,2,5,app,1,0,1,16,0,0
R-01215,Sábado,20:00,1,11,app,3,0,0,16,0,0
R-01216,Miércoles,22:00,4,12,instagram,2,1,1,14,0,0
R-01217,Sábado,22:00,4,52,app,1,0,1,14,1,0
R-01218,Jueves,20:00,2,7,web,1,0,1,32,0,0
R-01219,Sábado,22:00,4,3,app,3,0,1,19,0,0
R-01220,Jueves,20:00,3,38,web,3,0,1,19,0,1
R-01221,Sábado,22:00,4,1,app,2,0,1,7,0,0
R-01222,Sábado,22:00,8,25,telefono,1,0,0,8,0,1
R-01223,Sábado,20:00,2,13,app,2,1,0,10,0,0
R-01224,Jueves,22:00,2,57,telefono,3,1,1,13,0,0
R-01225,Sábado,22:00,2,56,instagram,2,1,0,26,0,1
R-01226,Viernes,20:00,4,6,app,1,0,1,36,0,0
R-01227,Sábado,22:00,6,52,telefono,0,0,0,32,0,1
R-01228,Viernes,22:00,4,19,telefono,1,0,1,9,0,0
R-01229,Viernes,22:00,2,20,telefono,6,0,1,5,0,0
R-01230,Sábado,22:00,4,5,instagram,4,0,1,16,1,0
R-01231,Jueves,20:00,2,3,telefono,4,0,1,22,0,0
R-01232,Sábado,20:00,2,9,web,1,0,1,48,0,0
R-01233,Viernes,22:00,2,7,telefono,4,0,1,74,0,0
R-01234,Sábado,22:00,6,4,app,2,0,1,3,0,0
R-01235,Sábado,20:00,4,1,telefono,1,0,1,17,0,0
R-01236,Domingo,20:00,10,6,instagram,5,2,1,26,0,1
R-01237,Viernes,22:00,3,1,app,2,1,1,15,0,0
R-01238,Jueves,20:00,2,1,app,3,0,1,16,0,0
R-01239,Domingo,20:00,3,1,app,1,0,1,20,0,0
R-01240,Viernes,22:00,2,7,telefono,0,0,1,25,0,0
R-01241,Viernes,20:00,3,1,app,0,0,1,7,0,0
R-01242,Sábado,22:00,4,4,telefono,1,0,1,9,0,0
R-01243,Jueves,20:00,4,7,app,3,0,1,9,0,1
R-01244,Domingo,22:00,10,0,instagram,2,0,1,39,0,0
R-01245,Sábado,20:00,3,14,web,3,0,1,50,0,1
R-01246,Sábado,20:00,2,3,web,1,1,0,14,0,0
R-01247,Jueves,20:00,6,5,web,1,0,0,100,0,1
R-01248,Sábado,22:00,2,7,web,2,0,1,9,0,0
R-01249,Domingo,20:00,2,15,instagram,2,0,1,16,0,0
R-01250,Sábado,22:00,2,0,instagram,3,0,1,5,0,0
R-01251,Domingo,20:00,4,7,web,3,0,1,3,0,1
R-01252,Miércoles,20:00,6,55,telefono,3,0,0,11,0,1
R-01253,Sábado,22:00,2,21,instagram,0,0,1,27,1,0
R-01254,Domingo,20:00,4,21,instagram,1,0,1,6,0,0
R-01255,Viernes,22:00,1,0,instagram,0,0,1,15,0,0
R-01256,Martes,20:00,4,6,web,2,2,0,18,0,1
R-01257,Viernes,22:00,2,7,telefono,2,0,1,48,0,0
R-01258,Jueves,22:00,2,2,app,0,0,1,11,0,0
R-01259,Martes,20:00,4,4,app,0,0,1,15,0,0
R-01260,Domingo,20:00,3,3,app,1,0,1,21,0,0
R-01261,Sábado,22:00,5,25,web,3,1,1,35,0,1
R-01262,Sábado,20:00,2,4,web,3,1,1,17,0,0
R-01263,Sábado,22:00,2,0,instagram,3,0,1,49,0,0
R-01264,Sábado,20:00,2,2,app,1,0,0,4,0,0
R-01265,Viernes,20:00,3,4,app,2,0,1,47,0,0
R-01266,Miércoles,22:00,6,1,instagram,2,0,1,19,1,0
R-01267,Jueves,22:00,10,4,app,1,0,1,24,0,0
R-01268,Viernes,22:00,10,4,instagram,2,1,1,38,0,1
R-01269,Sábado,22:00,2,26,web,1,0,1,3,0,0
R-01270,Jueves,20:00,2,12,app,2,1,0,6,0,1
R-01271,Miércoles,20:00,2,7,app,3,1,1,21,0,1
R-01272,Jueves,20:00,4,2,app,2,1,1,36,0,0
R-01273,Miércoles,20:00,6,23,app,2,0,0,42,0,1
R-01274,Domingo,20:00,4,41,app,2,0,1,8,1,0
R-01275,Jueves,22:00,2,7,instagram,3,0,0,47,0,0
R-01276,Viernes,22:00,4,56,telefono,2,0,0,13,0,0
R-01277,Viernes,22:00,4,9,instagram,1,0,1,5,0,0
R-01278,Jueves,22:00,3,17,app,3,0,0,27,0,0
R-01279,Viernes,22:00,4,18,web,1,0,0,54,0,0
R-01280,Viernes,20:00,2,5,web,2,1,1,22,0,0
R-01281,Martes,22:00,2,25,telefono,2,1,1,13,1,0
R-01282,Domingo,20:00,4,2,telefono,2,0,1,13,0,0
R-01283,Viernes,20:00,3,47,instagram,1,0,1,26,0,1
R-01284,Miércoles,20:00,2,4,web,3,0,1,27,0,0
R-01285,Domingo,22:00,2,8,instagram,3,1,0,39,0,0
R-01286,Miércoles,20:00,6,6,instagram,3,2,0,4,0,1
R-01287,Sábado,22:00,4,15,app,2,0,0,16,0,0
R-01288,Viernes,22:00,6,34,app,2,2,0,1,0,1
R-01289,Jueves,22:00,4,21,app,2,0,0,60,0,0
R-01290,Viernes,20:00,2,3,instagram,2,1,0,6,0,0
R-01291,Viernes,22:00,2,18,telefono,2,0,1,41,0,0
R-01292,Viernes,22:00,2,3,telefono,1,0,1,25,1,0
R-01293,Jueves,20:00,3,3,app,4,1,1,26,1,0
R-01294,Viernes,22:00,2,1,app,4,0,1,16,0,0
R-01295,Viernes,20:00,3,1,web,1,0,1,28,0,0
R-01296,Sábado,20:00,8,59,web,2,0,1,10,0,1
R-01297,Miércoles,20:00,1,2,web,2,0,1,19,0,0
R-01298,Martes,20:00,2,16,instagram,2,0,1,10,0,0
R-01299,Sábado,22:00,4,3,instagram,1,0,1,0,0,0
R-01300,Martes,20:00,5,44,instagram,4,0,1,29,0,0
R-01301,Sábado,20:00,2,14,instagram,1,0,1,17,0,0
R-01302,Viernes,22:00,2,0,instagram,1,0,1,15,0,0
R-01303,Domingo,22:00,2,1,app,4,1,1,12,1,0
R-01304,Miércoles,20:00,4,14,instagram,4,1,0,19,0,0
R-01305,Domingo,20:00,2,6,instagram,1,0,1,19,0,0
R-01306,Miércoles,20:00,4,17,web,3,0,1,17,1,0
R-01307,Miércoles,20:00,3,6,telefono,3,0,1,33,0,0
R-01308,Sábado,22:00,6,9,app,2,0,0,70,0,1
R-01309,Miércoles,20:00,4,9,instagram,2,0,1,65,0,1
R-01310,Sábado,22:00,2,5,telefono,0,0,1,48,1,0
R-01311,Sábado,22:00,3,2,web,0,0,1,33,0,0
R-01312,Miércoles,20:00,2,14,instagram,3,0,1,25,0,0
R-01313,Sábado,22:00,5,1,telefono,0,0,1,17,0,0
R-01314,Viernes,22:00,2,5,telefono,4,0,1,19,0,0
R-01315,Domingo,20:00,2,0,telefono,1,0,1,39,0,0
R-01316,Martes,22:00,2,2,app,6,0,1,4,1,0
R-01317,Martes,22:00,4,32,telefono,0,0,1,13,0,0
R-01318,Sábado,22:00,4,3,telefono,2,1,1,18,1,0
R-01319,Jueves,20:00,1,18,instagram,2,0,1,56,0,0
R-01320,Viernes,20:00,4,2,app,1,0,1,31,0,0
R-01321,Domingo,22:00,5,7,web,1,0,1,21,0,0
R-01322,Jueves,22:00,5,51,instagram,1,0,0,7,0,0
R-01323,Martes,20:00,2,3,app,1,0,1,2,0,0
R-01324,Miércoles,20:00,2,2,telefono,2,0,1,44,0,0
R-01325,Viernes,22:00,3,32,instagram,2,0,0,39,1,0
R-01326,Sábado,22:00,2,6,web,3,1,1,7,0,0
R-01327,Sábado,20:00,8,6,app,0,0,1,14,0,0
R-01328,Viernes,20:00,4,40,instagram,3,2,0,13,0,1
R-01329,Jueves,20:00,2,5,telefono,4,0,1,41,1,0
R-01330,Miércoles,20:00,6,11,web,0,0,1,13,0,0
R-01331,Jueves,20:00,4,1,instagram,2,1,1,3,0,0
R-01332,Jueves,22:00,2,7,instagram,1,0,1,21,1,1
R-01333,Domingo,20:00,2,11,telefono,0,0,1,2,0,0
R-01334,Viernes,22:00,2,5,app,2,0,1,17,0,1
R-01335,Miércoles,20:00,8,5,app,2,0,1,8,0,0
R-01336,Sábado,20:00,4,7,instagram,3,0,1,7,0,1
R-01337,Viernes,20:00,2,40,instagram,2,1,1,6,0,0
R-01338,Martes,20:00,6,1,app,4,0,1,32,0,0
R-01339,Domingo,20:00,3,20,web,3,0,1,23,0,0
R-01340,Domingo,20:00,12,15,web,1,0,0,31,0,1
R-01341,Jueves,20:00,4,13,instagram,7,1,1,8,1,0
R-01342,Sábado,22:00,1,5,instagram,0,0,1,17,1,0
R-01343,Viernes,20:00,3,8,instagram,4,0,1,47,0,0
R-01344,Sábado,22:00,4,0,web,3,0,1,38,0,0
R-01345,Sábado,22:00,3,7,instagram,1,1,1,22,1,0
R-01346,Sábado,20:00,4,3,instagram,3,0,1,40,0,0
R-01347,Viernes,20:00,2,17,web,3,0,1,42,1,0
R-01348,Miércoles,20:00,1,6,telefono,3,0,1,17,0,0
R-01349,Sábado,20:00,2,1,app,4,1,1,25,0,0
R-01350,Viernes,20:00,4,21,instagram,0,0,1,5,0,1
R-01351,Viernes,22:00,2,3,web,3,0,1,56,0,0
R-01352,Sábado,22:00,5,0,web,1,0,1,33,0,0
R-01353,Sábado,20:00,5,51,app,1,1,1,38,1,1
R-01354,Domingo,22:00,2,19,instagram,0,0,1,6,0,0
R-01355,Viernes,20:00,2,5,web,1,0,1,36,0,0
R-01356,Sábado,20:00,4,43,instagram,2,0,0,8,0,0
R-01357,Martes,20:00,4,43,telefono,2,0,1,39,0,0
R-01358,Miércoles,22:00,6,12,telefono,1,0,0,60,0,1
R-01359,Jueves,20:00,2,3,app,3,0,1,35,0,0
R-01360,Jueves,20:00,1,1,telefono,2,0,1,46,0,0
R-01361,Viernes,20:00,5,47,instagram,0,0,0,22,0,0
R-01362,Jueves,20:00,4,11,instagram,1,0,1,9,0,0
R-01363,Domingo,20:00,8,1,app,1,0,1,4,0,0
R-01364,Viernes,22:00,2,5,instagram,0,0,0,65,0,1
R-01365,Viernes,22:00,1,5,web,1,0,1,6,0,1
R-01366,Domingo,20:00,2,19,app,0,0,0,78,0,1
R-01367,Sábado,20:00,6,4,telefono,6,1,1,18,1,0
R-01368,Sábado,22:00,3,40,instagram,1,0,1,10,1,0
R-01369,Domingo,22:00,2,7,app,0,0,0,18,0,0
R-01370,Sábado,22:00,1,1,app,4,2,1,13,0,1
R-01371,Jueves,20:00,4,6,app,3,1,1,10,0,0
R-01372,Domingo,20:00,3,6,telefono,1,0,1,18,1,0
R-01373,Martes,20:00,5,3,telefono,0,0,1,6,0,0
R-01374,Domingo,22:00,4,1,web,2,0,1,3,1,0
R-01375,Viernes,20:00,2,4,app,4,1,1,11,0,0
R-01376,Jueves,22:00,4,4,instagram,2,0,1,20,1,0
R-01377,Viernes,22:00,3,43,instagram,3,2,0,2,1,1
R-01378,Viernes,22:00,4,0,app,2,1,1,45,0,0
R-01379,Domingo,20:00,2,36,telefono,1,0,1,7,0,0
R-01380,Sábado,22:00,2,2,instagram,3,0,1,29,0,0
R-01381,Sábado,22:00,2,19,web,0,0,1,14,0,0
R-01382,Jueves,20:00,2,54,web,1,0,1,5,0,0
R-01383,Viernes,22:00,3,1,app,2,0,1,40,0,0
R-01384,Martes,20:00,4,7,telefono,0,0,1,41,0,0
R-01385,Sábado,22:00,4,6,web,2,0,1,26,0,0
R-01386,Martes,22:00,2,12,app,1,0,1,40,1,0
R-01387,Viernes,20:00,3,2,app,1,0,1,4,0,0
R-01388,Miércoles,20:00,3,20,app,3,0,1,15,0,0
R-01389,Domingo,20:00,2,0,instagram,2,0,1,5,1,0
R-01390,Domingo,22:00,4,6,app,2,0,1,20,0,0
R-01391,Jueves,20:00,2,5,instagram,0,0,1,17,0,0
R-01392,Domingo,20:00,2,0,app,1,0,1,16,0,0
R-01393,Miércoles,22:00,4,2,app,3,0,1,8,0,0
R-01394,Sábado,22:00,2,21,instagram,4,0,0,18,0,0
R-01395,Jueves,20:00,3,2,instagram,2,1,1,7,1,0
R-01396,Viernes,20:00,5,2,instagram,2,1,1,28,1,0
R-01397,Sábado,22:00,2,1,instagram,3,0,1,1,0,0
R-01398,Viernes,22:00,4,13,app,0,0,1,16,0,0
R-01399,Miércoles,20:00,4,1,web,4,1,1,64,0,0
R-01400,Sábado,22:00,2,0,instagram,1,0,1,25,0,0
R-01401,Sábado,22:00,2,19,app,3,0,1,23,0,0
R-01402,Domingo,20:00,3,16,instagram,2,0,0,27,0,0
R-01403,Jueves,20:00,2,27,web,2,0,0,60,0,1
R-01404,Jueves,22:00,3,36,telefono,2,0,0,13,0,1
R-01405,Martes,20:00,2,0,web,5,1,1,9,1,0
R-01406,Jueves,22:00,3,15,web,2,0,1,3,1,0
R-01407,Martes,20:00,8,14,app,1,1,1,3,1,0
R-01408,Jueves,22:00,1,0,app,1,0,1,2,0,0
R-01409,Sábado,22:00,4,7,telefono,3,0,1,6,0,0
R-01410,Miércoles,20:00,3,5,app,6,0,1,39,1,0
R-01411,Sábado,22:00,6,17,app,1,0,0,52,0,1
R-01412,Jueves,22:00,5,6,app,5,0,1,17,0,0
R-01413,Jueves,20:00,3,15,instagram,3,0,1,33,0,0
R-01414,Viernes,22:00,2,16,app,3,1,1,16,1,0
R-01415,Viernes,22:00,8,10,app,2,0,0,28,0,1
R-01416,Viernes,22:00,6,10,telefono,1,0,0,15,0,1
R-01417,Miércoles,22:00,6,5,instagram,3,0,1,23,0,0
R-01418,Viernes,20:00,2,4,telefono,4,4,0,17,0,1
R-01419,Domingo,20:00,3,5,app,2,1,0,54,0,0
R-01420,Martes,20:00,3,5,instagram,1,0,1,25,0,0
R-01421,Martes,20:00,2,15,telefono,1,1,1,24,0,0
R-01422,Sábado,22:00,2,14,app,2,0,1,28,0,0
R-01423,Jueves,22:00,2,11,app,2,0,1,26,0,0
R-01424,Jueves,20:00,2,15,app,1,0,0,32,0,0
R-01425,Domingo,20:00,8,8,instagram,3,1,0,3,0,1
R-01426,Jueves,22:00,6,6,instagram,2,0,1,20,0,0
R-01427,Domingo,20:00,4,8,instagram,2,2,0,22,0,1
R-01428,Sábado,22:00,4,18,web,2,0,1,12,0,0
R-01429,Martes,20:00,12,17,app,2,1,1,17,0,0
R-01430,Jueves,20:00,3,5,instagram,2,0,1,12,0,0
R-01431,Martes,20:00,5,18,app,2,0,1,19,0,1
R-01432,Viernes,22:00,2,11,telefono,4,0,1,16,0,0
R-01433,Domingo,22:00,3,7,app,0,0,1,15,0,0
R-01434,Martes,22:00,2,15,instagram,4,0,1,3,1,0
R-01435,Martes,22:00,2,57,web,5,1,1,12,0,1
R-01436,Martes,20:00,6,14,instagram,0,0,0,44,0,1
R-01437,Jueves,20:00,5,0,telefono,0,0,1,3,0,0
R-01438,Miércoles,20:00,3,35,web,3,0,1,38,0,0
R-01439,Domingo,22:00,2,0,instagram,1,0,1,15,0,0
R-01440,Sábado,22:00,5,9,web,1,0,1,31,1,0
R-01441,Domingo,20:00,3,39,telefono,3,1,0,2,0,1
R-01442,Sábado,22:00,5,7,telefono,1,0,1,3,0,1
R-01443,Sábado,22:00,4,21,app,1,0,1,15,0,0
R-01444,Sábado,22:00,5,7,instagram,2,1,1,14,0,0
R-01445,Jueves,22:00,4,6,telefono,1,0,1,25,0,0
R-01446,Sábado,22:00,10,35,app,1,1,0,19,0,1
R-01447,Jueves,22:00,2,10,app,3,0,1,40,0,0
R-01448,Viernes,20:00,6,38,telefono,2,1,0,51,0,0
R-01449,Sábado,20:00,4,7,telefono,1,1,1,12,0,0
R-01450,Jueves,22:00,4,6,app,4,2,0,44,0,1
R-01451,Miércoles,20:00,10,4,app,2,1,1,28,1,0
R-01452,Domingo,20:00,2,3,telefono,1,0,1,14,0,0
R-01453,Viernes,20:00,2,5,app,3,2,1,12,1,1
R-01454,Miércoles,22:00,5,32,web,4,1,1,7,0,0
R-01455,Jueves,22:00,5,9,telefono,5,0,1,66,0,0
R-01456,Jueves,20:00,2,2,web,1,1,1,21,1,0
R-01457,Domingo,20:00,3,6,web,1,0,1,8,0,0
R-01458,Viernes,22:00,6,7,telefono,2,0,1,53,0,0
R-01459,Domingo,20:00,10,42,app,3,0,1,44,0,0
R-01460,Viernes,22:00,10,3,app,1,0,0,19,1,0
R-01461,Domingo,20:00,2,20,telefono,0,0,1,6,1,0
R-01462,Domingo,20:00,3,4,web,1,0,1,6,0,0
R-01463,Viernes,22:00,3,0,app,2,0,1,23,0,0
R-01464,Sábado,22:00,3,10,web,2,0,1,16,0,0
R-01465,Jueves,20:00,6,8,telefono,1,0,1,6,0,0
R-01466,Miércoles,20:00,3,9,app,3,0,1,8,1,0
R-01467,Sábado,20:00,2,5,app,4,0,1,17,0,0
R-01468,Martes,20:00,4,58,app,4,0,1,19,0,0
R-01469,Viernes,20:00,5,60,instagram,1,0,1,16,0,0
R-01470,Sábado,22:00,4,5,telefono,2,1,0,89,0,1
R-01471,Sábado,22:00,8,19,instagram,0,0,0,24,0,1
R-01472,Domingo,20:00,10,3,app,3,1,0,26,0,0
R-01473,Jueves,20:00,5,0,app,0,0,0,57,0,0
R-01474,Domingo,20:00,6,57,web,1,0,0,65,0,1
R-01475,Viernes,22:00,2,8,app,2,0,1,25,0,0
R-01476,Sábado,20:00,4,6,instagram,2,0,1,11,0,0
R-01477,Viernes,20:00,1,2,app,1,0,1,62,0,0
R-01478,Sábado,22:00,2,0,instagram,2,0,1,24,0,0
R-01479,Jueves,22:00,4,54,app,3,1,1,11,1,0
R-01480,Martes,22:00,4,2,web,2,1,1,17,0,0
R-01481,Sábado,20:00,6,0,app,6,1,1,17,0,1
R-01482,Sábado,22:00,6,2,app,1,0,1,8,0,0
R-01483,Sábado,22:00,2,0,web,2,0,1,46,0,0
R-01484,Miércoles,20:00,3,24,app,3,1,0,39,0,1
R-01485,Jueves,20:00,5,12,telefono,3,1,1,9,0,0
R-01486,Sábado,22:00,2,31,telefono,3,1,1,60,1,0
R-01487,Sábado,22:00,6,37,app,1,1,0,25,0,1
R-01488,Sábado,20:00,2,19,web,0,0,0,24,1,0
R-01489,Sábado,22:00,3,19,telefono,4,0,0,12,0,0
R-01490,Sábado,22:00,2,15,app,1,0,0,84,0,1
R-01491,Miércoles,22:00,2,5,web,2,0,1,8,0,0
R-01492,Viernes,20:00,6,17,instagram,0,0,0,15,0,0
R-01493,Jueves,20:00,10,5,app,3,0,1,37,0,0
R-01494,Sábado,20:00,3,10,instagram,3,0,1,12,0,0
R-01495,Viernes,22:00,2,21,app,1,0,1,18,0,0
R-01496,Sábado,22:00,2,7,instagram,4,1,1,13,0,0
R-01497,Sábado,22:00,6,5,instagram,2,1,1,14,0,1
R-01498,Domingo,20:00,2,6,telefono,1,0,1,12,0,0
R-01499,Domingo,22:00,5,13,instagram,0,0,1,21,0,1
R-01500,Martes,22:00,2,6,telefono,2,0,1,41,0,0
R-01501,Sábado,22:00,2,6,instagram,2,0,1,52,0,1
R-01502,Viernes,22:00,6,21,app,8,1,1,16,1,0
R-01503,Miércoles,22:00,2,13,app,3,0,1,52,0,0
R-01504,Viernes,22:00,8,5,instagram,0,0,0,23,1,1
R-01505,Sábado,22:00,3,2,app,0,0,0,20,0,0
R-01506,Sábado,20:00,12,0,instagram,0,0,0,61,0,1
R-01507,Miércoles,20:00,5,4,telefono,2,1,1,14,0,0
R-01508,Jueves,22:00,6,5,web,2,0,1,23,0,0
R-01509,Sábado,22:00,4,25,instagram,2,0,1,19,0,0
R-01510,Domingo,22:00,10,9,instagram,1,0,1,14,0,0
R-01511,Martes,20:00,4,5,web,4,1,1,10,0,0
R-01512,Martes,20:00,3,1,app,2,0,1,56,1,0
R-01513,Sábado,22:00,2,6,instagram,1,0,0,11,0,1
R-01514,Sábado,22:00,2,7,telefono,1,0,0,60,0,0
R-01515,Sábado,22:00,6,53,instagram,7,0,1,28,0,1
R-01516,Miércoles,22:00,8,18,telefono,0,0,1,12,0,0
R-01517,Viernes,20:00,2,4,instagram,2,0,1,51,0,0
R-01518,Sábado,20:00,3,16,web,0,0,1,23,0,0
R-01519,Viernes,22:00,3,2,instagram,1,1,1,9,0,1
R-01520,Viernes,20:00,2,4,app,3,0,1,17,0,0
R-01521,Martes,22:00,2,5,web,3,0,1,18,0,0
R-01522,Sábado,20:00,6,16,app,1,0,1,26,0,0
R-01523,Viernes,20:00,6,57,instagram,3,0,1,39,0,1
R-01524,Viernes,22:00,6,5,telefono,0,0,1,33,0,0
R-01525,Sábado,20:00,2,48,instagram,1,1,0,17,0,1
R-01526,Domingo,20:00,6,52,web,3,0,0,52,0,1
R-01527,Domingo,22:00,10,4,app,3,1,0,34,0,1
R-01528,Jueves,20:00,5,18,instagram,4,1,0,12,0,0
R-01529,Sábado,22:00,2,19,web,2,1,0,59,1,1
R-01530,Viernes,22:00,3,10,web,1,0,1,21,0,0
R-01531,Sábado,20:00,4,12,app,1,0,0,83,0,0
R-01532,Sábado,22:00,8,16,telefono,3,0,1,8,1,0
R-01533,Sábado,20:00,3,52,instagram,4,1,0,9,0,1
R-01534,Sábado,22:00,3,4,telefono,1,1,1,40,0,0
R-01535,Viernes,22:00,2,1,telefono,1,0,1,42,0,0
R-01536,Sábado,20:00,2,45,telefono,1,0,1,40,0,0
R-01537,Miércoles,20:00,2,4,instagram,5,1,1,13,1,0
R-01538,Sábado,22:00,3,12,app,2,0,1,37,0,0
R-01539,Jueves,20:00,3,8,app,4,1,1,16,1,0
R-01540,Viernes,20:00,2,34,web,2,0,1,11,1,0
R-01541,Martes,22:00,2,10,app,6,0,1,14,0,0
R-01542,Viernes,22:00,4,17,app,1,0,1,24,0,0
R-01543,Sábado,22:00,2,6,instagram,3,0,1,60,0,0
R-01544,Sábado,20:00,4,4,telefono,1,1,1,32,0,0
R-01545,Viernes,20:00,4,7,telefono,0,0,1,11,0,0
R-01546,Jueves,22:00,6,17,telefono,1,0,1,11,0,0
R-01547,Sábado,20:00,2,26,telefono,3,0,0,11,0,0
R-01548,Sábado,22:00,10,47,web,1,1,1,8,1,1
R-01549,Sábado,22:00,6,44,web,6,1,1,17,0,0
R-01550,Viernes,22:00,3,1,instagram,1,0,1,11,1,0
R-01551,Miércoles,20:00,2,0,app,1,0,1,27,0,0
R-01552,Viernes,22:00,2,1,instagram,3,1,1,11,0,0
R-01553,Martes,20:00,4,43,app,1,0,1,7,0,1
R-01554,Domingo,20:00,2,10,telefono,1,0,1,18,1,0
R-01555,Viernes,22:00,3,1,telefono,1,0,1,9,0,0
R-01556,Jueves,20:00,2,16,telefono,0,0,1,61,1,0
R-01557,Viernes,22:00,4,41,telefono,2,0,1,48,0,1
R-01558,Miércoles,20:00,4,19,instagram,3,0,1,11,0,0
R-01559,Domingo,20:00,4,4,telefono,4,0,1,15,0,0
R-01560,Domingo,20:00,6,9,web,4,1,1,51,0,0
R-01561,Sábado,22:00,4,4,instagram,2,0,1,16,1,0
R-01562,Sábado,22:00,3,1,app,1,0,1,10,0,0
R-01563,Domingo,20:00,2,16,instagram,2,0,1,9,0,0
R-01564,Jueves,20:00,4,9,instagram,1,1,0,9,0,0
R-01565,Viernes,22:00,3,7,web,2,0,1,15,0,0
R-01566,Miércoles,20:00,3,10,app,0,0,1,34,0,1
R-01567,Viernes,22:00,2,5,telefono,1,0,1,11,0,0
R-01568,Domingo,20:00,2,1,app,1,0,1,4,1,0
R-01569,Sábado,22:00,5,50,instagram,1,1,0,3,0,1
R-01570,Viernes,20:00,10,19,app,1,0,1,28,0,0
R-01571,Viernes,20:00,4,17,app,6,0,1,29,0,0
R-01572,Sábado,22:00,4,3,web,1,0,0,15,0,0
R-01573,Sábado,20:00,2,10,telefono,2,0,1,13,0,1
R-01574,Viernes,20:00,3,6,telefono,3,0,1,18,0,0
R-01575,Viernes,20:00,8,0,app,1,1,1,37,0,0
R-01576,Miércoles,22:00,10,36,instagram,1,1,0,13,0,1
R-01577,Viernes,20:00,2,21,instagram,3,2,0,37,0,1
R-01578,Sábado,22:00,6,1,instagram,2,0,1,8,0,0
R-01579,Jueves,22:00,2,5,instagram,5,0,1,17,0,0
R-01580,Jueves,20:00,8,6,app,1,0,1,41,1,0
R-01581,Sábado,22:00,2,4,instagram,0,0,0,5,0,1
R-01582,Miércoles,20:00,5,5,telefono,2,0,1,29,0,0
R-01583,Miércoles,22:00,8,5,instagram,1,0,1,30,0,0
R-01584,Sábado,22:00,2,23,instagram,1,1,0,56,0,1
R-01585,Miércoles,22:00,1,53,web,3,0,0,71,0,1
R-01586,Jueves,20:00,4,59,instagram,2,1,0,33,0,1
R-01587,Domingo,20:00,3,3,telefono,1,0,1,19,0,0
R-01588,Viernes,20:00,8,3,app,5,0,0,27,0,0
R-01589,Sábado,22:00,2,21,instagram,2,0,0,58,0,0
R-01590,Sábado,22:00,1,54,instagram,3,0,1,27,1,0
R-01591,Martes,22:00,6,3,app,1,0,0,44,0,1
R-01592,Jueves,20:00,4,7,instagram,1,0,1,31,0,0
R-01593,Domingo,20:00,4,3,telefono,6,1,1,18,0,0
R-01594,Jueves,20:00,4,0,telefono,0,0,1,25,1,0
R-01595,Viernes,20:00,6,2,app,4,0,1,6,0,0
R-01596,Domingo,22:00,2,7,app,1,0,1,36,1,0
R-01597,Miércoles,22:00,2,6,instagram,1,0,1,8,0,0
R-01598,Domingo,20:00,10,10,web,2,0,1,38,0,0
R-01599,Sábado,22:00,4,10,instagram,2,1,1,14,0,0
R-01600,Sábado,22:00,2,56,web,0,0,1,40,0,0
R-01601,Martes,22:00,5,14,app,0,0,1,12,0,0
R-01602,Sábado,20:00,4,7,web,3,0,1,31,1,0
R-01603,Sábado,20:00,2,48,app,3,0,0,71,0,1
R-01604,Viernes,22:00,3,6,telefono,0,0,0,17,0,1
R-01605,Martes,20:00,4,5,app,2,0,1,18,0,0
R-01606,Miércoles,20:00,6,32,telefono,2,0,1,3,0,0
R-01607,Martes,20:00,4,29,instagram,3,0,1,8,0,0
R-01608,Viernes,22:00,4,3,app,3,1,1,29,0,1
R-01609,Sábado,20:00,5,4,telefono,2,2,1,13,0,1
R-01610,Martes,22:00,3,2,app,2,1,1,4,0,0
R-01611,Viernes,22:00,5,57,web,1,0,1,13,0,0
R-01612,Viernes,20:00,5,2,instagram,4,0,1,1,0,0
R-01613,Viernes,22:00,2,9,telefono,1,0,1,34,0,0
R-01614,Viernes,20:00,5,5,web,3,0,1,9,1,0
R-01615,Viernes,20:00,6,17,instagram,1,0,0,6,0,0
R-01616,Jueves,20:00,8,20,app,3,0,1,17,0,0
R-01617,Sábado,20:00,3,12,web,2,0,1,6,0,0
R-01618,Viernes,20:00,2,1,instagram,3,0,1,28,0,0
R-01619,Viernes,22:00,4,1,app,1,0,1,12,0,0
R-01620,Domingo,22:00,2,1,telefono,1,0,1,13,0,0
R-01621,Sábado,22:00,4,18,app,3,0,1,29,1,0
R-01622,Miércoles,20:00,5,1,instagram,1,1,1,2,0,0
R-01623,Domingo,20:00,4,6,instagram,1,0,1,14,0,0
R-01624,Sábado,20:00,4,48,app,0,0,0,10,0,1
R-01625,Jueves,20:00,5,5,telefono,6,0,1,29,0,0
R-01626,Jueves,22:00,3,54,app,5,0,0,15,0,0
R-01627,Martes,20:00,2,7,instagram,1,0,1,22,0,0
R-01628,Jueves,20:00,5,3,web,1,1,1,35,0,0
R-01629,Jueves,22:00,4,31,telefono,1,0,1,32,0,0
R-01630,Jueves,20:00,4,50,telefono,0,0,1,13,0,1
R-01631,Domingo,20:00,3,13,app,1,0,1,27,0,0
R-01632,Sábado,20:00,6,2,app,1,0,1,56,0,0
R-01633,Miércoles,20:00,3,5,telefono,1,0,1,9,0,0
R-01634,Viernes,22:00,4,28,web,2,0,1,53,0,0
R-01635,Viernes,22:00,4,18,app,3,0,1,22,0,1
R-01636,Martes,20:00,4,13,app,2,0,0,36,0,0
R-01637,Viernes,20:00,5,16,web,1,0,1,12,1,0
R-01638,Viernes,22:00,2,18,app,2,0,1,18,0,0
R-01639,Domingo,20:00,2,5,app,1,0,1,6,0,0
R-01640,Viernes,20:00,2,5,app,2,0,1,7,0,0
R-01641,Sábado,20:00,3,22,instagram,1,0,0,13,1,1
R-01642,Sábado,22:00,4,29,web,1,0,1,5,0,0
R-01643,Miércoles,20:00,2,7,instagram,2,0,1,20,0,0
R-01644,Viernes,22:00,3,8,app,1,0,1,29,0,0
R-01645,Viernes,22:00,4,15,instagram,1,0,1,13,0,0
R-01646,Miércoles,20:00,2,2,web,1,0,1,8,0,0
R-01647,Martes,22:00,4,14,instagram,4,1,0,27,0,0
R-01648,Domingo,20:00,4,8,instagram,4,1,0,36,0,1
R-01649,Miércoles,20:00,2,7,instagram,1,0,1,7,0,0
R-01650,Domingo,22:00,6,3,web,4,0,1,12,0,0
R-01651,Viernes,22:00,8,3,instagram,1,1,0,7,1,1
R-01652,Martes,22:00,8,20,telefono,3,2,0,14,0,1
R-01653,Domingo,20:00,2,54,instagram,4,1,1,13,0,1
R-01654,Sábado,22:00,2,15,instagram,2,0,1,3,0,0
R-01655,Viernes,20:00,4,3,telefono,3,0,1,12,0,0
R-01656,Sábado,22:00,5,16,instagram,2,0,1,14,0,0
R-01657,Sábado,22:00,1,7,app,5,1,1,33,0,1
R-01658,Viernes,22:00,2,53,instagram,2,0,1,43,1,0
R-01659,Sábado,22:00,4,5,instagram,2,0,1,43,0,0
R-01660,Sábado,22:00,2,16,web,3,1,0,26,0,1
R-01661,Miércoles,22:00,2,16,instagram,2,0,1,11,0,0
R-01662,Sábado,20:00,12,23,telefono,0,0,0,12,0,1
R-01663,Domingo,22:00,4,20,app,1,0,1,32,0,0
R-01664,Sábado,20:00,4,20,instagram,1,0,1,31,0,1
R-01665,Sábado,22:00,2,14,telefono,1,0,1,16,0,0
R-01666,Domingo,20:00,2,10,instagram,1,0,1,10,0,0
R-01667,Sábado,20:00,2,14,instagram,1,0,1,18,0,1
R-01668,Viernes,22:00,2,41,app,1,0,0,41,0,1
R-01669,Viernes,22:00,2,4,instagram,4,1,0,4,0,0
R-01670,Sábado,22:00,2,1,instagram,2,0,1,27,0,0
R-01671,Sábado,22:00,5,9,app,0,0,0,3,0,1
R-01672,Martes,20:00,2,40,instagram,3,0,1,53,0,0
R-01673,Martes,20:00,6,18,web,2,0,1,17,1,0
R-01674,Jueves,22:00,1,10,telefono,1,0,1,44,0,0
R-01675,Sábado,20:00,2,18,instagram,1,0,1,13,0,0
R-01676,Jueves,20:00,2,7,app,3,0,1,5,0,0
R-01677,Jueves,20:00,3,7,web,1,0,1,8,1,0
R-01678,Sábado,20:00,4,2,telefono,2,0,1,27,0,0
R-01679,Miércoles,20:00,4,8,telefono,3,0,1,32,0,0
R-01680,Jueves,20:00,2,4,web,1,0,1,22,1,0
R-01681,Jueves,22:00,2,3,instagram,2,0,1,11,0,0
R-01682,Martes,20:00,4,10,app,0,0,0,19,0,0
R-01683,Sábado,20:00,2,7,web,6,1,1,14,0,0
R-01684,Jueves,20:00,4,4,instagram,6,0,1,6,0,0
R-01685,Viernes,20:00,4,37,instagram,3,0,1,34,0,0
R-01686,Jueves,22:00,2,46,telefono,3,0,1,15,0,0
R-01687,Martes,20:00,5,2,app,3,1,0,19,0,0
R-01688,Sábado,20:00,4,19,telefono,2,0,1,14,0,0
R-01689,Miércoles,20:00,4,22,telefono,3,0,1,5,0,0
R-01690,Jueves,20:00,2,7,telefono,2,1,1,19,0,1
R-01691,Sábado,22:00,3,2,telefono,6,0,1,25,0,0
R-01692,Jueves,22:00,4,3,instagram,3,0,1,5,0,0
R-01693,Viernes,22:00,3,49,app,1,0,1,20,0,1
R-01694,Jueves,20:00,3,5,web,1,0,1,6,0,0
R-01695,Viernes,22:00,2,1,instagram,1,0,1,43,1,0
R-01696,Jueves,22:00,3,6,instagram,2,0,1,16,1,0
R-01697,Viernes,20:00,5,0,web,1,0,1,13,0,0
R-01698,Martes,20:00,4,2,instagram,1,0,1,5,0,0
R-01699,Martes,22:00,2,18,app,2,0,1,10,0,0
R-01700,Viernes,20:00,2,7,web,4,0,1,49,0,0
R-01701,Sábado,22:00,3,20,app,4,1,1,4,1,0
R-01702,Domingo,20:00,2,3,app,1,0,0,10,0,0
R-01703,Sábado,22:00,2,59,app,3,1,1,13,0,1
R-01704,Viernes,22:00,3,6,app,2,0,1,20,0,0
R-01705,Sábado,20:00,3,21,telefono,2,0,1,40,0,0
R-01706,Sábado,22:00,4,3,web,2,0,1,46,1,0
R-01707,Sábado,22:00,6,15,telefono,7,2,0,73,0,1
R-01708,Domingo,20:00,3,18,telefono,5,0,1,15,0,0
R-01709,Jueves,20:00,4,2,instagram,1,1,0,36,0,0
R-01710,Viernes,20:00,2,4,app,2,0,0,32,0,0
R-01711,Sábado,22:00,2,16,instagram,1,0,0,5,0,1
R-01712,Jueves,20:00,6,11,app,1,0,1,13,0,0
R-01713,Miércoles,20:00,5,60,instagram,1,0,1,55,0,0
R-01714,Domingo,22:00,4,9,instagram,3,1,0,33,0,1
R-01715,Martes,22:00,6,35,telefono,0,0,1,13,0,1
R-01716,Domingo,20:00,6,19,telefono,3,0,1,4,0,0
R-01717,Domingo,20:00,8,8,app,1,0,1,14,1,0
R-01718,Miércoles,22:00,5,6,app,3,0,1,7,0,0
R-01719,Sábado,20:00,8,17,instagram,2,0,0,7,0,1
R-01720,Jueves,20:00,2,51,instagram,4,1,0,21,0,0
R-01721,Jueves,20:00,3,3,app,1,0,1,27,0,1
R-01722,Domingo,20:00,2,11,app,1,0,1,12,0,0
R-01723,Domingo,20:00,2,10,telefono,3,0,1,13,0,0
R-01724,Sábado,20:00,3,0,instagram,2,0,1,43,0,0
R-01725,Viernes,22:00,2,5,app,1,0,0,13,0,0
R-01726,Domingo,20:00,4,5,instagram,3,1,1,3,1,0
R-01727,Sábado,20:00,3,0,instagram,2,2,0,21,0,1
R-01728,Domingo,20:00,2,0,telefono,7,0,1,5,0,0
R-01729,Sábado,22:00,3,6,instagram,2,0,1,44,1,0
R-01730,Martes,20:00,2,50,app,0,0,0,41,0,0
R-01731,Sábado,20:00,5,0,instagram,1,1,1,50,0,0
R-01732,Sábado,20:00,4,58,app,1,1,1,24,0,1
R-01733,Domingo,20:00,8,5,telefono,2,0,1,16,0,0
R-01734,Sábado,20:00,10,4,app,3,0,1,37,1,0
R-01735,Martes,22:00,4,25,web,3,1,0,22,1,0
R-01736,Domingo,20:00,2,0,web,3,1,0,69,0,0
R-01737,Viernes,22:00,4,32,web,1,1,0,13,0,1
R-01738,Miércoles,20:00,2,9,app,1,1,0,8,0,1
R-01739,Jueves,22:00,4,12,web,3,0,1,32,0,0
R-01740,Jueves,20:00,5,20,web,2,0,1,9,0,0
R-01741,Sábado,22:00,5,17,app,0,0,0,5,0,1
R-01742,Martes,20:00,3,4,telefono,3,0,1,4,0,0
R-01743,Domingo,20:00,2,14,web,4,0,1,30,0,0
R-01744,Martes,22:00,1,50,instagram,3,0,1,11,0,0
R-01745,Sábado,22:00,6,0,web,2,0,0,32,0,0
R-01746,Jueves,20:00,6,3,app,3,2,0,18,1,0
R-01747,Viernes,22:00,4,32,instagram,5,0,1,42,0,0
R-01748,Miércoles,22:00,5,13,telefono,0,0,1,16,1,0
R-01749,Domingo,20:00,2,21,telefono,7,0,1,28,0,0
R-01750,Miércoles,20:00,4,14,app,1,0,1,52,0,0
R-01751,Viernes,22:00,2,1,app,3,0,1,36,0,0
R-01752,Sábado,22:00,6,32,telefono,3,0,1,11,1,0
R-01753,Viernes,22:00,3,0,instagram,4,2,1,39,0,1
R-01754,Jueves,22:00,3,36,app,3,0,1,68,0,0
R-01755,Jueves,20:00,3,2,app,4,1,1,15,0,0
R-01756,Domingo,22:00,3,0,instagram,2,0,1,7,0,0
R-01757,Miércoles,20:00,6,2,app,2,0,1,24,0,1
R-01758,Martes,22:00,10,32,instagram,2,1,0,33,0,1
R-01759,Domingo,22:00,2,49,app,1,0,1,17,0,0
R-01760,Domingo,20:00,5,2,telefono,3,0,1,51,0,0
R-01761,Sábado,20:00,8,33,app,8,1,0,40,1,1
R-01762,Viernes,22:00,4,3,app,1,0,0,15,0,0
R-01763,Domingo,22:00,4,32,app,0,0,1,11,0,1
R-01764,Viernes,20:00,6,14,instagram,1,0,0,11,0,0
R-01765,Martes,20:00,4,5,instagram,3,0,1,34,0,0
R-01766,Viernes,20:00,4,18,app,3,1,0,5,0,1
R-01767,Viernes,20:00,6,34,instagram,0,0,0,32,1,0
R-01768,Viernes,22:00,4,4,app,2,0,1,32,0,0
R-01769,Domingo,20:00,5,57,web,3,1,1,6,1,0
R-01770,Martes,20:00,8,26,instagram,3,0,0,100,0,0
R-01771,Domingo,20:00,2,0,app,0,0,1,11,0,0
R-01772,Viernes,20:00,6,13,instagram,2,0,1,55,0,0
R-01773,Sábado,22:00,2,14,instagram,3,0,1,2,0,1
R-01774,Viernes,22:00,4,20,instagram,3,2,0,77,0,1
R-01775,Jueves,20:00,4,16,instagram,3,1,1,13,1,0
R-01776,Jueves,20:00,6,1,instagram,2,0,1,47,0,0
R-01777,Jueves,22:00,2,50,instagram,2,1,1,19,0,1
R-01778,Viernes,22:00,10,13,web,2,0,1,20,0,0
R-01779,Sábado,22:00,5,1,app,1,0,1,19,0,0
R-01780,Sábado,20:00,8,8,web,0,0,1,7,0,0
R-01781,Miércoles,22:00,2,5,app,2,0,1,31,1,0
R-01782,Viernes,22:00,4,1,instagram,1,0,0,7,0,0
R-01783,Viernes,22:00,3,12,telefono,2,0,1,8,0,0
R-01784,Sábado,20:00,10,2,app,1,0,1,44,0,0
R-01785,Sábado,22:00,5,18,instagram,5,0,0,39,0,0
R-01786,Sábado,22:00,2,2,app,1,1,1,28,0,1
R-01787,Sábado,20:00,8,0,app,3,0,1,24,0,0
R-01788,Viernes,22:00,3,2,app,1,0,1,10,0,0
R-01789,Sábado,20:00,3,25,web,1,0,1,87,0,1
R-01790,Sábado,20:00,2,3,web,3,2,1,12,1,0
R-01791,Viernes,22:00,4,6,app,4,1,0,13,0,1
R-01792,Miércoles,22:00,6,10,telefono,1,1,1,14,0,0
R-01793,Viernes,20:00,3,5,telefono,1,0,1,40,0,0
R-01794,Jueves,20:00,2,23,telefono,1,0,1,52,0,0
R-01795,Miércoles,20:00,6,21,instagram,2,0,1,2,0,0
R-01796,Jueves,22:00,3,4,instagram,6,0,1,51,0,0
R-01797,Sábado,22:00,2,19,telefono,2,0,1,28,1,0
R-01798,Jueves,22:00,4,37,web,2,1,0,34,0,1
R-01799,Viernes,20:00,2,9,app,4,0,1,7,0,0
R-01800,Viernes,22:00,4,1,web,1,0,1,29,0,0
R-01801,Miércoles,22:00,3,1,telefono,0,0,1,35,0,0
R-01802,Sábado,22:00,2,0,web,2,0,1,8,1,0
R-01803,Viernes,20:00,3,1,web,4,1,1,18,0,0
R-01804,Domingo,20:00,2,9,web,2,0,1,6,0,0
R-01805,Sábado,22:00,3,15,telefono,2,0,1,24,1,0
R-01806,Domingo,20:00,4,0,app,3,0,1,7,0,0
R-01807,Domingo,22:00,4,6,web,2,1,1,17,1,0
R-01808,Viernes,22:00,2,8,instagram,3,0,1,14,0,0
R-01809,Martes,20:00,4,5,web,2,0,1,34,0,0
R-01810,Jueves,22:00,8,9,web,3,0,0,18,0,0
R-01811,Miércoles,20:00,6,6,app,1,0,1,10,0,0
R-01812,Sábado,20:00,3,7,web,1,0,1,27,0,1
R-01813,Miércoles,20:00,5,12,app,1,0,1,13,0,0
R-01814,Sábado,22:00,2,3,telefono,2,0,1,15,0,1
R-01815,Jueves,20:00,4,12,instagram,2,0,1,25,0,0
R-01816,Viernes,20:00,2,11,app,2,0,1,6,0,0
R-01817,Sábado,20:00,2,60,instagram,1,0,1,11,0,0
R-01818,Jueves,20:00,4,7,web,3,1,1,47,0,0
R-01819,Miércoles,20:00,3,2,app,3,1,1,35,0,0
R-01820,Jueves,20:00,4,4,instagram,1,0,1,27,1,0
R-01821,Domingo,20:00,2,14,instagram,5,1,1,38,0,0
R-01822,Viernes,22:00,2,5,telefono,4,0,0,11,0,0
R-01823,Jueves,20:00,2,9,web,1,1,1,18,1,1
R-01824,Miércoles,22:00,8,23,app,4,0,1,27,0,0
R-01825,Martes,22:00,2,20,app,4,1,1,25,1,0
R-01826,Jueves,22:00,8,0,app,1,0,1,8,0,0
R-01827,Sábado,22:00,2,6,web,1,1,0,53,0,1
R-01828,Viernes,22:00,2,8,web,5,1,1,21,0,0
R-01829,Sábado,20:00,4,3,web,1,0,1,38,0,0
R-01830,Domingo,20:00,4,10,instagram,2,0,1,9,0,0
R-01831,Sábado,22:00,2,1,app,1,0,1,40,0,0
R-01832,Jueves,22:00,2,13,instagram,3,0,1,34,0,0
R-01833,Sábado,22:00,2,11,instagram,3,0,0,23,0,1
R-01834,Martes,20:00,2,18,instagram,3,1,1,38,0,0
R-01835,Sábado,22:00,3,33,app,2,0,1,17,0,0
R-01836,Domingo,20:00,4,3,web,7,1,1,54,0,0
R-01837,Sábado,20:00,5,16,instagram,4,1,1,7,0,1
R-01838,Miércoles,20:00,2,2,telefono,3,0,1,11,0,0
R-01839,Sábado,22:00,4,21,telefono,4,2,0,45,0,1
R-01840,Sábado,20:00,8,23,web,1,0,1,3,0,0
R-01841,Viernes,20:00,2,21,web,0,0,0,33,0,0
R-01842,Sábado,22:00,4,5,app,4,0,1,97,0,1
R-01843,Miércoles,20:00,3,51,app,2,1,0,16,0,1
R-01844,Viernes,20:00,2,0,telefono,1,0,1,36,0,0
R-01845,Viernes,22:00,4,3,instagram,3,0,1,3,0,0
R-01846,Sábado,22:00,2,56,web,1,0,1,30,0,1
R-01847,Viernes,22:00,4,7,app,2,0,0,100,0,0
R-01848,Jueves,20:00,4,3,instagram,1,0,1,19,0,0
R-01849,Sábado,22:00,2,57,telefono,0,0,1,20,0,0
R-01850,Miércoles,20:00,2,21,app,2,1,0,9,0,1
R-01851,Viernes,22:00,8,2,instagram,0,0,1,12,1,0
R-01852,Viernes,20:00,4,3,app,2,0,1,15,0,0
R-01853,Sábado,20:00,2,24,instagram,1,0,0,3,0,0
R-01854,Viernes,20:00,5,47,instagram,0,0,1,21,0,1
R-01855,Viernes,22:00,2,41,instagram,1,0,1,59,0,1
R-01856,Sábado,20:00,3,17,app,5,0,1,28,0,0
R-01857,Sábado,20:00,2,5,web,2,0,1,13,0,0
R-01858,Domingo,22:00,8,44,web,2,0,0,14,1,0
R-01859,Viernes,20:00,4,2,app,3,0,1,52,0,0
R-01860,Sábado,20:00,4,0,app,1,0,1,1,0,0
R-01861,Martes,20:00,2,7,app,3,0,1,35,0,1
R-01862,Miércoles,20:00,2,1,instagram,2,1,0,26,0,1
R-01863,Jueves,22:00,2,3,telefono,2,0,1,40,0,0
R-01864,Jueves,22:00,6,45,instagram,1,0,0,22,0,1
R-01865,Viernes,22:00,2,4,telefono,0,0,1,71,0,0
R-01866,Miércoles,20:00,4,45,app,3,0,1,19,0,0
R-01867,Sábado,20:00,2,2,web,1,0,1,7,0,0
R-01868,Sábado,20:00,2,6,instagram,1,0,0,14,0,0
R-01869,Martes,22:00,2,7,web,1,0,1,22,0,0
R-01870,Jueves,20:00,2,26,web,1,0,1,9,1,0
R-01871,Viernes,20:00,2,4,instagram,2,1,1,30,1,0
R-01872,Martes,20:00,6,10,web,2,0,1,39,0,0
R-01873,Miércoles,20:00,4,12,telefono,5,2,0,6,0,1
R-01874,Sábado,22:00,2,16,instagram,2,0,1,11,0,0
R-01875,Viernes,22:00,1,6,app,2,0,1,12,0,0
R-01876,Domingo,22:00,3,47,app,5,2,1,59,1,1
R-01877,Sábado,22:00,6,5,app,2,0,0,5,0,0
R-01878,Sábado,22:00,2,44,instagram,2,0,1,34,0,0
R-01879,Jueves,20:00,4,3,instagram,0,0,0,32,0,0
R-01880,Viernes,22:00,2,3,telefono,1,0,1,38,0,1
R-01881,Domingo,20:00,10,6,web,5,0,0,14,0,0
R-01882,Sábado,22:00,2,0,app,4,0,1,18,0,0
R-01883,Domingo,22:00,2,54,app,3,0,1,11,1,0
R-01884,Jueves,20:00,4,3,telefono,1,0,1,17,0,0
R-01885,Miércoles,20:00,2,5,app,0,0,1,4,0,0
R-01886,Sábado,20:00,6,11,app,2,0,0,8,0,1
R-01887,Miércoles,20:00,5,9,web,3,0,1,20,1,0
R-01888,Martes,20:00,4,2,instagram,1,1,1,34,0,0
R-01889,Viernes,22:00,8,14,instagram,4,0,0,2,0,1
R-01890,Sábado,22:00,3,0,telefono,1,0,1,3,0,0
R-01891,Viernes,20:00,2,4,web,3,1,1,20,0,0
R-01892,Sábado,22:00,2,2,instagram,3,0,1,14,0,0
R-01893,Viernes,20:00,2,4,web,3,0,1,30,0,0
R-01894,Jueves,22:00,2,4,instagram,2,1,1,4,0,0
R-01895,Viernes,22:00,3,3,instagram,4,0,1,48,0,0
R-01896,Sábado,20:00,2,0,instagram,10,1,1,30,0,0
R-01897,Miércoles,22:00,1,38,instagram,5,1,1,27,0,0
R-01898,Sábado,20:00,4,4,telefono,1,0,1,74,1,0
R-01899,Miércoles,20:00,2,60,app,0,0,0,24,0,0
R-01900,Domingo,20:00,6,6,app,1,0,1,5,0,0
R-01901,Viernes,20:00,2,19,instagram,3,2,0,10,0,1
R-01902,Jueves,22:00,2,5,web,3,0,1,23,0,0
R-01903,Martes,22:00,4,21,telefono,2,0,1,8,0,0
R-01904,Jueves,20:00,5,6,app,0,0,1,23,1,0
R-01905,Jueves,20:00,5,11,app,0,0,1,25,0,0
R-01906,Sábado,22:00,6,40,app,4,1,0,17,1,1
R-01907,Sábado,20:00,3,4,app,2,1,1,10,1,0
R-01908,Sábado,22:00,2,24,app,0,0,1,19,1,0
R-01909,Viernes,20:00,1,6,instagram,2,0,1,15,0,0
R-01910,Sábado,20:00,8,3,telefono,2,0,1,9,0,0
R-01911,Viernes,20:00,4,3,instagram,2,0,1,24,1,0
R-01912,Jueves,20:00,8,5,app,4,0,1,23,0,0
R-01913,Jueves,20:00,6,34,app,3,1,0,22,0,1
R-01914,Viernes,22:00,4,7,instagram,1,0,1,39,0,0
R-01915,Sábado,20:00,5,2,instagram,1,0,1,5,0,0
R-01916,Miércoles,20:00,2,5,instagram,2,2,0,16,0,0
R-01917,Sábado,20:00,6,9,instagram,2,0,1,18,1,0
R-01918,Martes,20:00,6,7,telefono,2,1,0,11,0,1
R-01919,Miércoles,22:00,3,10,instagram,3,1,1,31,1,0
R-01920,Sábado,22:00,3,8,web,2,2,1,13,0,0
R-01921,Sábado,20:00,3,29,web,0,0,1,18,0,0
R-01922,Sábado,22:00,4,2,instagram,0,0,0,17,0,0
R-01923,Sábado,20:00,2,14,telefono,2,0,1,6,1,0
R-01924,Jueves,22:00,8,21,web,1,0,0,10,1,0
R-01925,Domingo,20:00,3,4,telefono,5,0,1,32,0,0
R-01926,Sábado,20:00,2,10,app,3,0,1,42,0,0
R-01927,Domingo,20:00,4,29,instagram,2,1,1,3,1,0
R-01928,Domingo,22:00,2,49,instagram,3,1,1,10,0,1
R-01929,Jueves,22:00,12,7,app,1,0,1,42,0,0
R-01930,Domingo,20:00,8,14,instagram,2,1,0,16,0,0
R-01931,Martes,20:00,5,5,web,2,0,1,50,0,0
R-01932,Sábado,20:00,2,12,telefono,3,0,1,39,0,0
R-01933,Jueves,22:00,6,12,instagram,3,2,0,17,0,1
R-01934,Miércoles,20:00,2,7,instagram,1,0,1,31,0,0
R-01935,Viernes,22:00,4,11,web,2,0,0,7,0,0
R-01936,Jueves,22:00,2,40,app,1,0,1,65,0,0
R-01937,Sábado,20:00,4,20,telefono,1,1,1,14,0,0
R-01938,Viernes,20:00,4,16,telefono,4,1,0,19,0,0
R-01939,Jueves,20:00,2,0,app,2,0,1,17,0,0
R-01940,Martes,20:00,2,7,instagram,5,0,1,12,0,0
R-01941,Sábado,22:00,6,18,instagram,3,1,1,9,0,1
R-01942,Sábado,22:00,8,20,app,5,1,0,70,0,1
R-01943,Sábado,22:00,2,8,web,3,0,1,22,0,0
R-01944,Viernes,20:00,12,31,instagram,3,0,1,7,0,1
R-01945,Domingo,20:00,4,7,app,6,2,1,20,0,1
R-01946,Martes,20:00,2,14,instagram,2,0,0,80,0,0
R-01947,Domingo,20:00,3,4,app,1,0,1,53,0,0
R-01948,Sábado,22:00,2,16,instagram,3,0,1,38,0,1
R-01949,Miércoles,20:00,4,7,telefono,2,0,1,23,0,0
R-01950,Domingo,22:00,4,2,instagram,4,0,1,17,0,0
R-01951,Martes,22:00,4,15,telefono,3,0,0,16,0,1
R-01952,Sábado,22:00,2,5,app,1,0,1,18,0,0
R-01953,Jueves,20:00,5,8,app,3,1,0,7,0,1
R-01954,Sábado,22:00,3,18,app,3,0,1,15,0,0
R-01955,Sábado,22:00,2,11,web,2,1,1,17,0,1
R-01956,Miércoles,20:00,6,25,app,2,0,1,30,1,0
R-01957,Jueves,22:00,4,29,instagram,1,1,1,36,1,1
R-01958,Domingo,22:00,1,34,telefono,3,1,0,21,0,1
R-01959,Viernes,22:00,3,2,instagram,6,1,1,13,0,0
R-01960,Miércoles,22:00,5,1,app,1,0,1,1,0,0
R-01961,Martes,20:00,4,24,instagram,1,0,1,29,0,0
R-01962,Miércoles,20:00,3,7,web,2,0,1,21,1,0
R-01963,Miércoles,20:00,5,22,instagram,0,0,1,2,0,0
R-01964,Viernes,20:00,3,27,app,2,0,1,56,0,1
R-01965,Sábado,22:00,2,17,instagram,0,0,1,34,0,0
R-01966,Viernes,20:00,2,1,instagram,1,0,1,30,1,0
R-01967,Miércoles,20:00,6,19,web,2,0,1,16,1,1
R-01968,Viernes,20:00,2,20,telefono,2,0,1,60,0,0
R-01969,Viernes,22:00,4,15,telefono,2,0,1,12,0,0
R-01970,Viernes,20:00,2,3,instagram,2,0,1,13,0,0
R-01971,Sábado,22:00,2,4,instagram,4,0,1,39,0,0
R-01972,Sábado,22:00,2,10,telefono,4,1,1,37,0,0
R-01973,Sábado,22:00,1,11,web,2,1,1,3,1,0
R-01974,Viernes,22:00,1,4,app,3,0,1,22,0,0
R-01975,Martes,22:00,2,6,web,2,0,1,21,0,0
R-01976,Sábado,20:00,5,0,telefono,1,0,1,13,0,0
R-01977,Sábado,22:00,2,47,web,1,0,1,21,0,0
R-01978,Sábado,22:00,3,51,instagram,0,0,1,17,0,0
R-01979,Viernes,22:00,4,0,app,1,0,1,14,0,0
R-01980,Domingo,20:00,4,3,app,1,0,1,24,1,0
R-01981,Miércoles,22:00,6,4,instagram,4,1,0,1,0,1
R-01982,Sábado,20:00,5,15,app,3,0,1,19,1,0
R-01983,Sábado,22:00,6,16,web,0,0,0,17,1,0
R-01984,Sábado,20:00,2,7,app,1,1,0,50,0,1
R-01985,Martes,22:00,10,14,telefono,2,1,1,13,0,0
R-01986,Domingo,20:00,8,21,telefono,1,0,1,27,0,0
R-01987,Martes,20:00,4,6,app,5,1,0,98,0,0
R-01988,Miércoles,20:00,5,6,app,1,0,0,17,0,0
R-01989,Viernes,22:00,2,12,app,4,2,0,16,0,1
R-01990,Sábado,20:00,10,3,instagram,1,0,1,12,0,0
R-01991,Miércoles,20:00,2,52,web,1,0,1,16,0,0
R-01992,Jueves,20:00,5,6,instagram,3,0,1,38,0,0
R-01993,Domingo,22:00,2,4,instagram,1,1,1,16,0,1
R-01994,Jueves,20:00,5,5,telefono,2,1,0,20,0,0
R-01995,Viernes,20:00,4,54,telefono,3,0,1,17,0,0
R-01996,Miércoles,22:00,3,58,telefono,1,0,1,46,0,0
R-01997,Viernes,22:00,2,9,telefono,0,0,1,28,0,0
R-01998,Sábado,22:00,3,50,web,3,0,1,33,1,0
R-01999,Sábado,20:00,2,10,app,2,0,1,2,0,0
R-02000,Jueves,20:00,3,5,app,1,0,1,19,1,0
R-02001,Viernes,20:00,12,5,instagram,2,1,0,95,0,1
R-02002,Sábado,20:00,3,46,web,2,1,0,88,0,1
R-02003,Domingo,22:00,6,7,telefono,2,1,1,51,1,1
R-02004,Sábado,20:00,3,7,telefono,2,1,1,32,0,0
R-02005,Jueves,20:00,6,8,app,3,0,1,8,0,0
R-02006,Martes,20:00,4,57,instagram,1,0,1,3,0,1
R-02007,Jueves,20:00,6,57,telefono,2,0,1,25,0,1
R-02008,Viernes,20:00,5,13,app,3,0,0,44,0,0
R-02009,Jueves,20:00,4,6,app,1,0,1,30,0,0
R-02010,Sábado,20:00,6,0,web,1,1,1,13,1,0
R-02011,Jueves,20:00,4,21,instagram,2,2,0,11,0,1
R-02012,Miércoles,22:00,6,2,instagram,5,0,1,44,0,0
R-02013,Sábado,22:00,4,17,instagram,2,0,0,57,0,1
R-02014,Sábado,20:00,3,3,instagram,2,1,1,46,0,0
R-02015,Jueves,20:00,2,0,web,1,0,1,44,0,0
R-02016,Jueves,22:00,2,21,app,3,0,1,7,0,0
R-02017,Jueves,22:00,6,21,telefono,3,1,0,19,0,0
R-02018,Martes,20:00,2,12,instagram,3,0,1,22,0,0
R-02019,Sábado,22:00,2,9,app,1,0,1,30,0,1
R-02020,Martes,20:00,10,14,app,0,0,1,16,1,0
R-02021,Sábado,20:00,4,26,instagram,1,0,1,4,0,1
R-02022,Sábado,22:00,2,19,telefono,2,1,1,26,0,0
R-02023,Viernes,20:00,4,2,instagram,2,0,1,24,0,0
R-02024,Martes,20:00,3,19,telefono,2,0,1,45,0,0
R-02025,Martes,20:00,2,4,web,1,1,1,46,1,0
R-02026,Viernes,20:00,6,1,telefono,3,3,0,18,0,1
R-02027,Viernes,22:00,2,16,telefono,0,0,1,25,0,0
R-02028,Martes,22:00,8,13,web,1,0,1,4,0,0
R-02029,Martes,20:00,3,5,instagram,1,0,0,3,1,0
R-02030,Sábado,22:00,4,41,app,2,2,0,51,0,1
R-02031,Jueves,22:00,3,7,web,4,1,1,9,1,0
R-02032,Sábado,20:00,3,18,app,2,0,1,11,1,0
R-02033,Miércoles,20:00,6,5,web,4,1,1,14,0,1
R-02034,Jueves,20:00,2,20,instagram,0,0,0,56,0,1
R-02035,Domingo,20:00,10,18,app,2,1,1,32,1,0
R-02036,Miércoles,20:00,4,2,telefono,1,0,1,34,0,0
R-02037,Viernes,20:00,6,14,web,1,0,0,16,0,0
R-02038,Viernes,22:00,2,40,app,2,1,0,13,1,0
R-02039,Sábado,20:00,2,9,app,2,0,1,21,0,1
R-02040,Jueves,22:00,2,1,app,5,0,1,37,0,0
R-02041,Sábado,22:00,6,12,app,1,0,1,28,0,1
R-02042,Jueves,20:00,3,36,telefono,4,1,1,30,0,0
R-02043,Sábado,20:00,5,4,app,1,0,1,21,0,0
R-02044,Martes,20:00,4,5,instagram,2,0,1,13,0,0
R-02045,Miércoles,22:00,2,1,instagram,3,0,1,27,0,0
R-02046,Martes,20:00,3,0,telefono,3,0,1,30,0,0
R-02047,Miércoles,22:00,2,16,instagram,4,0,0,44,0,0
R-02048,Sábado,20:00,4,5,instagram,2,1,1,40,0,0
R-02049,Viernes,20:00,2,38,web,1,0,1,6,0,0
R-02050,Sábado,22:00,4,47,web,3,0,1,32,0,0
R-02051,Domingo,22:00,3,0,telefono,1,0,1,13,0,0
R-02052,Miércoles,22:00,4,55,telefono,2,1,1,10,0,0
R-02053,Sábado,22:00,3,3,instagram,2,0,1,17,0,0
R-02054,Domingo,20:00,4,2,web,1,0,1,15,0,0
R-02055,Jueves,20:00,3,44,instagram,4,0,1,29,1,0
R-02056,Martes,20:00,2,5,app,1,0,1,11,0,0
R-02057,Viernes,22:00,8,20,instagram,1,1,1,28,1,0
R-02058,Viernes,22:00,4,3,web,2,0,1,8,0,0
R-02059,Sábado,22:00,2,1,web,3,2,1,20,0,0
R-02060,Sábado,22:00,3,0,telefono,3,0,1,8,0,0
R-02061,Jueves,22:00,5,1,telefono,1,0,1,12,0,0
R-02062,Miércoles,22:00,4,7,web,3,0,1,31,0,0
R-02063,Jueves,20:00,3,2,app,2,0,1,7,0,0
R-02064,Viernes,22:00,4,2,telefono,0,0,1,37,0,0
R-02065,Miércoles,22:00,5,4,telefono,3,1,1,12,1,0
R-02066,Jueves,22:00,10,0,telefono,0,0,1,13,0,0
R-02067,Domingo,20:00,2,3,instagram,1,0,0,11,0,1
R-02068,Viernes,22:00,8,13,app,4,1,1,54,0,1
R-02069,Miércoles,20:00,3,46,instagram,3,1,0,25,0,1
R-02070,Sábado,20:00,4,30,web,2,1,1,82,1,1
R-02071,Viernes,20:00,3,4,web,4,1,1,38,0,0
R-02072,Viernes,22:00,3,4,app,0,0,1,4,0,0
R-02073,Viernes,20:00,3,55,instagram,2,0,1,33,0,0
R-02074,Miércoles,22:00,5,6,web,3,0,1,45,0,0
R-02075,Sábado,22:00,3,51,app,3,0,0,9,1,0
R-02076,Viernes,20:00,5,6,telefono,1,0,1,3,0,0
R-02077,Domingo,22:00,2,0,web,5,0,1,7,1,0
R-02078,Martes,20:00,1,5,telefono,2,1,0,6,0,0
R-02079,Sábado,22:00,2,18,web,5,1,1,31,1,0
R-02080,Viernes,22:00,2,37,app,0,0,1,18,0,1
R-02081,Viernes,22:00,2,4,app,4,0,1,50,0,0
R-02082,Sábado,20:00,3,28,web,5,1,0,25,0,0
R-02083,Jueves,20:00,4,37,instagram,2,0,1,18,0,0
R-02084,Viernes,20:00,6,20,telefono,3,0,0,29,0,1
R-02085,Miércoles,20:00,12,5,instagram,2,0,0,46,0,0
R-02086,Viernes,22:00,4,4,app,3,0,0,32,0,0
R-02087,Viernes,22:00,6,13,app,2,1,1,8,0,1
R-02088,Martes,20:00,4,1,app,0,0,1,29,1,0
R-02089,Jueves,22:00,5,2,app,1,0,1,43,0,0
R-02090,Viernes,22:00,6,21,app,5,0,0,31,0,1
R-02091,Viernes,22:00,4,6,app,1,0,1,17,0,0
R-02092,Miércoles,20:00,3,21,app,4,1,1,15,0,0
R-02093,Sábado,22:00,5,30,web,0,0,1,42,0,0
R-02094,Sábado,22:00,5,14,web,1,0,1,23,0,0
R-02095,Jueves,22:00,10,28,instagram,4,0,0,21,1,1
R-02096,Martes,22:00,5,15,app,2,1,0,53,0,1
R-02097,Miércoles,20:00,4,6,instagram,1,0,1,10,0,0
R-02098,Sábado,22:00,2,5,app,2,1,0,26,0,0
R-02099,Viernes,20:00,1,16,web,1,0,1,6,0,0
R-02100,Miércoles,22:00,2,6,app,5,1,1,6,1,0
R-02101,Miércoles,20:00,4,54,telefono,0,0,1,74,0,0
R-02102,Sábado,22:00,2,50,app,7,0,1,12,0,0
R-02103,Sábado,22:00,4,7,app,2,0,1,5,1,0
R-02104,Sábado,20:00,2,3,instagram,4,2,1,12,0,1
R-02105,Miércoles,20:00,2,8,telefono,0,0,1,27,0,0
R-02106,Domingo,22:00,6,8,app,2,0,1,34,0,0
R-02107,Jueves,20:00,2,36,app,3,0,1,100,1,0
R-02108,Viernes,20:00,6,7,instagram,3,0,1,33,1,0
R-02109,Jueves,20:00,4,53,instagram,0,0,1,30,1,1
R-02110,Domingo,22:00,2,7,app,2,0,1,4,1,0
R-02111,Sábado,22:00,2,17,web,3,2,0,30,0,1
R-02112,Viernes,22:00,4,9,app,2,0,1,15,1,0
R-02113,Viernes,22:00,2,19,instagram,1,0,0,9,0,1
R-02114,Sábado,22:00,4,16,web,3,1,0,8,1,0
R-02115,Viernes,22:00,4,18,instagram,3,0,1,47,0,0
R-02116,Viernes,20:00,1,23,instagram,0,0,0,75,0,1
R-02117,Miércoles,22:00,2,2,telefono,2,0,1,49,0,0
R-02118,Sábado,22:00,5,6,instagram,0,0,1,15,0,0
R-02119,Martes,22:00,2,5,web,1,1,1,8,0,1
R-02120,Domingo,20:00,5,0,telefono,3,0,1,9,0,0
R-02121,Domingo,20:00,5,20,telefono,3,0,1,16,0,0
R-02122,Viernes,20:00,5,14,app,1,0,1,17,0,0
R-02123,Miércoles,20:00,6,0,telefono,5,1,1,27,0,1
R-02124,Jueves,20:00,3,5,instagram,3,0,1,27,0,0
R-02125,Miércoles,22:00,8,15,web,3,0,0,24,0,0
R-02126,Sábado,22:00,2,2,instagram,1,0,1,39,0,0
R-02127,Viernes,20:00,2,6,app,1,0,1,2,1,0
R-02128,Domingo,20:00,4,2,app,1,0,1,38,0,0
R-02129,Jueves,20:00,2,7,telefono,4,0,1,26,0,0
R-02130,Jueves,22:00,4,0,app,3,1,1,9,0,0
R-02131,Sábado,22:00,2,0,telefono,1,1,1,20,0,0
R-02132,Domingo,20:00,4,15,web,2,0,1,14,0,0
R-02133,Viernes,20:00,3,13,web,1,0,1,31,0,0
R-02134,Miércoles,22:00,2,44,app,1,0,1,14,0,1
R-02135,Miércoles,20:00,4,20,app,1,0,1,12,0,0
R-02136,Sábado,20:00,10,34,telefono,2,0,1,18,0,1
R-02137,Sábado,20:00,2,37,telefono,5,2,0,9,0,1
R-02138,Domingo,22:00,2,35,instagram,1,0,0,55,0,1
R-02139,Sábado,22:00,2,7,instagram,0,0,1,8,1,0
R-02140,Sábado,22:00,8,33,instagram,2,0,1,28,0,1
R-02141,Sábado,22:00,5,13,web,3,1,0,15,0,0
R-02142,Viernes,22:00,1,5,app,2,0,1,10,0,0
R-02143,Sábado,22:00,2,3,telefono,2,0,1,25,0,0
R-02144,Jueves,20:00,5,5,telefono,0,0,1,3,0,0
R-02145,Miércoles,20:00,2,11,app,2,1,1,33,0,0
R-02146,Jueves,20:00,3,21,app,2,0,1,25,0,0
R-02147,Viernes,22:00,2,1,instagram,3,0,1,17,0,0
R-02148,Domingo,22:00,2,3,telefono,3,0,1,8,0,0
R-02149,Sábado,22:00,3,0,telefono,2,0,1,4,0,0
R-02150,Sábado,20:00,3,7,instagram,4,0,1,12,1,0
R-02151,Domingo,22:00,6,2,web,2,0,1,30,0,0
R-02152,Viernes,22:00,3,41,web,2,0,1,9,0,0
R-02153,Domingo,22:00,8,24,web,7,0,1,21,0,1
R-02154,Domingo,22:00,4,1,app,2,0,1,9,0,0
R-02155,Miércoles,20:00,3,7,instagram,3,0,1,22,0,0
R-02156,Viernes,22:00,2,5,instagram,2,0,1,12,0,0
R-02157,Jueves,20:00,3,51,app,4,1,0,26,1,0
R-02158,Miércoles,20:00,10,37,telefono,1,0,0,60,0,1
R-02159,Domingo,22:00,4,8,web,3,0,1,45,0,0
R-02160,Viernes,20:00,2,5,app,1,0,1,42,0,0
R-02161,Domingo,20:00,2,1,instagram,2,0,1,5,0,0
R-02162,Sábado,20:00,4,2,telefono,1,0,1,61,0,0
R-02163,Martes,20:00,4,13,web,2,0,1,19,0,0
R-02164,Viernes,20:00,4,3,web,3,1,1,4,0,0
R-02165,Sábado,22:00,4,8,telefono,4,1,1,7,0,0
R-02166,Jueves,20:00,2,4,app,4,1,0,23,0,1
R-02167,Jueves,20:00,2,12,telefono,2,1,1,7,0,1
R-02168,Miércoles,22:00,2,3,web,2,0,1,5,0,0
R-02169,Viernes,22:00,2,10,app,0,0,0,48,0,0
R-02170,Domingo,20:00,4,20,app,6,1,1,18,1,1
R-02171,Martes,20:00,6,2,app,1,0,1,53,0,0
R-02172,Domingo,20:00,4,0,app,0,0,1,27,0,0
R-02173,Sábado,20:00,5,7,instagram,2,0,1,12,1,0
R-02174,Jueves,20:00,5,0,telefono,1,0,1,14,0,0
R-02175,Domingo,20:00,3,5,telefono,1,0,0,22,0,0
R-02176,Domingo,22:00,4,9,instagram,1,0,1,45,0,0
R-02177,Domingo,20:00,5,57,instagram,1,1,1,6,0,1
R-02178,Viernes,22:00,8,7,app,0,0,1,37,0,1
R-02179,Viernes,22:00,5,5,app,0,0,1,10,0,0
R-02180,Sábado,20:00,3,0,instagram,1,1,1,2,0,0
R-02181,Domingo,20:00,2,4,telefono,0,0,1,21,0,0
R-02182,Jueves,20:00,2,2,web,0,0,0,29,0,0
R-02183,Jueves,20:00,4,47,instagram,5,0,0,17,0,0
R-02184,Viernes,20:00,2,52,web,2,0,1,13,0,0
R-02185,Martes,20:00,5,6,web,0,0,1,14,0,0
R-02186,Sábado,22:00,2,28,web,2,0,1,12,0,0
R-02187,Viernes,20:00,3,57,telefono,0,0,1,4,0,0
R-02188,Viernes,20:00,3,1,instagram,3,1,1,7,0,0
R-02189,Sábado,22:00,10,3,web,1,0,1,24,0,0
R-02190,Sábado,22:00,3,17,instagram,1,0,1,5,0,1
R-02191,Sábado,22:00,4,0,telefono,1,1,1,10,0,0
R-02192,Jueves,20:00,8,4,app,5,0,1,10,0,0
R-02193,Jueves,20:00,5,4,app,1,0,1,5,0,0
R-02194,Jueves,20:00,4,1,instagram,1,0,1,32,0,0
R-02195,Viernes,20:00,6,1,web,2,1,1,44,0,0
R-02196,Sábado,22:00,3,5,web,0,0,1,8,1,0
R-02197,Martes,20:00,2,21,app,3,1,0,3,0,1
R-02198,Sábado,22:00,2,11,app,4,1,1,38,0,1
R-02199,Sábado,22:00,2,6,web,2,0,0,33,0,0
R-02200,Viernes,20:00,2,7,telefono,2,0,1,18,1,0
