id_inscripcion,curso,edad,provincia,nivel_educativo,trabaja,horas_trabajo_semanales,experiencia_previa,modalidad_pago,precio_pagado_ars,precio_pagado_usd,dispositivo_principal,hora_inscripcion,logins_semana_1,logins_semana_2,segundos_video_vistos,mensajes_foro,entregas_a_tiempo,nota_primera_entrega,dias_desde_ultimo_login,logins_semana_6,encuesta_salida_completada,abandono
L00883,Python Inicial,40,Buenos Aires,Secundario,Si,51.0,Si,Cuotas,273000,226.8,Celular,17,6,4,115442,0,1,8.8,1,2,No,0
L02147,Data Analytics,45,CABA,Posgrado,No,0.0,No,Pago unico,360000,288.7,Computadora,20,5,5,71730,1,0,7.2,4,1,No,0
L02454,UX/UI,36,CABA,Secundario,Si,43.0,No,Pago unico,368000,319.2,Computadora,19,3,1,28956,0,0,6.9,1,1,No,0
L01969,Data Analytics,32,Buenos Aires,Posgrado,Si,37.0,No,Cuotas,442000,369.4,Computadora,23,4,1,58315,1,1,8.7,9,1,Si,1
L02851,UX/UI,37,Cordoba,Universitario,Si,42.0,Si,Pago unico,352000,285.0,Computadora,14,2,10,184195,1,2,9.7,0,9,No,0
L01893,python inicial,23,Cordoba,Posgrado,No,0.0,Si,Beca,34000,28.3,Celular,2,1,1,69200,1,0,5.6,5,3,No,0
L02579,Data Analytics,47,CABA,Universitario,Si,43.0,Si,Cuotas,446000,365.7,Computadora,22,4,4,79201,0,0,4.4,4,4,No,0
L03179,Data Analytics,37,Buenos Aires,Secundario,Si,,Si,Cuotas,479000,385.9,Celular,6,1,6,82909,0,0,,0,0,No,0
L02388,UX/UI,18,Buenos Aires,Terciario,No,0.0,No,Cuotas,433000,355.5,Computadora,23,1,5,141906,1,1,6.0,1,4,No,0
L00663,UX/UI,22,CABA,Terciario,Si,,No,Cuotas,399000,346.3,Tablet,17,2,0,41182,1,0,,8,0,Si,1
L02607,UX/UI,25,CABA,Universitario,Si,38.0,No,Cuotas,410000,347.2,Celular,20,4,0,0,0,0,,6,0,Si,1
L02141,Programacion Web,27,Otra,Universitario,Si,29.0,No,Pago unico,448000,382.5,Tablet,18,0,2,90819,0,0,7.2,5,4,No,0
L02966,Producto Digital,23,CABA,Universitario,No,0.0,Si,Beca,101000,85.5,Computadora,11,8,4,144732,4,1,10.0,3,8,No,0
L03167,Marketing Digital,23,Mendoza,Posgrado,No,0.0,No,Beca,6000,5.0,Computadora,4,2,0,78874,0,0,,9,0,Si,1
L03183,Data Analytics,25,CABA,Secundario,No,0.0,No,Pago unico,392000,317.0,Computadora,10,8,12,179616,4,2,10.0,1,7,No,0
L01297,Programacion Web,35,Santa Fe,Terciario,Si,33.0,No,Pago unico,419000,363.7,Celular,3,4,1,33550,0,0,,1,0,Si,1
L02235,Data Analytics,51,Santa Fe,Secundario,Si,48.0,No,Cuotas,452000,369.4,Celular,4,3,0,70451,0,0,8.0,3,0,No,0
L01873,Data Analytics,39,Cordoba,Secundario,No,0.0,Si,Cuotas,431000,349.9,Computadora,0,2,4,185376,1,2,6.2,2,4,No,0
L01193,Marketing Digital,17,Cordoba,Secundario,No,0.0,Si,Pago unico,272000,233.0,Computadora,23,7,7,153883,2,2,,0,4,No,0
L03107,Programacion Web,23,CABA,Terciario,No,0.0,No,Cuotas,544000,466.6,Celular,8,3,0,25630,0,2,3.7,6,3,No,0
L03026,Python inicial,17,CABA,Universitario,No,0.0,Si,Beca,17000,14.2,Computadora,5,1,6,98440,0,1,6.5,0,2,No,0
L03182,Data Analytics,38,Buenos Aires,Terciario,Si,39.0,No,Pago unico,363000,296.3,Celular,21,7,3,116304,1,2,5.7,3,1,No,0
L00403,Programacion Web,34,CABA,Universitario,No,0.0,Si,Cuotas,535000,432.6,Computadora,16,6,7,110587,1,2,8.6,5,1,No,1
L00082,Marketing Digital,34,Buenos Aires,Universitario,No,0.0,Si,Beca,35000,28.4,Celular,0,4,11,207208,4,2,6.9,0,5,No,0
L01041,Producto Digital,59,CABA,Secundario,Si,23.0,No,Pago unico,321000,272.8,Celular,9,1,1,56187,0,1,,5,1,No,1
L00558,Programacion Web,17,CABA,Secundario,No,0.0,Si,Cuotas,538000,449.5,Celular,12,3,3,135994,2,2,9.7,0,5,No,0
L00158,UX/UI,24,Santa Fe,Secundario,Si,,Si,Beca,111000,95.1,Celular,23,4,8,160844,1,2,,2,2,No,0
L01104,Python Inicial,30,Buenos Aires,Universitario,Si,27.0,No,Pago unico,231000,189.6,Computadora,19,2,1,20948,1,0,,11,0,Si,1
L01964,Programacion Web,23,Otra,Posgrado,Si,33.0,No,Cuotas,539000,461.2,Tablet,4,8,9,186222,4,2,9.6,2,8,No,0
L00525,Programación Web,17,Cordoba,Terciario,No,0.0,No,Beca,86000,70.6,Computadora,9,0,1,82870,0,2,6.0,2,2,No,0
L01127,UX/UI,30,Otra,Posgrado,Si,24.0,No,Beca,99000,81.6,Computadora,3,9,7,154956,0,1,7.0,4,4,No,0
L02763,Marketing Digital,49,CABA,Universitario,No,0.0,No,Pago unico,284000,230.0,Tablet,9,3,1,74397,1,1,7.3,2,1,No,0
L03145,Python inicial,19,Mendoza,Posgrado,No,0.0,No,Pago unico,235000,202.2,Tablet,18,1,4,122894,0,2,6.7,2,1,No,0
L03081,Data Analytics,31,Buenos Aires,Secundario,No,0.0,No,Cuotas,479000,404.6,Celular,23,4,4,132805,1,2,6.9,2,6,No,0
L03105,Python Inicial,20,CABA,Universitario,Si,38.0,No,Beca,59000,49.0,Computadora,8,4,5,131017,3,2,8.4,0,6,No,0
L02702,Data Analytics,35,Mendoza,Terciario,Si,41.0,Si,Cuotas,426000,343.3,Celular,18,8,4,170986,2,1,8.9,0,4,No,0
L00703,Producto Digital,27,Cordoba,Universitario,No,0.0,No,Cuotas,405000,326.7,Celular,10,2,6,149092,3,2,7.1,0,2,No,0
L00432,Data analytics ,22,Buenos Aires,Posgrado,No,0.0,No,Pago unico,372000,310.6,Celular,20,2,3,79026,1,2,6.3,5,1,No,0
L01217,Data analytics ,28,CABA,Universitario,No,0.0,No,Pago unico,391000,336.0,Computadora,21,5,3,112857,3,1,7.5,1,7,No,0
L01610,Python Inicial,32,Buenos Aires,Secundario,No,0.0,No,Cuotas,273000,228.6,Computadora,8,4,1,79877,1,2,6.8,1,2,No,0
L00071,UX/UI,31,Cordoba,Posgrado,Si,27.0,No,Cuotas,402000,327.2,Computadora,16,1,1,71434,1,2,9.2,1,4,No,0
L00625,Python inicial,25,Buenos Aires,Secundario,Si,57.0,No,Cuotas,277000,232.5,Celular,3,1,0,0,0,0,,14,1,Si,1
L02393,Producto Digital,45,Buenos Aires,Secundario,Si,33.0,No,Pago unico,315000,259.6,Computadora,17,3,2,122889,2,2,6.8,2,4,No,0
L02312,UX/UI,17,CABA,Universitario,No,0.0,Si,Cuotas,429000,346.0,Computadora,14,6,2,111625,1,2,9.0,2,2,No,0
L02416,Marketing Digital,17,Cordoba,Secundario,No,0.0,Si,Pago unico,285000,231.4,Tablet,22,6,8,191111,3,2,8.0,2,4,No,0
L00514,Data Analytics,20,Mendoza,Secundario,No,0.0,No,Pago unico,383000,312.8,Celular,23,7,2,55675,1,2,6.9,5,1,No,0
L00971,Programacion Web,39,Santa Fe,Terciario,Si,27.0,No,Cuotas,544000,456.3,Computadora,23,3,4,153361,3,2,7.7,0,6,No,0
L02743,Marketing Digital,30,Mendoza,Secundario,No,0.0,No,Cuotas,345000,296.8,Computadora,1,1,2,0,0,0,,5,0,Si,1
L02276,UX/UI,43,CABA,Universitario,Si,50.0,No,Pago unico,336000,278.2,Computadora,1,4,7,112636,1,2,8.7,0,0,No,0
L02584,Python Inicial,31,CABA,Universitario,Si,55.0,No,Pago unico,243000,210.7,Tablet,8,2,3,46027,1,0,,5,2,No,0
L00598,Programacion Web,23,CABA,Universitario,No,0.0,Si,Pago unico,422000,340.1,Celular,1,5,6,117746,2,1,5.6,1,0,No,0
L01596,Marketing Digital,33,Cordoba,Universitario,Si,31.0,Si,Cuotas,317000,263.4,Computadora,20,3,4,104917,2,2,5.8,0,3,No,0
L02381,Producto Digital,18,CABA,Secundario,No,0.0,No,Cuotas,371000,315.1,Computadora,20,9,4,159464,4,2,9.1,0,7,No,0
L00178,Data Analytics,19,Buenos Aires,Universitario,No,0.0,Si,Cuotas,462000,400.3,Tablet,17,12,12,201422,1,2,10.0,0,7,No,0
L00153,Marketing Digital,17,CABA,Terciario,No,0.0,Si,Cuotas,342000,296.5,Computadora,3,4,6,160520,2,1,,3,2,No,0
L03078,Data Analytics,27,Mendoza,Universitario,No,0.0,No,Cuotas,442000,353.9,Celular,17,3,6,95499,1,0,7.5,2,4,No,0
L01280,Marketing Digital,26,Buenos Aires,Secundario,No,0.0,No,Cuotas,328000,276.9,Computadora,16,5,2,57142,0,1,,13,0,Si,1
L01903,Producto Digital,21,CABA,Terciario,Si,26.0,No,Cuotas,386000,320.4,Celular,17,5,3,17233,1,2,,1,0,No,1
L01823,UX/UI,34,Cordoba,Posgrado,No,0.0,Si,Pago unico,357000,304.0,Computadora,16,4,3,122379,0,1,7.4,2,3,No,0
L01137,Marketing Digital,36,Santa Fe,Terciario,Si,41.0,No,Pago unico,266000,216.1,Celular,9,4,2,18942,0,0,4.0,9,0,Si,1
L02804,Data Analytics,28,Buenos Aires,Universitario,No,0.0,No,Cuotas,453000,364.4,Celular,11,4,0,103910,0,2,8.3,1,4,No,0
L02698,Marketing Digital,17,CABA,Universitario,No,0.0,No,Beca,91000,77.0,Celular,21,10,9,147194,2,2,9.0,1,2,No,0
L03024,Producto Digital,39,Buenos Aires,Posgrado,No,0.0,No,Cuotas,407000,352.6,Computadora,7,3,1,11880,0,0,,3,0,Si,1
L00262,UX / UI,22,CABA,Posgrado,No,0.0,No,Cuotas,428000,350.7,Celular,1,1,1,10544,0,1,6.2,2,0,No,0
L00373,Python Inicial,37,Santa Fe,Terciario,Si,37.0,Si,Pago unico,235000,198.5,Computadora,1,6,9,88955,1,2,7.5,1,1,No,0
L02398,UX/UI,28,Otra,Universitario,No,0.0,Si,Cuotas,395000,326.3,Celular,3,1,0,45270,1,1,8.6,5,0,No,0
L01400,Python Inicial,43,CABA,Terciario,Si,28.0,Si,Beca,51000,43.6,Computadora,6,1,3,65461,0,0,8.1,0,2,No,0
L02999,UX/UI,33,Mendoza,Secundario,Si,35.0,Si,Cuotas,430000,353.1,Celular,9,9,5,64067,3,0,,1,7,No,0
L03091,Python Inicial,19,CABA,Secundario,Si,42.0,No,Cuotas,265000,220.9,Computadora,21,5,2,61438,0,1,5.2,0,2,No,0
L02719,Data Analytics,33,Buenos Aires,Universitario,No,0.0,No,Pago unico,399000,334.8,Celular,18,10,6,74368,1,2,,3,6,No,0
L03072,Programacion Web,28,Buenos Aires,Universitario,No,0.0,No,Beca,138000,110.8,Computadora,3,4,2,17708,0,0,,2,1,No,0
L02020,Python Inicial,23,Otra,Universitario,Si,52.0,No,Pago unico,240000,193.3,Tablet,21,8,8,235668,3,2,10.0,0,10,No,0
L00840,Marketing Digital,19,Santa Fe,Universitario,Si,31.0,No,Cuotas,331000,283.1,Celular,16,3,6,148521,1,2,8.2,1,0,Si,1
L01014,Python Inicial,22,CABA,Universitario,No,0.0,No,Cuotas,295000,241.2,Celular,18,0,1,44799,0,0,6.3,2,0,No,0
L02342,Marketing Digital,31,Buenos Aires,Secundario,No,0.0,No,Pago unico,281000,243.0,Celular,2,2,5,110499,1,2,8.3,1,5,No,0
L01151,UX/UI,23,CABA,Secundario,No,0.0,No,Cuotas,446000,359.3,Tablet,23,4,3,88454,0,2,4.1,3,0,No,0
L00697,Python Inicial,17,Santa Fe,Posgrado,Si,,No,Beca,22000,17.6,Computadora,22,1,1,115059,1,1,6.8,0,3,No,0
L02659,Producto Digital,33,Buenos Aires,Universitario,No,0.0,No,Cuotas,382000,318.9,Celular,16,1,2,136361,3,1,5.9,9,4,No,0
L00441,Marketing Digital,30,Buenos Aires,Universitario,Si,28.0,No,Cuotas,340000,292.5,Computadora,0,4,2,129833,0,0,7.5,1,4,No,0
L01074,Python Inicial,48,Cordoba,Secundario,Si,40.0,No,Cuotas,267000,224.0,Computadora,15,2,0,0,0,0,,14,0,Si,1
L02351,Programacion Web,44,Otra,Universitario,Si,35.0,Si,Pago unico,416000,348.2,Celular,21,8,3,96052,2,2,9.7,0,6,No,0
L00676,Data Analytics,17,Otra,Secundario,No,0.0,Si,Cuotas,439000,378.1,Computadora,7,5,3,126292,0,2,7.7,5,3,No,0
L01502,Marketing Digital,26,Buenos Aires,Terciario,No,0.0,Si,Cuotas,323000,264.2,Computadora,16,2,3,63732,1,0,7.4,4,5,No,0
L02887,Python Inicial,20,CABA,Universitario,Si,39.0,No,Pago unico,241000,201.6,Computadora,4,2,9,148835,2,2,6.8,3,1,No,0
L01444,Producto Digital,19,Cordoba,Universitario,Si,38.0,No,Cuotas,393000,329.6,Computadora,0,2,4,44343,1,1,3.0,2,0,Si,1
L01651,Data Analytics,17,Cordoba,Secundario,No,0.0,No,Cuotas,434000,350.5,Computadora,15,8,2,125454,3,2,,1,4,No,0
L02228,UX/UI,19,CABA,Universitario,No,0.0,Si,Cuotas,415000,333.4,Computadora,8,3,3,132078,1,2,6.9,1,6,No,0
L00490,Data Analytics,21,Otra,Universitario,No,0.0,No,Cuotas,446000,375.1,Celular,16,1,2,0,0,0,,2,0,No,1
L00052,Programacion Web,41,Buenos Aires,Secundario,No,0.0,Si,Cuotas,510000,428.1,Computadora,3,6,15,161751,4,1,10.0,1,0,Si,1
L03188,marketing digital,17,Santa Fe,Terciario,No,0.0,No,Cuotas,340000,278.3,Tablet,14,3,4,79271,1,1,7.8,4,6,No,0
L00899,Marketing Digital,23,Cordoba,Terciario,No,0.0,No,Cuotas,317000,254.7,Computadora,18,1,1,46813,0,0,4.7,8,2,No,0
L02376,programacion web,30,Mendoza,Universitario,Si,32.0,No,Cuotas,539000,450.9,Celular,21,2,0,311,1,0,,2,0,No,0
L00758,Python Inicial,33,Buenos Aires,Universitario,No,0.0,No,Pago unico,234000,201.5,Computadora,2,2,8,206984,3,2,7.4,0,8,No,0
L02061,Python Inicial,44,Buenos Aires,Terciario,No,0.0,No,Beca,64000,51.2,Computadora,0,2,4,136493,0,2,4.9,1,0,No,1
L00342,Producto Digital,45,CABA,Universitario,Si,51.0,No,Cuotas,407000,338.6,Computadora,22,7,3,102592,2,1,7.4,2,5,No,0
L01345,Marketing Digital,29,CABA,Terciario,No,0.0,No,Pago unico,273000,225.6,Computadora,6,5,3,118697,3,2,7.8,1,5,No,0
L02387,Programacion Web,31,Cordoba,Terciario,Si,34.0,No,Beca,108000,87.3,Celular,15,2,5,0,0,1,,14,1,Si,1
L02463,Mkt Digital,35,CABA,Universitario,No,0.0,No,Cuotas,345000,292.0,Computadora,13,2,6,145779,0,1,8.6,2,4,No,0
L01993,UX/UI,37,Cordoba,Posgrado,Si,39.0,No,Pago unico,352000,299.1,Tablet,14,3,6,114186,3,2,7.5,1,5,No,0
L02988,Programacion Web,38,CABA,Universitario,Si,43.0,No,Pago unico,416000,349.1,Computadora,6,2,0,83384,3,0,5.8,0,3,No,0
L01674,Data Analytics,45,CABA,Secundario,Si,36.0,No,Cuotas,462000,401.4,Computadora,5,3,2,0,0,0,,2,0,Si,1
L02947,Programacion Web,23,CABA,Terciario,No,0.0,Si,Cuotas,546000,450.3,Celular,4,3,0,118168,4,1,6.7,1,9,No,0
L01584,Python Inicial,47,CABA,Terciario,Si,39.0,Si,Pago unico,231000,190.8,Celular,11,1,6,75710,1,1,7.6,1,3,No,0
L01722,Python Inicial,36,CABA,Terciario,Si,49.0,No,Beca,4000,3.3,Celular,19,3,0,0,1,0,6.5,3,1,No,0
L03190,Producto Digital,34,Mendoza,Terciario,No,0.0,No,Cuotas,362000,293.2,Computadora,3,3,1,51637,0,2,8.5,12,0,Si,1
L01590,Python Inicial,48,CABA,Universitario,Si,42.0,Si,Pago unico,235000,194.2,Computadora,11,2,3,90419,1,1,,1,1,No,0
L02701,Producto Digital,27,Buenos Aires,Secundario,Si,28.0,Si,Pago unico,333000,285.2,Celular,10,4,6,158426,3,1,7.0,1,7,No,0
L02502,Data analytics ,29,CABA,Universitario,Si,,No,Pago unico,357000,288.5,Celular,1,6,0,136817,1,2,8.1,0,5,No,0
L01947,Data Analytics,43,Buenos Aires,Secundario,Si,32.0,No,Pago unico,361000,293.2,Computadora,6,4,2,36472,0,1,,2,3,No,0
L02511,Data Analytics,17,CABA,Universitario,No,0.0,Si,Cuotas,427000,347.1,Celular,15,8,6,129261,0,1,8.2,1,6,No,0
L00421,Data Analytics,25,Mendoza,Universitario,Si,38.0,No,Cuotas,427000,347.4,Computadora,18,2,1,75442,0,0,6.1,3,3,No,0
L00567,Producto Digital,43,Otra,Secundario,No,0.0,No,Cuotas,368000,315.2,Celular,1,5,7,132857,1,1,9.2,3,9,No,0
L01790,Programacion Web,17,Cordoba,Terciario,Si,42.0,No,Beca,118000,101.3,Computadora,21,1,7,54848,0,1,6.9,1,4,No,0
L02275,Producto Digital,30,Buenos Aires,Terciario,Si,44.0,No,Cuotas,385000,319.2,Computadora,15,3,1,81518,0,1,,14,3,No,0
L00727,Producto Digital,29,Buenos Aires,Secundario,No,0.0,Si,Cuotas,368000,310.9,Computadora,15,4,1,36805,0,1,7.5,0,5,No,0
L01529,Producto Digital,28,Buenos Aires,Universitario,No,0.0,No,Pago unico,329000,275.5,Tablet,2,3,3,91576,3,1,6.0,5,1,No,0
L02321,Marketing Digital,19,Buenos Aires,Terciario,No,0.0,Si,Beca,6000,4.8,Celular,20,2,0,83292,0,1,5.1,1,2,No,0
L00445,Programacion Web,35,CABA,Universitario,Si,39.0,Si,Cuotas,513000,433.7,Celular,12,4,6,186737,1,2,8.5,1,4,No,0
L02449,UX/UI,37,Santa Fe,Secundario,Si,36.0,Si,Cuotas,421000,338.7,Computadora,20,0,5,118091,1,1,6.6,3,7,No,0
L02331,Python Inicial,22,CABA,Universitario,No,0.0,Si,Beca,74000,63.9,Computadora,2,0,2,0,1,1,,1,1,No,1
L00275,UX/UI,17,Otra,Secundario,No,0.0,Si,Cuotas,439000,358.9,Computadora,15,7,1,63454,1,2,6.3,2,10,No,0
L01675,Python Inicial,23,CABA,Universitario,No,0.0,No,Pago unico,226000,196.5,Computadora,15,11,0,167248,1,1,5.5,9,0,No,1
L02925,Data Analytics,30,Buenos Aires,Universitario,No,0.0,Si,Beca,28000,22.7,Computadora,8,3,1,65152,3,2,6.6,1,2,No,0
L00016,Python Inicial,33,Cordoba,Universitario,Si,30.0,No,Cuotas,284000,227.9,Computadora,9,6,4,175681,5,0,8.7,0,3,No,0
L01397,Data Analytics,24,CABA,Universitario,No,0.0,No,Cuotas,477000,401.4,Celular,10,1,6,129832,4,2,,4,3,No,0
L01797,Producto Digital,38,Mendoza,Universitario,No,0.0,No,Cuotas,403000,331.2,Celular,15,1,5,130785,1,2,8.0,1,3,No,0
L01705,Producto Digital,22,Mendoza,Universitario,Si,26.0,No,Cuotas,392000,314.5,Computadora,6,1,4,0,2,0,,0,0,No,0
L01026,Data Analytics,30,Otra,Universitario,No,0.0,No,Cuotas,461000,400.2,Computadora,21,3,5,79086,1,2,4.4,6,1,No,0
L01570,Data Analytics,22,Buenos Aires,Terciario,No,0.0,No,Cuotas,422000,361.1,Tablet,0,7,3,96893,1,2,,3,5,No,0
L00183,Python Inicial,39,Cordoba,Secundario,Si,46.0,No,Cuotas,285000,232.4,Celular,13,6,0,170905,2,2,4.0,2,3,No,0
L01359,Python Inicial,26,CABA,Universitario,No,0.0,No,Cuotas,288000,233.4,Computadora,17,6,7,178566,1,2,8.1,2,2,No,0
L02814,Data Analytics,32,CABA,Universitario,No,0.0,Si,Pago unico,379000,312.5,Computadora,1,5,5,101891,2,0,8.2,3,3,No,0
L01052,Programacion Web,41,Buenos Aires,Secundario,Si,30.0,No,Pago unico,419000,340.6,Computadora,9,6,2,118871,2,2,6.3,0,10,No,0
L00360,UX/UI,18,CABA,Terciario,No,0.0,No,Cuotas,427000,368.7,Celular,3,5,1,22312,1,0,,4,0,No,1
L00326,Python Inicial,64,Otra,Universitario,Si,48.0,No,Cuotas,295000,255.2,Tablet,15,6,3,129949,0,1,7.1,1,0,Si,1
L02168,Data Analytics,33,CABA,Secundario,Si,49.0,Si,Pago unico,358000,290.9,Computadora,16,1,3,41859,0,0,,14,4,No,0
L02138,Data Analytics,17,CABA,Universitario,No,0.0,No,Cuotas,464000,403.4,Computadora,12,6,4,116544,1,2,8.0,0,6,No,0
L02326,UX/UI,25,Cordoba,Universitario,No,0.0,Si,Cuotas,441000,368.9,Computadora,5,0,1,84548,1,2,5.7,4,3,No,0
L00246,Data Analytics,23,Buenos Aires,Secundario,No,0.0,No,Beca,17000,14.8,Celular,3,2,5,128297,2,2,8.0,4,2,No,0
L03099,Data Analytics,38,Buenos Aires,Secundario,No,0.0,No,Beca,49000,40.7,Computadora,13,4,6,60633,2,1,7.7,0,1,No,0
L00875,Marketing Digital,41,Buenos Aires,Universitario,Si,33.0,No,Cuotas,321000,270.4,Tablet,3,3,1,26494,0,2,,6,0,Si,1
L00343,Data Analytics,29,CABA,Universitario,Si,60.0,No,Beca,24000,20.5,Tablet,17,8,4,95281,1,2,7.7,2,3,No,0
L00739,producto digital,32,Buenos Aires,Universitario,Si,56.0,Si,Pago unico,338000,278.3,Computadora,0,3,4,159304,2,1,5.6,2,4,No,0
L02373,Data Analytics,30,Cordoba,Universitario,Si,38.0,No,Cuotas,449000,360.6,Computadora,9,10,5,192076,2,2,9.8,2,9,No,0
L00487,Data Analytics,28,Buenos Aires,Terciario,No,0.0,No,Cuotas,452000,373.9,Computadora,12,4,4,183598,1,2,5.9,2,4,No,0
L00853,UX/UI,29,CABA,Universitario,No,0.0,No,Cuotas,429000,370.7,Computadora,16,4,2,42883,3,1,,2,4,No,0
L02329,Data Analytics,17,Cordoba,Terciario,No,0.0,No,Beca,57000,47.5,Computadora,1,11,4,108590,0,2,9.7,0,8,No,0
L02380,Marketing Digital,31,Cordoba,Terciario,No,0.0,No,Cuotas,340000,284.6,Computadora,0,1,2,51638,2,1,7.1,7,1,No,1
L02969,Python Inicial,27,Santa Fe,Terciario,No,0.0,No,Cuotas,280000,229.3,Computadora,19,2,1,95270,0,0,5.1,11,1,No,0
L00171,Data Analytics,42,Otra,Universitario,Si,42.0,No,Pago unico,372000,312.9,Celular,11,4,2,55473,0,0,4.9,10,0,Si,1
L01663,UX/UI,28,Otra,Secundario,Si,32.0,No,Cuotas,410000,344.3,Computadora,22,5,7,200623,4,2,8.8,0,7,No,0
L00741,Python Inicial,22,Otra,Universitario,No,0.0,Si,Cuotas,262000,220.1,Celular,18,4,4,142683,1,0,10.0,4,7,No,0
L01016,UX-UI,44,Buenos Aires,Posgrado,Si,35.0,Si,Pago unico,356000,287.6,Celular,12,2,4,50924,1,1,5.8,2,0,No,1
L00226,Programacion Web,28,Otra,Secundario,Si,29.0,No,Cuotas,547000,458.4,Computadora,2,1,6,75660,2,1,,5,3,No,0
L01804,Producto Digital,21,Buenos Aires,Terciario,No,0.0,No,Cuotas,393000,315.9,Celular,21,3,5,109017,0,2,6.7,4,4,No,0
L00497,Marketing Digital,23,CABA,Universitario,Si,,No,Cuotas,311000,257.1,Computadora,13,6,1,50916,0,1,5.6,1,2,No,0
L01796,Python Inicial,35,Cordoba,Secundario,Si,36.0,No,Pago unico,243000,198.9,Computadora,3,6,2,91796,1,1,9.2,1,5,No,0
L00675,Programacion Web,21,Otra,Secundario,Si,,No,Beca,72000,59.5,Computadora,4,3,2,110003,0,2,6.4,5,3,No,0
L01542,Programacion Web,26,CABA,Universitario,No,0.0,No,Beca,81000,68.5,Celular,9,2,4,71343,0,0,,0,1,No,0
L02976,Marketing Digital,30,CABA,Terciario,No,0.0,Si,Pago unico,286000,239.3,Celular,1,1,3,113525,1,1,8.3,1,2,No,0
L00361,Marketing Digital,32,Otra,Terciario,No,0.0,Si,Cuotas,312000,261.5,Computadora,3,2,0,79302,0,1,4.7,14,1,No,1
L02212,Data Analytics,19,CABA,Terciario,No,0.0,No,Cuotas,459000,385.2,Celular,15,3,0,18018,0,1,5.9,4,2,No,0
L00236,Programacion Web,48,Cordoba,Terciario,Si,46.0,No,Pago unico,408000,327.6,Computadora,6,3,7,109286,3,2,8.4,0,7,No,0
L01433,Marketing Digital,17,CABA,Universitario,No,0.0,No,Beca,64000,55.6,Celular,0,1,3,109016,1,0,8.4,0,1,No,0
L02117,Data Analytics,25,Cordoba,Universitario,No,0.0,No,Beca,59000,51.3,Celular,22,6,1,37474,0,0,,3,1,Si,1
L01906,Marketing Digital,24,Cordoba,Universitario,No,0.0,Si,Beca,41000,35.1,Computadora,23,4,2,79940,1,0,,1,4,No,0
L00906,Producto Digital,22,CABA,Secundario,No,0.0,Si,Beca,54000,44.7,Celular,2,1,4,50584,0,1,,3,2,No,0
L02070,Programación Web,22,Buenos Aires,Posgrado,No,0.0,No,Cuotas,520000,419.6,Celular,13,2,1,10512,3,1,,10,0,Si,1
L00386,programacion web,19,Mendoza,Universitario,No,0.0,No,Pago unico,409000,328.0,Computadora,21,1,2,13196,1,0,5.1,14,0,No,1
L00198,Data Analytics,41,Cordoba,Universitario,Si,38.0,No,Beca,73000,62.7,Computadora,11,5,8,111759,2,2,8.6,2,4,No,0
L01303,Producto Digital,21,CABA,Universitario,No,0.0,Si,Cuotas,379000,323.5,Computadora,4,5,7,149468,1,2,7.1,0,6,No,0
L00799,Programacion Web,55,Otra,Terciario,Si,27.0,Si,Pago unico,433000,361.2,Computadora,23,2,0,86483,0,1,8.9,1,3,No,0
L00049,Python Inicial,23,Buenos Aires,Universitario,No,0.0,No,Cuotas,291000,239.7,Computadora,17,4,6,99425,1,2,7.3,0,6,No,0
L01747,Python Inicial,43,Otra,Terciario,Si,32.0,Si,Beca,38000,33.0,Computadora,1,1,2,104329,3,2,,5,0,Si,1
L00660,Producto Digital,40,Cordoba,Secundario,Si,45.0,Si,Cuotas,406000,331.0,Celular,8,1,7,184143,2,2,8.8,1,10,No,0
L01587,Marketing Digital,37,CABA,Secundario,Si,26.0,No,Cuotas,343000,285.9,Computadora,4,1,2,36539,0,0,,11,0,No,1
L00850,Data Analytics,26,Buenos Aires,Terciario,Si,37.0,No,Cuotas,477000,401.7,Celular,1,4,0,37507,1,0,7.4,5,2,No,0
L02413,UX/UI,33,Buenos Aires,Terciario,No,0.0,Si,Cuotas,412000,348.6,Celular,4,2,1,26715,0,0,,6,1,Si,1
L01977,Producto Digital,22,Buenos Aires,Terciario,Si,52.0,Si,Pago unico,308000,251.3,Computadora,20,3,2,94171,2,2,5.9,0,2,No,0
L02167,Data Analytics,43,Buenos Aires,Universitario,Si,40.0,No,Cuotas,472000,386.5,Computadora,5,2,3,75722,3,2,,2,4,No,0
L02907,Data Analytics,42,Buenos Aires,Terciario,Si,35.0,Si,Cuotas,449000,360.7,Computadora,7,8,4,121458,3,1,8.7,1,4,No,0
L00672,Python Inicial,26,Mendoza,Terciario,No,0.0,No,Pago unico,222000,180.2,Tablet,11,1,0,70164,2,0,6.5,12,3,No,0
L00244,UX/UI,24,Buenos Aires,Secundario,No,0.0,No,Pago unico,342000,277.5,Computadora,0,4,2,101300,0,1,8.7,2,3,No,0
L01672,Marketing Digital,40,CABA,Secundario,Si,29.0,Si,Cuotas,336000,288.3,Computadora,4,3,2,146389,1,2,,1,3,No,0
L01581,Marketing Digital,48,CABA,Secundario,Si,41.0,Si,Cuotas,331000,275.3,Computadora,20,5,2,167602,1,1,7.3,6,2,No,0
L02744,Programacion Web,32,Buenos Aires,Universitario,No,0.0,Si,Pago unico,423000,367.7,Celular,16,2,5,149049,2,2,6.4,0,12,No,0
L02991,Programacion Web,39,Buenos Aires,Posgrado,No,0.0,No,Pago unico,419000,350.2,Computadora,14,1,1,0,0,1,,8,0,Si,1
L01356,Python Inicial,47,CABA,Universitario,No,0.0,No,Pago unico,226000,195.9,Celular,20,3,0,0,0,1,,11,0,Si,1
L01248,Data Analytics,19,Buenos Aires,Universitario,No,0.0,No,Cuotas,420000,344.3,Tablet,7,7,5,140895,1,2,8.1,1,2,No,0
L01036,Python Inicial,17,CABA,Universitario,Si,43.0,No,Pago unico,222000,185.3,Tablet,8,0,1,58870,2,1,5.7,3,2,No,0
L01825,Data Analytics,27,CABA,Universitario,No,0.0,No,Cuotas,478000,410.9,Computadora,21,2,5,76575,0,1,7.1,4,1,No,0
L01749,Producto Digital,19,Santa Fe,Posgrado,No,0.0,Si,Pago unico,338000,272.4,Celular,7,6,4,165590,2,1,6.8,2,5,No,0
L00084,Data Analytics,22,Mendoza,Terciario,Si,26.0,Si,Cuotas,444000,385.6,Celular,12,6,5,153655,7,2,10.0,3,10,No,0
L01781,Data Analytics,17,CABA,Universitario,Si,30.0,No,Cuotas,481000,414.0,Tablet,8,3,4,47773,2,2,5.2,2,1,No,0
L00917,Data Analytics,22,Mendoza,Universitario,No,0.0,No,Cuotas,459000,387.0,Computadora,13,5,2,178974,2,2,5.9,0,1,No,0
L02957,UX/UI,19,Cordoba,Terciario,Si,46.0,No,Cuotas,409000,341.8,Computadora,1,2,2,45993,0,0,,0,3,No,0
L02191,Marketing Digital,42,Otra,Universitario,Si,49.0,Si,Cuotas,316000,263.9,Computadora,20,3,4,130756,2,2,,7,3,No,0
L01286,UX/UI,25,Santa Fe,Secundario,No,0.0,No,Cuotas,442000,357.6,Computadora,5,4,1,101295,2,0,,3,4,No,0
L02327,Data Analytics,20,CABA,Terciario,No,0.0,Si,Pago unico,384000,322.6,Computadora,2,3,2,57793,0,1,6.9,2,2,No,0
L02429,Data Analytics,17,CABA,Universitario,No,0.0,No,Cuotas,462000,382.2,Computadora,2,1,6,160472,1,2,,0,0,Si,1
L01091,Producto Digital,44,Santa Fe,Secundario,Si,30.0,Si,Cuotas,371000,317.5,Computadora,14,3,2,5581,1,1,2.6,0,3,No,0
L02596,Producto Digital,26,Santa Fe,Universitario,Si,47.0,Si,Cuotas,403000,346.5,Computadora,17,5,8,104144,2,1,8.3,5,4,No,0
L00539,Python Inicial,24,Buenos Aires,Universitario,No,0.0,Si,Cuotas,272000,231.1,Computadora,0,6,2,156976,3,2,6.4,3,2,No,0
L02700,Data Analytics,18,Buenos Aires,Universitario,Si,33.0,No,Cuotas,470000,379.8,Celular,19,4,8,104020,4,2,6.0,1,4,No,0
L00145,Producto Digital,22,Otra,Terciario,No,0.0,No,Cuotas,375000,306.0,Computadora,5,3,4,120811,1,2,9.9,5,3,No,0
L02816,Programacion Web,26,CABA,Terciario,No,0.0,No,Pago unico,447000,371.7,Computadora,7,1,4,0,0,0,5.9,4,1,No,0
L00665,Producto Digital,41,Santa Fe,Universitario,Si,37.0,No,Pago unico,318000,267.8,Computadora,0,6,4,113877,2,1,8.4,1,5,No,0
L01083,UX/UI,30,Buenos Aires,Secundario,No,0.0,No,Cuotas,442000,383.5,Computadora,9,4,10,218462,1,2,9.3,1,8,No,0
L02922,Data Analytics,26,Buenos Aires,Secundario,Si,40.0,No,Cuotas,470000,393.7,Celular,21,7,2,37466,1,2,7.7,3,3,No,0
L02178,Producto Digital,45,Santa Fe,Secundario,No,0.0,No,Beca,103000,85.1,Computadora,13,1,3,144556,3,2,8.4,0,2,No,0
L02515,Data Analytics,21,Buenos Aires,Secundario,No,0.0,Si,Cuotas,468000,376.2,Computadora,2,4,1,133387,0,2,,1,3,No,0
L01464,Programacion Web,37,Mendoza,Universitario,Si,36.0,Si,Pago unico,454000,388.7,Computadora,19,5,7,226373,2,1,6.2,4,4,No,0
L01432,Producto Digital,41,CABA,Terciario,Si,27.0,No,Cuotas,395000,338.3,Computadora,9,6,5,142409,4,2,8.7,0,9,No,0
L02354,Python Inicial,27,Cordoba,Universitario,No,0.0,No,Cuotas,266000,214.4,Computadora,9,3,0,0,0,2,,3,2,No,0
L03129,Python Inicial,34,Buenos Aires,Universitario,Si,37.0,No,Cuotas,266000,213.7,Tablet,6,3,3,36299,3,2,,1,1,No,0
L02954,Data Analytics,35,CABA,Universitario,No,0.0,No,Cuotas,433000,356.2,Computadora,0,4,3,23246,1,1,,4,1,No,0
L00461,Python Inicial,18,CABA,Universitario,Si,36.0,No,Cuotas,261000,211.1,Tablet,8,4,4,115110,0,2,6.1,2,1,No,0
L02671,Programacion Web,18,CABA,Universitario,No,0.0,No,Beca,32000,26.0,Celular,0,7,6,113332,3,2,7.3,0,5,No,0
L02812,Python Inicial,33,Otra,Universitario,Si,44.0,No,Beca,36000,31.2,Celular,10,5,0,21326,2,0,,7,0,Si,1
L00199,programacion web,48,Buenos Aires,Posgrado,Si,,No,Pago unico,447000,385.8,Celular,1,3,1,60303,1,2,3.6,1,2,No,0
L02893,Python Inicial,20,Santa Fe,Universitario,Si,33.0,No,Beca,55000,44.9,Computadora,21,5,4,99475,1,2,3.4,6,0,Si,1
L00849,Python Inicial,30,CABA,Universitario,No,0.0,No,Pago unico,235000,188.4,Computadora,6,5,4,73520,0,1,5.5,11,3,No,0
L02004,Producto Digital,23,CABA,Posgrado,No,0.0,No,Pago unico,307000,256.2,Computadora,8,1,2,56198,0,0,4.9,10,0,Si,1
L02588,Producto Digital,21,Buenos Aires,Terciario,No,0.0,No,Cuotas,394000,323.4,Computadora,19,6,12,135487,0,2,,2,0,Si,1
L00678,Programación Web,41,Buenos Aires,Universitario,Si,33.0,No,Pago unico,441000,373.1,Celular,3,1,2,41584,0,0,,5,0,No,1
L02580,Marketing Digital,32,Buenos Aires,Terciario,Si,39.0,Si,Cuotas,323000,280.5,Celular,21,3,2,64183,0,1,5.8,3,0,No,0
L02803,UX/UI,46,CABA,Terciario,Si,54.0,No,Pago unico,346000,288.7,Computadora,11,4,7,89980,2,2,10.0,3,7,No,0
L01702,Programacion Web,37,Buenos Aires,Terciario,Si,47.0,No,Pago unico,438000,377.3,Computadora,21,3,4,91653,0,2,6.0,6,4,No,0
L01200,Data Analytics,51,Santa Fe,Universitario,Si,50.0,No,Cuotas,459000,395.9,Computadora,8,6,2,33745,1,1,,8,1,No,1
L02586,Programacion Web,39,CABA,Universitario,Si,47.0,Si,Cuotas,519000,430.8,Celular,19,3,4,114733,0,2,6.0,0,3,No,0
L02747,Marketing Digital,22,CABA,Terciario,No,0.0,No,Beca,53000,43.1,Computadora,14,2,4,100261,1,1,7.7,1,5,No,0
L00436,Data Analytics,22,CABA,Universitario,No,0.0,Si,Cuotas,449000,360.2,Computadora,21,4,0,84204,0,2,,11,2,No,0
L01532,producto digital,31,CABA,Universitario,No,0.0,No,Cuotas,397000,319.6,Computadora,7,3,4,116236,1,1,6.9,0,7,No,0
L00301,Python Inicial,33,Otra,Posgrado,Si,50.0,No,Cuotas,266000,219.9,Celular,12,2,3,0,0,0,,2,0,Si,1
L00293,Producto Digital,35,CABA,Secundario,Si,54.0,Si,Cuotas,412000,342.0,Computadora,0,2,4,77882,1,2,2.6,5,2,No,0
L02760,UX/UI,22,CABA,Universitario,Si,38.0,No,Cuotas,396000,339.2,Computadora,7,2,6,183336,6,2,8.7,1,9,No,0
L01616,Mkt Digital,34,CABA,Universitario,Si,25.0,No,Beca,16000,13.7,Computadora,16,5,2,94580,2,1,4.5,3,1,No,0
L00788,Producto Digital,31,Buenos Aires,Terciario,No,0.0,No,Pago unico,338000,291.8,Computadora,17,6,2,84655,1,0,,14,0,No,0
L02277,Programacion Web,23,Santa Fe,Posgrado,No,0.0,Si,Beca,57000,46.8,Celular,3,3,3,99550,2,1,,0,4,No,0
L00756,Data Analytics,22,CABA,Secundario,No,0.0,No,Cuotas,470000,397.7,Celular,19,4,1,150793,1,2,9.8,0,7,No,0
L01799,Programacion Web,17,Buenos Aires,Secundario,Si,38.0,No,Pago unico,429000,355.9,Computadora,4,9,4,103102,4,2,,0,3,No,0
L00977,producto digital,37,CABA,Universitario,Si,37.0,No,Cuotas,400000,347.8,Tablet,17,0,1,16244,0,0,6.6,6,0,Si,1
L01927,Marketing Digital,20,Otra,Secundario,No,0.0,No,Beca,54000,45.1,Celular,0,5,0,46518,0,0,6.4,2,0,Si,1
L03137,Programacion Web,33,Cordoba,Terciario,Si,30.0,No,Beca,82000,69.2,Computadora,15,5,4,97137,0,1,,7,1,No,0
L02524,Marketing Digital,31,Buenos Aires,Terciario,Si,39.0,No,Pago unico,292000,252.1,Computadora,12,6,9,172992,3,2,7.0,0,7,No,0
L00427,Programacion Web,36,Santa Fe,Universitario,Si,28.0,No,Pago unico,426000,364.3,Computadora,5,5,5,158820,4,1,7.5,0,1,No,0
L00891,UX-UI,44,CABA,Universitario,Si,17.0,No,Pago unico,350000,302.2,Computadora,13,4,2,68338,1,2,6.1,3,3,No,0
L00309,UX/UI,40,CABA,Terciario,Si,31.0,No,Cuotas,420000,338.5,Computadora,14,6,5,115866,2,2,6.5,1,8,No,0
L02704,UX/UI,25,CABA,Universitario,No,0.0,No,Pago unico,361000,293.1,Computadora,20,4,5,100296,2,2,5.2,1,2,No,0
L01469,Producto Digital,36,Otra,Universitario,Si,40.0,No,Cuotas,403000,332.2,Celular,4,5,4,154724,0,2,6.2,2,4,No,0
L01000,UX/UI,23,Otra,Posgrado,No,0.0,No,Cuotas,419000,360.5,Computadora,18,2,6,103297,2,2,8.5,1,4,No,0
L02566,Programacion Web,55,Santa Fe,Universitario,Si,39.0,Si,Cuotas,525000,422.5,Celular,4,4,3,58185,2,1,6.1,2,2,No,0
L02160,Python Inicial,17,Buenos Aires,Terciario,No,0.0,Si,Cuotas,282000,242.0,Celular,0,4,4,180783,0,2,10.0,0,6,No,0
L00232,Data Analytics,48,CABA,Universitario,No,0.0,No,Beca,115000,98.4,Computadora,16,2,0,9495,1,1,,14,0,Si,1
L01230,Data Analytics,23,CABA,Posgrado,No,0.0,No,Pago unico,371000,319.7,Computadora,10,5,3,100723,0,2,9.8,1,4,No,0
L00781,Marketing Digital,36,Otra,Terciario,No,0.0,No,Cuotas,348000,301.3,Celular,20,6,6,78647,3,1,6.0,0,7,No,0
L01327,Data Analytics,38,Cordoba,Secundario,Si,42.0,Si,Beca,94000,78.9,Celular,9,3,3,80704,1,1,4.5,1,8,No,0
L02448,Data Analytics,24,CABA,Universitario,Si,46.0,No,Pago unico,367000,314.0,Computadora,7,5,1,122553,0,2,7.0,9,3,No,0
L03103,Python Inicial,26,CABA,Universitario,No,0.0,No,Pago unico,240000,195.4,Computadora,7,3,3,76933,4,1,,1,1,No,0
L01836,UX / UI,32,CABA,Universitario,No,0.0,No,Beca,2000,1.7,Computadora,1,1,3,116369,0,0,5.7,5,2,No,0
L01492,UX/UI,31,CABA,Terciario,No,0.0,No,Cuotas,433000,360.1,Celular,19,5,3,66757,0,1,5.7,2,6,No,0
L03004,Programacion Web,28,Buenos Aires,Universitario,No,0.0,Si,Cuotas,549000,455.7,Computadora,16,7,1,84065,1,2,6.7,1,4,No,0
L01454,Data Analytics,31,Buenos Aires,Secundario,No,0.0,Si,Cuotas,474000,402.0,Computadora,9,1,0,0,0,0,7.1,4,2,No,0
L00371,Programacion Web,38,CABA,Secundario,Si,22.0,No,Pago unico,444000,368.6,Computadora,18,5,2,46168,3,0,7.5,2,5,No,0
L01156,Data Analytics,28,Buenos Aires,Terciario,No,0.0,No,Pago unico,370000,306.9,Computadora,11,6,4,110178,2,1,6.2,4,9,No,0
L01707,Marketing Digital,42,Mendoza,Terciario,Si,52.0,No,Cuotas,350000,292.0,Computadora,17,3,0,53233,1,2,5.8,2,4,No,0
L02129,Data Analytics,17,CABA,Universitario,No,0.0,No,Pago unico,374000,303.1,Celular,13,9,4,102969,2,2,,0,3,No,0
L01478,Python Inicial,19,Cordoba,Universitario,No,0.0,No,Pago unico,232000,197.4,Celular,6,2,1,14783,3,0,,11,1,Si,1
L01697,Producto Digital,30,Buenos Aires,Terciario,No,0.0,Si,Pago unico,312000,257.6,Celular,17,7,4,115755,5,2,8.7,0,3,No,0
L02180,Programacion Web,62,CABA,Terciario,Si,34.0,No,Cuotas,523000,438.8,Computadora,14,8,5,157772,2,1,6.6,2,4,No,0
L00846,Producto Digital,43,CABA,Terciario,Si,42.0,Si,Cuotas,384000,307.5,Computadora,4,6,3,102714,1,2,7.7,3,5,No,0
L00821,Programacion Web,23,Mendoza,Secundario,No,0.0,Si,Beca,89000,74.1,Computadora,1,7,1,82145,2,2,6.9,6,4,No,0
L02986,Data Analytics,44,Buenos Aires,Posgrado,Si,45.0,No,Beca,90000,72.3,Celular,12,3,2,75787,1,2,7.0,3,2,No,0
L01430,Producto Digital,53,Cordoba,Universitario,Si,37.0,No,Cuotas,362000,308.8,Tablet,13,1,2,62133,1,0,,3,0,No,0
L01125,Programacion Web,40,Buenos Aires,Posgrado,Si,38.0,No,Pago unico,428000,349.2,Celular,0,4,3,47118,0,0,,4,2,No,0
L02787,Producto Digital,31,Cordoba,Posgrado,No,0.0,Si,Beca,15000,12.8,Tablet,3,6,0,20385,2,1,7.0,2,5,No,0
L01718,UX/UI,17,Santa Fe,Posgrado,Si,51.0,Si,Pago unico,340000,277.5,Computadora,22,3,4,112109,2,2,5.4,1,3,No,0
L01868,UX/UI,27,Buenos Aires,Universitario,Si,22.0,Si,Pago unico,362000,307.0,Computadora,22,4,5,120155,3,2,6.1,2,3,No,0
L00307,UX/UI,32,Mendoza,Universitario,No,0.0,Si,Cuotas,437000,350.5,Computadora,8,4,5,149518,2,1,9.6,0,4,No,0
L02089,Data Analytics,24,Buenos Aires,Universitario,Si,30.0,No,Cuotas,466000,393.1,Computadora,11,6,12,204707,7,2,7.9,0,7,No,0
L00641,Python Inicial,34,CABA,Secundario,No,0.0,No,Cuotas,264000,222.8,Computadora,18,1,7,96415,1,1,6.8,2,4,No,0
L02971,Producto Digital,35,CABA,Posgrado,No,0.0,Si,Pago unico,308000,262.6,Computadora,23,2,1,102594,1,2,6.1,3,1,No,0
L00784,UX-UI,40,Buenos Aires,Secundario,Si,48.0,Si,Pago unico,364000,309.7,Celular,18,1,3,56069,0,1,7.6,1,2,No,0
L02133,Marketing Digital,37,Buenos Aires,Secundario,No,0.0,No,Pago unico,271000,228.6,Celular,16,4,4,153016,1,2,8.5,1,0,Si,1
L01006,Data Analytics,28,Otra,Secundario,No,0.0,No,Pago unico,374000,320.1,Computadora,3,5,2,93829,1,0,,10,0,No,1
L00399,Mkt Digital,17,Santa Fe,Terciario,No,0.0,No,Cuotas,332000,285.1,Computadora,20,3,2,126664,0,1,7.5,2,9,No,0
L01939,Python Inicial,34,Buenos Aires,Secundario,Si,,No,Beca,67000,57.9,Computadora,13,3,3,60234,1,2,,5,0,Si,1
L02684,Producto Digital,55,Otra,Universitario,Si,52.0,No,Beca,72000,60.3,Computadora,18,4,1,20531,3,0,,1,0,Si,1
L02655,Programacion Web,17,CABA,Secundario,No,0.0,No,Cuotas,539000,445.5,Computadora,5,4,0,13903,2,0,6.0,0,0,Si,1
L02333,Python Inicial,42,CABA,Universitario,Si,31.0,No,Beca,36000,30.0,Computadora,16,3,4,132754,1,2,,2,1,No,0
L01396,Marketing Digital,32,Cordoba,Universitario,Si,18.0,Si,Pago unico,282000,236.5,Computadora,19,9,4,162708,3,2,8.8,1,6,No,0
L01334,Marketing Digital,33,CABA,Posgrado,Si,40.0,Si,Beca,21000,17.0,Computadora,14,7,7,173074,2,2,6.7,0,4,No,0
L02480,Programacion Web,29,Cordoba,Secundario,No,0.0,Si,Beca,6000,5.0,Computadora,17,3,1,21038,1,0,,3,1,No,0
L02249,Data Analytics,17,CABA,Secundario,No,0.0,Si,Cuotas,433000,357.1,Celular,23,3,1,114178,2,2,7.4,1,5,No,0
L03131,Marketing Digital,31,Buenos Aires,Secundario,Si,36.0,Si,Cuotas,353000,284.7,Computadora,19,6,8,203392,3,2,9.5,1,7,No,0
L01737,Programacion Web,26,Otra,Universitario,Si,28.0,Si,Cuotas,552000,453.4,Celular,18,3,5,145799,0,1,5.1,0,3,No,0
L00131,Producto Digital,22,CABA,Posgrado,No,0.0,No,Pago unico,315000,271.4,Celular,13,3,2,22578,1,1,,4,0,No,0
L02417,UX/UI,17,Santa Fe,Universitario,No,0.0,Si,Beca,12000,10.0,Celular,2,1,2,23073,0,1,,5,0,Si,1
L01731,Data Analytics,18,CABA,Terciario,No,0.0,No,Pago unico,377000,311.4,Computadora,23,4,5,106728,2,0,5.8,5,4,No,0
L02128,Python Inicial,46,CABA,Universitario,Si,,No,Cuotas,264000,212.4,Computadora,1,3,2,71599,1,1,6.1,3,1,No,0
L02703,data analytics,17,CABA,Terciario,No,0.0,Si,Beca,56000,45.1,Celular,2,6,3,112645,1,2,5.6,2,7,No,0
L00938,Python Inicial,17,Santa Fe,Universitario,Si,35.0,No,Pago unico,242000,210.3,Computadora,2,6,11,194063,4,2,9.1,0,6,No,0
L00075,Producto Digital,19,Cordoba,Universitario,No,0.0,No,Pago unico,321000,264.8,Computadora,6,3,4,143653,4,1,5.4,8,5,No,0
L00947,Programacion Web,64,CABA,Universitario,Si,53.0,No,Pago unico,427000,368.4,Computadora,6,3,4,108164,4,0,8.9,2,6,No,0
L00968,Data Analytics,38,CABA,Universitario,Si,40.0,No,Cuotas,474000,402.6,Computadora,12,5,3,59578,1,1,4.9,6,6,No,0
L00023,Marketing Digital,21,Cordoba,Terciario,No,0.0,No,Cuotas,310000,263.2,Computadora,19,6,4,122097,1,2,6.3,2,4,No,0
L02431,Programacion Web,29,CABA,Terciario,Si,36.0,No,Cuotas,534000,444.9,Computadora,6,4,7,157453,3,1,7.6,3,2,No,0
L02013,Data Analytics,28,CABA,Universitario,No,0.0,No,Cuotas,473000,404.7,Computadora,11,4,4,93542,0,1,9.6,0,3,No,0
L01839,Marketing Digital,29,Santa Fe,Terciario,No,0.0,Si,Pago unico,284000,235.9,Celular,20,5,6,117461,3,2,9.6,0,8,No,0
L02712,Programacion Web,22,CABA,Universitario,No,0.0,No,Cuotas,529000,456.2,Celular,16,3,6,65251,0,0,6.0,1,2,No,0
L01267,Python Inicial,26,CABA,Terciario,No,0.0,No,Beca,28000,22.7,Computadora,19,6,3,142168,1,1,7.9,3,8,No,0
L00983,UX/UI,35,CABA,Universitario,Si,23.0,Si,Beca,2000,1.6,Computadora,3,4,4,151938,2,1,7.5,2,2,No,0
L01919,Programacion Web,48,CABA,Secundario,Si,45.0,No,Cuotas,540000,461.1,Computadora,8,3,2,0,0,1,,5,1,No,0
L00754,Programacion Web,18,Mendoza,Secundario,No,0.0,Si,Pago unico,448000,364.0,Celular,7,3,6,157593,0,1,6.9,1,2,No,0
L01331,Producto Digital,17,CABA,Universitario,No,0.0,Si,Cuotas,363000,293.3,Computadora,23,6,1,101115,1,0,7.3,4,0,No,1
L01855,Data Analytics,17,Buenos Aires,Secundario,No,0.0,No,Cuotas,475000,401.0,Computadora,21,5,7,70940,3,2,7.2,1,5,No,0
L02845,Marketing Digital,22,CABA,Universitario,No,0.0,No,Pago unico,279000,228.0,Computadora,7,4,2,28092,1,2,5.7,3,2,No,0
L02036,Programacion Web,41,Buenos Aires,Posgrado,Si,35.0,Si,Pago unico,444000,366.3,Computadora,7,2,5,100587,1,0,4.4,1,3,No,0
L02439,Data Analytics,46,Buenos Aires,Secundario,No,0.0,No,Pago unico,372000,310.6,Celular,10,1,5,79277,3,2,8.8,1,3,No,0
L00721,Python Inicial,39,Cordoba,Universitario,Si,33.0,No,Beca,73000,61.9,Computadora,19,3,5,2652,1,0,4.2,3,0,No,0
L01235,Programacion Web,24,CABA,Secundario,No,0.0,No,Pago unico,418000,360.6,Celular,11,4,4,112271,1,1,8.1,1,3,No,0
L03089,Data Analytics,18,Santa Fe,Secundario,No,0.0,Si,Cuotas,479000,402.1,Computadora,9,2,2,59873,1,1,8.2,1,1,No,0
L00260,UX / UI,19,CABA,Secundario,No,0.0,Si,Cuotas,431000,373.0,Computadora,14,5,8,107572,4,2,9.0,0,7,No,0
L00936,Marketing Digital,23,Buenos Aires,Secundario,Si,46.0,No,Cuotas,318000,261.8,Computadora,23,1,0,22187,0,1,,2,0,No,0
L01317,Data Analytics,18,Buenos Aires,Secundario,No,0.0,No,Beca,56000,46.6,Computadora,5,5,2,172031,1,2,6.9,3,1,No,0
L02459,Programacion Web,17,Buenos Aires,Secundario,No,0.0,No,Pago unico,434000,360.5,Computadora,7,3,1,17731,0,1,4.6,12,0,No,1
L00224,UX/UI,33,CABA,Terciario,Si,37.0,No,Pago unico,344000,282.1,Computadora,7,4,0,17576,1,1,,3,2,No,0
L01829,Programacion Web,27,Otra,Universitario,No,0.0,No,Cuotas,531000,427.9,Computadora,20,6,3,104016,1,2,8.2,5,3,No,0
L02832,Programacion Web,29,Buenos Aires,Terciario,Si,34.0,No,Cuotas,543000,457.7,Celular,15,0,2,0,1,0,7.2,0,3,No,0
L02920,UX/UI,29,Buenos Aires,Universitario,Si,40.0,Si,Pago unico,355000,298.2,Computadora,15,6,2,123831,1,1,7.5,5,5,No,0
L00550,Python Inicial,17,Otra,Terciario,No,0.0,No,Pago unico,235000,202.6,Celular,3,4,3,55379,1,0,,14,0,Si,1
L01268,Programacion Web,19,CABA,Secundario,No,0.0,Si,Cuotas,490000,425.9,Computadora,11,3,0,57707,2,1,,6,0,Si,1
L00156,Data Analytics,36,Buenos Aires,Terciario,Si,27.0,No,Pago unico,389000,330.4,Celular,12,1,0,0,0,0,,14,0,Si,1
L02240,Producto Digital,17,Buenos Aires,Universitario,No,0.0,No,Pago unico,322000,258.3,Celular,19,6,7,187348,5,2,10.0,0,4,No,0
L02474,Python inicial,25,Mendoza,Universitario,No,0.0,No,Cuotas,267000,224.2,Computadora,9,6,4,136663,3,0,7.5,5,0,No,0
L02288,Programacion Web,24,Otra,Universitario,Si,42.0,No,Cuotas,519000,426.3,Celular,0,3,2,116543,4,2,8.6,2,3,No,0
L02660,UX/UI,20,Santa Fe,Universitario,No,0.0,No,Beca,59000,48.0,Celular,12,7,3,121657,1,1,7.9,8,0,No,1
L00927,Data Analytics,19,CABA,Universitario,No,0.0,Si,Beca,95000,78.5,Celular,14,1,3,2664,0,0,4.0,7,0,Si,1
L01635,Data Analytics,20,CABA,Universitario,No,0.0,No,Cuotas,460000,378.4,Computadora,13,2,2,123966,1,2,4.9,6,2,No,0
L01279,Data Analytics,45,Buenos Aires,Terciario,No,0.0,No,Beca,24000,20.8,Celular,17,2,0,30357,0,1,,9,0,Si,1
L01758,UX/UI,17,CABA,Secundario,No,0.0,No,Beca,33000,27.8,Tablet,15,4,0,54374,0,1,8.8,11,0,Si,1
L02904,Data Analytics,23,Santa Fe,Terciario,No,0.0,Si,Pago unico,369000,313.5,Celular,3,6,7,12917,2,2,7.7,5,5,No,0
L02278,Producto Digital,36,Buenos Aires,Secundario,Si,36.0,No,Pago unico,310000,256.6,Celular,13,2,3,159258,2,1,9.8,3,5,No,0
L00272,Producto Digital,35,Otra,Universitario,Si,48.0,No,Pago unico,314000,264.7,Celular,23,4,0,6135,0,0,5.3,2,0,No,0
L00482,Programacion Web,35,CABA,Secundario,Si,40.0,No,Cuotas,530000,433.2,Computadora,14,11,0,77682,0,2,5.6,0,2,No,0
L00314,Producto Digital,21,CABA,Universitario,No,0.0,Si,Cuotas,381000,307.3,Celular,5,5,5,135160,4,2,8.4,1,8,No,0
L02428,Python Inicial,23,Buenos Aires,Secundario,Si,35.0,No,Cuotas,267000,228.4,Tablet,5,5,4,92466,0,2,8.7,1,3,No,0
L01493,Python Inicial,32,Otra,Terciario,Si,40.0,No,Cuotas,265000,229.8,Computadora,22,1,2,46922,0,2,,0,2,No,0
L01283,Python Inicial,48,Cordoba,Terciario,Si,37.0,No,Cuotas,267000,220.0,Computadora,8,4,7,143763,6,2,6.1,1,4,No,0
L00076,Marketing Digital,64,CABA,Secundario,Si,36.0,No,Cuotas,323000,266.7,Tablet,4,2,2,161825,1,2,7.5,2,4,No,0
L02313,UX/UI,17,Santa Fe,Universitario,Si,47.0,No,Cuotas,432000,352.9,Computadora,8,3,5,136009,3,2,7.4,1,3,No,0
L01378,Python Inicial,17,Buenos Aires,Universitario,No,0.0,Si,Pago unico,232000,193.9,Tablet,4,3,3,84757,2,1,,11,0,Si,1
L02656,Marketing Digital,35,Cordoba,Universitario,Si,42.0,No,Cuotas,312000,252.5,Computadora,8,5,2,28817,0,0,9.1,6,2,No,0
L03174,UX/UI,28,Santa Fe,Universitario,No,0.0,Si,Pago unico,336000,281.4,Computadora,22,10,6,178334,7,2,6.6,1,6,No,0
L01038,Data Analytics,20,Cordoba,Posgrado,No,0.0,Si,Pago unico,362000,298.4,Computadora,14,3,6,155382,1,1,10.0,2,2,No,0
L02740,UX/UI,35,Buenos Aires,Universitario,No,0.0,No,Cuotas,410000,354.1,Celular,17,2,3,106204,1,2,7.1,10,0,Si,1
L01871,producto digital,25,Cordoba,Universitario,Si,31.0,Si,Beca,16000,13.1,Celular,23,3,1,25072,3,1,10.0,1,4,No,0
L01708,Programacion Web,34,Buenos Aires,Secundario,Si,28.0,Si,Beca,36000,31.1,Computadora,5,6,4,179814,2,2,8.2,1,5,No,0
L01551,Programacion Web,36,Otra,Universitario,No,0.0,No,Pago unico,426000,347.7,Computadora,9,2,3,9703,0,1,,7,1,Si,1
L02244,Producto Digital,32,CABA,Secundario,Si,28.0,Si,Pago unico,341000,285.2,Computadora,18,6,0,45254,1,0,9.0,3,2,No,0
L02025,Marketing Digital,17,Otra,Terciario,No,0.0,No,Cuotas,355000,288.0,Celular,9,3,2,64108,0,0,5.4,2,2,No,0
L02830,UX/UI,41,Buenos Aires,Terciario,No,0.0,No,Cuotas,419000,343.5,Computadora,18,9,3,150901,1,1,6.4,1,5,No,0
L03080,Data Analytics,23,Buenos Aires,Universitario,No,0.0,Si,Pago unico,385000,326.1,Computadora,22,7,7,97240,3,2,6.5,3,8,No,0
L03033,Programacion Web,38,Otra,Universitario,Si,33.0,Si,Cuotas,537000,431.3,Celular,21,4,3,98512,2,0,9.0,1,1,No,0
L01572,Producto Digital,42,Santa Fe,Secundario,Si,51.0,Si,Cuotas,399000,324.0,Computadora,11,8,4,76636,2,0,5.5,0,4,No,0
L02184,Data Analytics,48,CABA,Secundario,Si,18.0,Si,Pago unico,358000,298.5,Computadora,21,3,8,146428,1,2,6.3,1,4,No,0
L02576,Programacion Web,24,CABA,Terciario,Si,27.0,No,Cuotas,539000,454.3,Computadora,8,5,5,176349,5,2,8.8,1,4,No,0
L00845,Marketing Digital,21,Cordoba,Terciario,No,0.0,No,Pago unico,294000,251.4,Computadora,17,8,8,155745,3,2,7.6,0,2,No,0
L01976,Producto Digital,47,Otra,Terciario,Si,47.0,No,Beca,20000,17.2,Computadora,19,2,2,81308,2,1,6.2,1,3,No,0
L00454,Marketing Digital,41,CABA,Secundario,Si,27.0,No,Beca,84000,68.7,Computadora,1,3,1,85137,1,1,7.8,5,0,Si,1
L00735,Data Analytics,31,CABA,Secundario,No,0.0,No,Pago unico,363000,292.1,Computadora,8,5,5,174019,2,2,6.5,1,0,No,1
L03061,Python Inicial,34,Otra,Posgrado,No,0.0,Si,Cuotas,281000,233.7,Celular,18,5,3,161933,0,1,6.3,4,2,No,0
L00860,Programacion Web,20,Buenos Aires,Terciario,No,0.0,No,Cuotas,500000,412.8,Computadora,4,3,5,131223,1,2,9.4,3,6,No,0
L01175,Marketing Digital,34,Buenos Aires,Universitario,Si,34.0,Si,Pago unico,292000,241.6,Computadora,12,11,11,264922,7,2,10.0,1,9,No,0
L01064,Python Inicial,17,Otra,Secundario,No,0.0,No,Cuotas,266000,226.9,Computadora,7,2,7,95504,3,2,7.2,0,3,No,0
L01118,UX/UI,30,Otra,Terciario,Si,29.0,No,Pago unico,353000,305.1,Computadora,18,2,3,225738,2,1,9.2,2,7,No,0
L02943,Marketing Digital,22,Mendoza,Posgrado,No,0.0,Si,Cuotas,330000,268.5,Computadora,14,1,7,103413,0,1,6.5,0,3,No,0
L01880,Python Inicial,36,CABA,Universitario,Si,29.0,No,Pago unico,235000,199.4,Computadora,13,7,8,163477,1,2,10.0,1,7,No,0
L00095,Marketing Digital,38,CABA,Secundario,Si,44.0,Si,Cuotas,329000,266.9,Computadora,12,5,0,63106,1,1,8.8,5,3,No,0
L01684,Programacion Web,38,Buenos Aires,Terciario,Si,49.0,No,Pago unico,447000,369.2,Celular,23,2,2,101883,0,1,7.9,4,4,No,0
L02237,Data Analytics,22,CABA,Universitario,Si,37.0,No,Cuotas,455000,395.3,Computadora,22,5,2,106672,1,2,4.9,4,5,No,0
L02874,Marketing Digital,33,CABA,Universitario,Si,33.0,No,Cuotas,325000,271.6,Celular,2,4,1,5467,0,0,,4,0,Si,1
L01463,Python Inicial,21,Santa Fe,Universitario,Si,36.0,No,Pago unico,223000,180.7,Celular,14,9,2,150395,3,2,6.6,0,2,No,0
L00941,Marketing Digital,29,Buenos Aires,Universitario,No,0.0,No,Cuotas,348000,295.4,Celular,19,2,4,74061,0,1,,7,0,Si,1
L00629,Producto Digital,41,Mendoza,Universitario,No,0.0,No,Beca,4000,3.3,Celular,8,1,5,93608,1,1,,14,1,Si,1
L00843,Data Analytics,29,Otra,Posgrado,Si,27.0,No,Cuotas,475000,394.2,Computadora,23,3,5,112907,0,1,7.0,3,2,No,0
L02855,Marketing Digital,32,Cordoba,Universitario,Si,17.0,No,Pago unico,269000,228.9,Computadora,12,6,0,107408,0,2,5.5,0,5,No,0
L01497,Data Analytics,22,CABA,Secundario,Si,39.0,No,Pago unico,361000,302.3,Computadora,15,0,4,98745,1,2,6.7,3,1,No,0
L00255,Marketing Digital,18,CABA,Secundario,Si,48.0,No,Cuotas,324000,268.2,Computadora,23,2,1,0,0,0,,14,0,No,1
L00693,Python Inicial,33,Otra,Universitario,No,0.0,No,Cuotas,296000,241.5,Computadora,20,8,4,82240,0,2,6.6,2,2,No,0
L02022,Programacion Web,38,Mendoza,Posgrado,Si,39.0,No,Pago unico,441000,381.4,Computadora,13,6,8,172762,4,2,8.1,0,7,No,0
L02937,Python Inicial,40,CABA,Terciario,No,0.0,No,Cuotas,286000,234.7,Celular,4,4,0,59418,1,2,6.7,1,2,No,0
L00422,UX/UI,38,Cordoba,Secundario,Si,,No,Pago unico,356000,295.6,Celular,21,2,1,66344,1,1,,6,1,Si,1
L02666,Programacion Web,31,Mendoza,Terciario,No,0.0,Si,Pago unico,426000,356.9,Computadora,18,3,4,140971,1,2,7.8,3,4,No,0
L01527,Programacion Web,19,Cordoba,Universitario,No,0.0,Si,Cuotas,490000,421.4,Computadora,4,10,1,118012,3,2,8.0,0,6,No,0
L02319,Data Analytics,39,CABA,Universitario,Si,37.0,No,Cuotas,428000,350.6,Celular,16,4,4,39576,0,2,5.1,2,0,No,1
L02750,Data Analytics,43,CABA,Terciario,Si,45.0,No,Cuotas,458000,385.6,Computadora,18,4,6,116016,3,2,5.7,0,8,No,0
L02773,Data Analytics,40,Buenos Aires,Terciario,No,0.0,No,Beca,36000,29.1,Celular,9,2,2,84032,0,0,,9,0,No,1
L01150,Marketing Digital,39,CABA,Secundario,No,0.0,No,Beca,20000,17.4,Computadora,12,4,2,18026,0,0,,10,1,No,1
L02552,UX/UI,24,Buenos Aires,Universitario,No,0.0,Si,Cuotas,426000,341.9,Computadora,20,8,10,247679,3,1,9.4,0,9,No,0
L00086,marketing digital,35,Buenos Aires,Secundario,No,0.0,Si,Pago unico,279000,233.0,Computadora,6,4,4,142669,2,1,8.1,6,2,No,0
L01946,Marketing Digital,18,Otra,Posgrado,No,0.0,No,Cuotas,329000,264.9,Computadora,6,5,6,154503,2,2,7.9,1,6,No,0
L02375,Python inicial,20,Buenos Aires,Universitario,No,0.0,No,Cuotas,271000,229.8,Celular,15,1,4,40256,2,1,6.7,4,3,No,0
L00170,UX/UI,39,Otra,Terciario,Si,59.0,No,Pago unico,349000,282.3,Tablet,0,3,7,134226,4,1,8.5,8,3,No,0
L01452,Marketing Digital,23,CABA,Secundario,Si,49.0,Si,Pago unico,279000,225.7,Celular,17,7,2,192910,1,2,6.5,1,0,Si,1
L01351,Data Analytics,20,CABA,Terciario,No,0.0,Si,Beca,16000,13.8,Computadora,12,2,5,88911,1,2,6.6,1,4,No,0
L02965,Python Inicial,26,Buenos Aires,Universitario,No,0.0,Si,Cuotas,291000,236.8,Celular,2,6,4,113161,2,2,5.9,1,1,No,0
L00859,programacion web,19,Buenos Aires,Universitario,No,0.0,Si,Beca,130000,104.4,Computadora,15,7,4,130304,1,1,6.2,2,1,No,0
L01007,Producto Digital,27,Mendoza,Terciario,Si,45.0,Si,Beca,15000,12.7,Computadora,19,2,1,10658,0,0,4.6,0,1,No,0
L00819,Programacion Web,31,Mendoza,Terciario,No,0.0,No,Cuotas,527000,450.4,Celular,10,2,4,117706,2,2,8.1,5,1,No,0
L01713,UX/UI,34,Cordoba,Secundario,No,0.0,No,Cuotas,401000,348.0,Computadora,23,6,4,139316,0,2,9.1,0,3,No,0
L00064,Data Analytics,61,CABA,Universitario,Si,48.0,No,Pago unico,391000,329.5,Celular,20,3,5,70143,0,1,8.3,0,1,No,1
L00330,Python Inicial,23,Mendoza,Universitario,Si,45.0,No,Pago unico,235000,197.6,Computadora,6,3,2,4354,0,0,,3,0,No,0
L02477,Programacion Web,42,Cordoba,Universitario,Si,,Si,Cuotas,482000,395.1,Computadora,21,5,1,49963,1,1,6.2,4,3,No,0
L01665,Programacion Web,18,Cordoba,Secundario,Si,37.0,No,Cuotas,495000,424.7,Computadora,19,1,4,54871,0,1,,5,3,No,0
L01628,UX/UI,20,Santa Fe,Secundario,No,0.0,No,Cuotas,446000,384.3,Celular,2,1,4,156445,1,2,,1,5,No,0
L02898,Marketing Digital,44,Santa Fe,Terciario,No,0.0,No,Cuotas,344000,289.2,Computadora,11,5,2,116909,0,1,7.4,0,4,No,0
L02941,Marketing Digital,18,Cordoba,Universitario,No,0.0,No,Beca,37000,30.5,Celular,11,4,4,88603,1,2,7.7,9,0,No,1
L01096,Programacion Web,21,Buenos Aires,Universitario,No,0.0,No,Cuotas,516000,423.3,Celular,14,5,2,120242,0,2,6.1,2,4,No,0
L03015,UX / UI,29,CABA,Terciario,Si,37.0,No,Beca,96000,80.2,Computadora,15,2,3,29353,2,1,6.9,3,2,No,0
L02113,Python Inicial,35,CABA,Posgrado,No,0.0,No,Cuotas,279000,228.7,Computadora,7,9,4,90708,2,1,,1,2,No,0
L02770,UX/UI,36,CABA,Terciario,Si,26.0,No,Cuotas,426000,357.6,Computadora,8,2,3,138328,1,2,8.2,0,7,No,0
L00909,Programacion Web,28,Buenos Aires,Universitario,No,0.0,No,Cuotas,515000,418.0,Celular,3,3,5,12574,0,0,,0,5,No,0
L02473,Programacion Web,26,Buenos Aires,Terciario,No,0.0,Si,Pago unico,434000,361.4,Computadora,10,7,15,254471,2,2,9.1,0,9,No,0
L02303,Marketing Digital,17,Buenos Aires,Posgrado,No,0.0,No,Pago unico,267000,223.8,Computadora,18,6,4,103493,3,1,6.2,1,6,No,0
L00808,Python Inicial,43,Santa Fe,Terciario,Si,41.0,No,Beca,75000,63.9,Computadora,13,1,1,39179,1,0,6.5,14,0,No,1
L01940,Mkt Digital,42,Buenos Aires,Universitario,Si,40.0,Si,Beca,38000,31.0,Celular,15,2,2,36268,0,1,,1,0,No,1
L00074,Producto Digital,38,Cordoba,Universitario,Si,25.0,No,Cuotas,367000,304.1,Celular,15,5,1,59409,1,0,,7,0,No,0
L01198,Programacion Web,31,CABA,Universitario,Si,44.0,No,Cuotas,537000,455.0,Computadora,3,3,2,5981,0,0,7.9,5,2,No,0
L01998,Programacion Web,40,Otra,Universitario,Si,49.0,No,Cuotas,494000,427.7,Celular,10,1,3,75942,0,1,8.4,1,1,Si,1
L00740,Programación Web,24,Mendoza,Universitario,No,0.0,Si,Pago unico,410000,328.1,Computadora,14,4,5,116968,1,2,7.2,4,4,No,0
L00981,Producto Digital,23,Buenos Aires,Secundario,No,0.0,Si,Beca,39000,33.7,Computadora,5,4,5,132053,1,2,8.9,2,0,No,1
L00805,Data Analytics,22,Otra,Universitario,No,0.0,No,Pago unico,364000,309.8,Computadora,8,5,6,182537,3,1,8.0,1,12,No,0
L00118,UX/UI,44,CABA,Universitario,No,0.0,No,Cuotas,419000,342.6,Tablet,5,3,3,124648,1,2,8.9,0,2,No,0
L03051,Data Analytics,25,CABA,Universitario,Si,46.0,No,Pago unico,370000,302.1,Celular,0,5,5,47743,0,1,6.7,4,4,No,0
L00055,UX/UI,26,CABA,Posgrado,Si,43.0,No,Pago unico,362000,309.5,Computadora,7,6,3,77487,0,2,7.0,1,4,No,0
L02248,Mkt Digital,35,CABA,Terciario,Si,43.0,No,Beca,14000,11.2,Computadora,2,2,2,0,1,0,10.0,14,0,No,0
L02361,Data Analytics,25,Buenos Aires,Universitario,Si,43.0,Si,Cuotas,469000,403.0,Computadora,17,5,4,105396,0,2,7.3,1,2,No,0
L01001,Python Inicial,20,Santa Fe,Universitario,No,0.0,Si,Cuotas,281000,228.0,Computadora,18,4,5,121166,4,1,9.6,2,0,Si,1
L01785,Data Analytics,33,CABA,Universitario,No,0.0,No,Beca,103000,86.3,Tablet,22,6,3,79303,0,2,8.6,6,5,No,0
L00163,Programacion Web,31,CABA,Secundario,Si,50.0,No,Cuotas,546000,455.0,Computadora,21,3,1,42357,2,1,,2,0,No,0
L02360,Marketing Digital,28,Buenos Aires,Posgrado,No,0.0,No,Pago unico,273000,224.9,Computadora,21,2,3,0,0,1,6.5,6,0,Si,1
L01810,Data Analytics,24,CABA,Universitario,No,0.0,No,Cuotas,437000,352.6,Celular,5,5,4,112388,2,0,4.6,3,3,No,0
L01883,Marketing Digital,34,Otra,Terciario,No,0.0,No,Beca,88000,70.6,Celular,3,4,1,0,0,0,5.3,2,0,Si,1
L02979,Python Inicial,44,Buenos Aires,Secundario,Si,35.0,No,Cuotas,266000,219.2,Celular,6,4,4,109275,1,1,6.8,1,5,No,0
L01122,Data Analytics,28,CABA,Universitario,No,0.0,Si,Cuotas,433000,369.3,Celular,8,6,3,124700,4,1,7.0,2,5,No,0
L01951,Data Analytics,17,Buenos Aires,Terciario,No,0.0,No,Cuotas,479000,387.3,Tablet,17,3,2,123955,0,1,4.9,2,5,No,0
L01457,Programacion Web,27,Otra,Secundario,Si,31.0,No,Cuotas,532000,433.5,Computadora,12,1,2,125594,1,2,5.9,1,1,No,0
L01488,Producto Digital,20,Cordoba,Universitario,No,0.0,Si,Cuotas,396000,327.9,Tablet,19,4,0,70859,2,2,,1,2,No,0
L02446,UX-UI,29,CABA,Universitario,Si,41.0,No,Cuotas,400000,328.3,Computadora,4,10,4,140256,2,2,,4,5,No,0
L01089,Data Analytics,32,CABA,Universitario,Si,40.0,No,Pago unico,358000,304.6,Computadora,0,3,2,162277,2,2,7.9,0,7,No,0
L00159,Data Analytics,21,CABA,Secundario,No,0.0,No,Cuotas,451000,382.9,Computadora,3,9,1,94119,0,2,7.2,2,2,No,0
L00705,Programacion Web,38,Cordoba,Terciario,Si,39.0,No,Pago unico,453000,389.0,Celular,20,3,1,37982,0,0,7.9,14,0,No,1
L00951,UX/UI,28,CABA,Posgrado,Si,44.0,No,Pago unico,358000,306.9,Computadora,3,2,0,27127,0,0,,1,0,No,0
L00541,Marketing Digital,27,Buenos Aires,Terciario,Si,46.0,No,Cuotas,354000,286.5,Computadora,18,2,1,8190,1,1,,6,2,No,0
L00750,Python Inicial,24,CABA,Universitario,No,0.0,Si,Cuotas,268000,227.4,Celular,2,13,4,185755,3,2,8.7,2,8,No,0
L00535,Python Inicial,21,CABA,Posgrado,No,0.0,Si,Cuotas,299000,240.1,Computadora,17,3,2,83956,0,1,7.9,1,0,No,0
L00415,Programacion Web,36,Buenos Aires,Posgrado,No,0.0,No,Cuotas,526000,434.5,Computadora,19,3,0,126168,2,2,,0,5,No,0
L01917,Programacion Web,36,Cordoba,Posgrado,Si,46.0,Si,Cuotas,545000,436.7,Computadora,9,3,4,137259,0,1,7.4,5,4,No,0
L00152,Programacion Web,37,CABA,Universitario,Si,36.0,Si,Cuotas,536000,441.4,Celular,21,3,4,47651,1,2,6.2,2,3,No,0
L01669,Programacion Web,30,Santa Fe,Terciario,No,0.0,No,Cuotas,510000,408.2,Celular,11,2,1,41225,0,0,,1,1,Si,1
L01983,Programacion Web,23,Buenos Aires,Universitario,Si,39.0,Si,Pago unico,419000,344.4,Celular,15,5,3,146011,2,2,6.9,5,5,No,0
L02733,python inicial,37,Otra,Universitario,Si,37.0,No,Cuotas,294000,241.2,Computadora,14,6,4,110582,1,2,10.0,0,1,No,0
L01798,Marketing Digital,17,CABA,Secundario,No,0.0,No,Beca,53000,44.2,Celular,10,3,3,40577,0,0,,3,0,Si,1
L01733,Programacion Web,39,Mendoza,Universitario,Si,36.0,No,Cuotas,538000,450.0,Celular,18,2,3,113934,1,2,,999,3,No,0
L02464,Python Inicial,40,Santa Fe,Secundario,No,0.0,No,Pago unico,221000,191.2,Computadora,20,3,8,152543,3,1,8.6,1,3,No,0
L00831,Producto Digital,17,Otra,Universitario,Si,39.0,Si,Pago unico,325000,267.4,Celular,17,9,3,140083,2,1,7.1,1,4,No,0
L01056,Programacion Web,24,CABA,Secundario,No,0.0,No,Pago unico,446000,377.5,Celular,11,2,4,95918,0,0,6.6,1,3,No,0
L00481,Programación Web,48,Cordoba,Secundario,Si,42.0,No,Cuotas,529000,440.8,Celular,16,3,1,151429,1,1,8.7,0,3,No,0
L00115,Programacion Web,17,Buenos Aires,Universitario,Si,41.0,Si,Pago unico,453000,381.2,Computadora,0,5,13,187880,4,1,7.0,2,8,No,0
L00154,Prog. Web,23,Mendoza,Universitario,No,0.0,Si,Cuotas,483000,418.4,Tablet,3,5,4,101009,1,2,4.8,4,2,No,0
L00180,Programacion Web,18,Buenos Aires,Universitario,No,0.0,No,Pago unico,450000,365.1,Computadora,0,2,0,38654,0,0,7.2,2,3,No,0
L00516,Producto Digital,53,CABA,Terciario,Si,50.0,Si,Pago unico,339000,279.8,Tablet,4,3,7,133142,1,2,7.2,1,6,No,0
L01808,UX/UI,19,Otra,Secundario,Si,37.0,No,Beca,5000,4.3,Computadora,23,2,1,39900,0,1,7.5,5,0,No,0
L02145,Python Inicial,19,Otra,Universitario,No,0.0,No,Pago unico,246000,198.5,Computadora,17,7,6,134395,2,1,,2,6,No,0
L02337,Marketing Digital,25,Otra,Secundario,Si,31.0,No,Pago unico,282000,237.2,Computadora,12,7,3,101480,1,0,7.8,14,3,No,0
L02723,Python Inicial,39,Mendoza,Secundario,Si,37.0,Si,Cuotas,265000,215.0,Tablet,1,12,3,155512,1,1,7.6,0,7,No,0
L02172,Python Inicial,17,CABA,Universitario,Si,,Si,Cuotas,277000,233.9,Computadora,18,1,3,87876,0,2,5.8,1,4,No,0
L00533,Data Analytics,54,CABA,Secundario,Si,28.0,Si,Cuotas,434000,371.3,Computadora,1,6,2,76849,3,1,,1,7,No,0
L00982,Marketing Digital,17,Buenos Aires,Universitario,No,0.0,Si,Cuotas,324000,275.6,Celular,3,4,1,134484,1,1,7.2,0,6,No,0
L00542,Python Inicial,28,CABA,Secundario,No,0.0,Si,Beca,23000,18.6,Celular,3,3,2,145476,4,1,7.9,1,5,No,0
L02081,Programacion Web,29,CABA,Terciario,No,0.0,No,Cuotas,532000,444.2,Computadora,14,3,1,75861,1,1,8.8,1,2,No,0
L01913,Marketing Digital,31,Otra,Universitario,No,0.0,No,Cuotas,320000,274.9,Computadora,9,8,6,190372,3,2,6.9,1,9,No,0
L00498,Programacion Web,49,Buenos Aires,Terciario,Si,28.0,No,Pago unico,447000,368.0,Computadora,23,2,4,120668,0,2,8.5,0,3,No,0
L02839,Programacion Web,25,Mendoza,Universitario,Si,38.0,No,Beca,104000,89.4,Celular,13,4,0,66608,2,1,,6,0,Si,1
L00624,UX/UI,50,Santa Fe,Terciario,Si,42.0,No,Cuotas,442000,371.3,Computadora,1,3,2,88098,3,1,4.5,3,6,No,0
L00653,UX/UI,27,Cordoba,Universitario,No,0.0,Si,Cuotas,448000,364.8,Celular,11,4,3,0,0,1,6.4,14,0,No,1
L01874,Python Inicial,42,CABA,Secundario,No,0.0,No,Beca,24000,20.5,Computadora,2,4,0,38529,0,1,4.2,14,0,Si,1
L03193,Data Analytics,19,Santa Fe,Universitario,No,0.0,No,Cuotas,480000,387.0,Celular,21,5,4,72225,2,2,6.4,1,5,No,0
L03075,Producto Digital,49,Santa Fe,Universitario,Si,29.0,No,Cuotas,385000,312.3,Computadora,10,4,2,121057,0,2,6.2,2,8,No,0
L02527,Marketing Digital,22,Santa Fe,Terciario,No,0.0,No,Pago unico,280000,239.7,Computadora,21,4,4,97545,0,1,,0,2,No,0
L01274,Programacion Web,18,Buenos Aires,Universitario,No,0.0,No,Pago unico,434000,368.2,Computadora,10,4,7,100596,1,0,7.5,0,4,No,0
L01289,Marketing Digital,49,Buenos Aires,Universitario,Si,35.0,Si,Pago unico,280000,236.8,Celular,6,2,3,44281,0,0,,0,0,Si,1
L00557,Marketing Digital,33,CABA,Secundario,No,0.0,No,Cuotas,328000,284.4,Computadora,14,2,5,55718,3,2,5.4,2,3,No,0
L01834,Data Analytics,33,CABA,Secundario,Si,20.0,No,Pago unico,390000,332.2,Computadora,15,12,8,147498,3,1,10.0,0,8,No,0
L00691,Data Analytics,26,CABA,Secundario,No,0.0,Si,Cuotas,481000,396.8,Celular,15,1,3,69948,0,0,5.4,4,0,No,0
L00561,Producto Digital,17,Mendoza,Terciario,Si,49.0,No,Cuotas,384000,317.8,Computadora,18,3,0,87759,2,2,5.6,3,2,No,0
L01370,Programacion Web,31,Santa Fe,Secundario,No,0.0,No,Pago unico,421000,365.1,Computadora,18,5,6,216319,1,1,,2,3,No,0
L02200,producto digital,25,Santa Fe,Posgrado,Si,32.0,No,Beca,36000,30.5,Computadora,3,5,2,79377,2,1,6.2,4,2,No,0
L02003,Data Analytics,30,Buenos Aires,Universitario,No,0.0,Si,Cuotas,462000,400.6,Celular,16,0,1,40529,1,1,,14,0,Si,1
L00934,Producto Digital,31,CABA,Posgrado,No,0.0,No,Pago unico,335000,276.2,Computadora,21,1,3,66527,4,2,7.1,2,6,No,0
L02994,producto digital,21,Buenos Aires,Universitario,No,0.0,Si,Cuotas,361000,302.9,Computadora,16,8,8,111186,0,2,9.4,1,5,No,0
L00704,UX/UI,17,CABA,Universitario,Si,56.0,No,Cuotas,406000,333.9,Celular,22,1,3,105926,1,2,7.1,1,9,No,0
L01618,Python Inicial,18,Buenos Aires,Terciario,No,0.0,Si,Cuotas,285000,246.8,Computadora,14,3,3,194091,0,1,,1,0,Si,1
L01018,Data Analytics,28,CABA,Posgrado,No,0.0,No,Pago unico,391000,326.4,Celular,14,6,3,103181,0,2,9.1,0,7,No,0
L01227,Python Inicial,17,Buenos Aires,Secundario,Si,38.0,Si,Cuotas,296000,244.4,Computadora,22,1,0,19230,0,1,,1,0,Si,1
L03032,Python Inicial,27,Otra,Posgrado,No,0.0,No,Pago unico,240000,204.8,Computadora,13,3,4,25259,2,2,,5,0,No,0
L03102,Producto Digital,30,Buenos Aires,Secundario,Si,,No,Cuotas,413000,336.0,Tablet,22,0,2,92046,2,2,5.0,7,6,No,0
L01180,Programacion Web,28,Otra,Universitario,Si,23.0,Si,Cuotas,539000,431.5,Computadora,19,5,4,200640,3,2,7.5,0,9,No,0
L00597,python inicial,35,Otra,Posgrado,Si,28.0,No,Cuotas,275000,238.8,Celular,22,1,3,40768,1,0,,1,3,No,0
L02273,DATA ANALYTICS,30,CABA,Universitario,No,0.0,No,Cuotas,472000,390.6,Computadora,1,4,4,120683,0,1,8.8,0,4,No,0
L01598,Data Analytics,33,Buenos Aires,Universitario,Si,42.0,No,Cuotas,448000,362.8,Computadora,4,6,3,133755,1,2,7.3,3,4,No,0
L02735,Python Inicial,25,CABA,Universitario,Si,36.0,Si,Cuotas,266000,229.9,Celular,4,0,1,10009,2,0,4.4,4,1,Si,1
L00910,Producto Digital,49,Otra,Secundario,Si,30.0,Si,Pago unico,331000,281.4,Celular,7,12,1,174353,2,2,7.6,0,11,No,0
L00606,UX/UI,32,Santa Fe,Terciario,No,0.0,No,Cuotas,400000,320.0,Computadora,2,3,5,54242,1,2,3.8,5,2,No,0
L00339,Producto Digital,34,Otra,Posgrado,No,0.0,No,Cuotas,369000,307.5,Tablet,6,3,1,110391,0,1,5.4,1,2,No,0
L02531,Data Analytics,25,Santa Fe,Secundario,No,0.0,No,Beca,50000,40.7,Computadora,10,2,0,69020,0,2,6.3,0,4,No,0
L00189,Marketing Digital,34,Mendoza,Terciario,Si,50.0,Si,Beca,91000,73.1,Computadora,12,4,4,60710,1,2,,4,0,Si,1
L01894,Programacion Web,35,Otra,Terciario,No,0.0,No,Cuotas,545000,436.5,Computadora,15,3,8,129191,2,2,8.0,1,5,No,0
L02065,Python Inicial,25,CABA,Terciario,Si,37.0,No,Cuotas,289000,231.9,Celular,0,2,1,141340,0,1,6.2,2,0,No,1
L02997,Marketing Digital,21,CABA,Universitario,No,0.0,No,Pago unico,273000,223.8,Computadora,23,3,6,115675,1,2,8.9,1,4,No,0
L01757,Python Inicial,31,Cordoba,Terciario,No,0.0,Si,Beca,71000,59.8,Computadora,17,6,5,75850,1,2,7.4,0,0,Si,1
L01220,Programacion Web,45,CABA,Universitario,Si,35.0,Si,Beca,135000,108.0,Celular,9,5,2,77294,1,2,,1,0,No,1
L00536,Data Analytics,34,Cordoba,Universitario,No,0.0,No,Cuotas,455000,387.7,Computadora,17,3,6,55445,1,1,3.7,0,5,No,0
L00225,UX/UI,42,Buenos Aires,Posgrado,Si,27.0,No,Cuotas,392000,318.3,Computadora,10,1,2,33047,1,0,4.3,3,6,No,0
L01439,Programacion Web,35,Otra,Secundario,Si,26.0,No,Cuotas,529000,447.8,Celular,0,1,0,71022,0,0,6.4,14,0,No,1
L02504,Programacion Web,35,Santa Fe,Universitario,No,0.0,No,Cuotas,508000,408.1,Computadora,1,7,4,73194,1,1,8.9,6,3,No,0
L00298,Data Analytics,18,Mendoza,Universitario,No,0.0,No,Pago unico,365000,292.0,Computadora,10,3,3,113119,1,2,8.1,0,1,No,0
L00359,Programacion Web,32,Cordoba,Posgrado,No,0.0,No,Cuotas,549000,439.9,Computadora,3,5,5,168423,0,2,9.0,1,9,No,0
L02846,Prog. Web,34,Santa Fe,Universitario,No,0.0,No,Pago unico,431000,372.2,Computadora,13,8,7,214617,7,2,9.7,0,4,No,0
L02420,Programacion Web,23,CABA,Terciario,No,0.0,Si,Cuotas,484000,393.4,Tablet,12,5,9,155111,2,2,6.4,1,6,No,0
L00810,Producto Digital,24,Santa Fe,Universitario,No,0.0,No,Cuotas,413000,345.0,Celular,11,1,1,42975,0,1,6.3,5,4,No,0
L00102,Data Analytics,17,Santa Fe,Secundario,Si,31.0,Si,Pago unico,397000,340.6,Computadora,8,10,5,156472,2,1,9.0,0,5,No,0
L00297,Data Analytics,21,Otra,Posgrado,No,0.0,No,Pago unico,380000,316.7,Celular,2,4,5,103041,0,0,6.4,1,1,No,0
L00011,Producto Digital,29,Buenos Aires,Secundario,No,0.0,No,Cuotas,366000,300.7,Celular,9,4,5,201027,1,1,7.3,1,4,No,0
L01988,DATA ANALYTICS,35,CABA,Secundario,Si,35.0,No,Cuotas,445000,364.9,Computadora,4,1,2,62952,0,1,6.7,8,5,No,0
L01178,UX/UI,20,Otra,Universitario,No,0.0,No,Cuotas,401000,342.5,Celular,14,1,0,0,0,0,,14,0,Si,1
L00385,UX/UI,22,Otra,Secundario,No,0.0,Si,Pago unico,366000,302.5,Computadora,1,5,2,81388,1,2,3.9,3,5,No,0
L00150,Programacion Web,37,Mendoza,Secundario,Si,31.0,No,Pago unico,438000,356.0,Computadora,13,1,2,58673,2,1,7.6,3,1,No,0
L00335,Marketing Digital,21,CABA,Secundario,No,0.0,No,Cuotas,351000,287.4,Celular,22,3,1,71045,1,1,,0,5,No,0
L00245,Data Analytics,40,Cordoba,Secundario,Si,41.0,No,Beca,8000,6.6,Celular,19,1,0,11610,0,0,3.5,4,0,No,1
L02165,Marketing Digital,27,CABA,Secundario,No,0.0,No,Pago unico,268000,219.0,Computadora,14,5,4,142370,2,1,8.7,0,6,No,0
L00919,Marketing Digital,17,Buenos Aires,Universitario,Si,28.0,Si,Cuotas,351000,288.2,Computadora,12,2,3,67193,0,0,,2,1,No,0
L01666,Marketing Digital,37,Buenos Aires,Secundario,Si,56.0,No,Beca,68000,54.6,Celular,1,0,2,0,0,0,,10,1,No,1
L01069,Data Analytics,23,Cordoba,Secundario,No,0.0,No,Beca,125000,108.5,Celular,2,3,6,108967,1,1,9.1,2,6,No,0
L02842,UX/UI,24,CABA,Secundario,No,0.0,Si,Cuotas,433000,373.3,Computadora,11,3,4,103505,0,0,8.2,0,1,No,0
L01270,Programacion Web,38,Buenos Aires,Terciario,No,0.0,No,Pago unico,454000,366.9,Celular,8,2,3,101979,2,2,9.6,2,2,No,0
L02344,Marketing Digital,35,CABA,Universitario,Si,41.0,No,Pago unico,294000,247.5,Celular,9,2,4,75161,0,1,,0,5,No,0
L00774,UX/UI,22,CABA,Posgrado,No,0.0,No,Beca,29000,24.7,Celular,0,1,0,0,1,0,,1,1,No,0
L01092,Programacion Web,25,Santa Fe,Terciario,No,0.0,No,Pago unico,428000,368.4,Computadora,8,1,3,134028,0,1,5.1,1,3,No,0
L02408,Python Inicial,40,Otra,Secundario,Si,31.0,No,Cuotas,284000,237.5,Computadora,6,2,3,34401,3,1,6.1,10,2,No,0
L02926,Python Inicial,23,CABA,Terciario,Si,23.0,No,Cuotas,274000,235.4,Celular,18,6,1,35836,2,0,,8,1,Si,1
L00149,Data Analytics,23,Buenos Aires,Terciario,No,0.0,No,Pago unico,386000,318.8,Celular,15,5,6,156251,4,1,6.2,1,4,No,0
L01950,Marketing Digital,19,Santa Fe,Terciario,Si,32.0,No,Pago unico,283000,237.1,Tablet,16,1,3,123061,2,1,7.1,1,1,No,0
L00167,Producto Digital,20,Buenos Aires,Universitario,No,0.0,No,Cuotas,398000,331.6,Celular,7,2,4,109316,0,2,8.9,2,3,No,0
L00823,Data Analytics,39,CABA,Universitario,Si,43.0,Si,Pago unico,390000,312.7,Computadora,14,1,4,168509,3,2,8.8,1,3,No,0
L01986,Programacion Web,28,CABA,Secundario,No,0.0,No,Cuotas,492000,401.5,Tablet,7,8,10,204757,6,2,7.9,1,12,No,0
L01600,UX/UI,20,CABA,Terciario,No,0.0,No,Pago unico,352000,290.1,Computadora,12,1,1,88367,1,1,5.3,2,1,No,0
L02389,Marketing Digital,39,Buenos Aires,Universitario,Si,41.0,No,Cuotas,348000,295.1,Celular,23,0,0,56290,0,1,6.4,7,0,No,1
L01549,Data Analytics,20,Buenos Aires,Universitario,Si,25.0,No,Beca,106000,89.1,Computadora,1,2,2,31777,2,0,5.0,3,0,No,1
L01560,Data Analytics,17,Otra,Terciario,Si,44.0,No,Beca,77000,63.0,Computadora,23,3,6,99881,0,1,,4,2,No,0
L00790,UX/UI,19,Santa Fe,Universitario,No,0.0,No,Cuotas,394000,320.6,Celular,19,7,0,82580,2,1,,2,2,No,0
L00409,Data Analytics,18,CABA,Terciario,Si,46.0,No,Beca,62000,52.7,Computadora,4,1,1,0,1,0,,6,0,Si,1
L02292,Programacion Web,17,CABA,Universitario,Si,32.0,No,Pago unico,448000,377.7,Tablet,20,4,1,68537,2,1,6.2,0,2,No,0
L02636,Programacion Web,34,CABA,Universitario,No,0.0,No,Pago unico,416000,335.5,Computadora,6,9,5,180062,3,1,6.7,4,5,No,0
L01699,DATA ANALYTICS,17,CABA,Universitario,No,0.0,No,Cuotas,473000,390.3,Computadora,23,5,2,63538,1,0,,1,0,No,0
L01802,Data Analytics,30,Cordoba,Universitario,No,0.0,No,Pago unico,364000,306.8,Tablet,18,5,0,80960,0,2,8.3,1,6,No,0
L01926,UX/UI,30,Buenos Aires,Universitario,Si,,No,Cuotas,406000,349.3,Celular,8,8,5,127381,3,2,9.9,0,6,No,0
L00619,Programacion Web,17,CABA,Secundario,Si,45.0,No,Pago unico,425000,346.4,Computadora,1,3,4,63869,0,2,5.8,12,0,Si,1
L00020,Programacion Web,23,Buenos Aires,Secundario,Si,39.0,No,Pago unico,433000,359.7,Celular,17,2,0,100252,3,1,,0,0,Si,1
L00106,Data Analytics,49,Buenos Aires,Secundario,Si,40.0,No,Cuotas,463000,394.0,Celular,9,3,2,25713,0,1,6.2,13,0,No,1
L02023,Python Inicial,22,CABA,Secundario,Si,27.0,No,Cuotas,271000,234.4,Tablet,4,2,4,78461,0,1,,5,3,No,0
L01261,Producto Digital,27,CABA,Universitario,Si,27.0,No,Cuotas,364000,293.9,Computadora,20,7,1,10660,0,0,,1,4,No,0
L02945,UX/UI,41,Cordoba,Universitario,Si,46.0,No,Cuotas,406000,334.0,Computadora,11,5,2,49266,1,1,4.8,7,0,No,1
L00924,Producto Digital,28,Buenos Aires,Universitario,No,0.0,No,Pago unico,322000,261.4,Celular,21,2,1,91345,4,1,3.9,3,3,No,0
L01676,Programacion Web,44,Buenos Aires,Terciario,Si,38.0,Si,Pago unico,429000,364.2,Celular,4,2,4,143841,2,1,8.6,4,4,No,0
L02418,Programacion Web,30,CABA,Posgrado,No,0.0,No,Beca,12000,9.9,Celular,21,2,3,76683,0,0,6.8,3,0,Si,1
L02143,Python Inicial,20,CABA,Terciario,No,0.0,No,Cuotas,281000,224.9,Computadora,4,2,2,37207,1,2,,0,4,No,0
L02471,Programacion Web,29,Buenos Aires,Terciario,No,0.0,No,Pago unico,411000,334.5,Computadora,13,11,3,175783,1,1,6.7,0,6,No,0
L02847,Python Inicial,45,CABA,Universitario,Si,35.0,No,Pago unico,224000,193.1,Computadora,19,6,7,109646,1,2,6.6,0,6,No,0
L00435,Data Analytics,24,Mendoza,Secundario,No,0.0,No,Pago unico,391000,334.9,Computadora,4,4,3,69798,0,2,5.9,1,3,No,0
L02098,Data Analytics,30,Santa Fe,Universitario,Si,44.0,Si,Pago unico,380000,312.0,Computadora,13,5,6,141772,1,2,7.5,0,2,No,0
L00162,UX/UI,27,Buenos Aires,Terciario,Si,43.0,No,Cuotas,391000,316.1,Celular,2,6,2,81772,0,0,7.3,13,3,No,0
L00902,Producto Digital,27,Otra,Posgrado,Si,25.0,No,Pago unico,310000,260.4,Computadora,17,1,1,38053,0,0,,14,0,Si,1
L01057,Marketing Digital,30,Buenos Aires,Posgrado,No,0.0,No,Beca,73000,59.9,Computadora,1,9,2,148342,0,2,7.8,1,4,No,0
L00728,Mkt Digital,34,Santa Fe,Secundario,No,0.0,Si,Cuotas,350000,303.9,Computadora,10,4,3,89577,2,0,,6,0,Si,1
L02453,UX/UI,27,Otra,Secundario,Si,36.0,No,Beca,90000,72.8,Computadora,19,1,5,86798,1,1,,2,4,No,0
L02919,UX/UI,52,CABA,Terciario,Si,49.0,No,Pago unico,361000,299.0,Computadora,19,2,4,47544,0,0,7.7,1,2,No,0
L02107,Mkt Digital,32,Buenos Aires,Universitario,Si,,No,Pago unico,280000,231.6,Celular,3,4,3,33477,1,0,,10,0,No,1
L03140,Marketing Digital,32,Buenos Aires,Terciario,No,0.0,Si,Beca,45000,36.1,Computadora,0,4,6,116977,2,1,5.3,0,7,No,0
L02318,UX/UI,39,Buenos Aires,Terciario,No,0.0,No,Cuotas,405000,344.6,Computadora,14,6,1,76756,0,0,6.2,2,4,No,0
L02390,Programacion Web,40,Buenos Aires,Secundario,No,0.0,No,Cuotas,531000,458.8,Celular,22,8,5,136930,0,2,,0,4,No,0
L00861,Marketing Digital,18,Mendoza,Posgrado,No,0.0,No,Cuotas,336000,288.6,Computadora,15,3,3,129496,1,1,6.2,0,4,No,0
L02574,Data Analytics,23,Santa Fe,Universitario,No,0.0,No,Pago unico,367000,315.3,Computadora,13,4,1,0,0,0,,3,0,Si,1
L00791,Data Analytics,22,CABA,Terciario,Si,,No,Pago unico,359000,295.0,Computadora,10,7,7,252663,1,2,9.5,1,14,No,0
L02506,UX/UI,34,CABA,Universitario,No,0.0,No,Pago unico,368000,301.4,Computadora,8,6,3,90279,1,2,,0,4,No,0
L02246,Programacion Web,40,Otra,Secundario,Si,32.0,No,Cuotas,498000,416.9,Celular,19,3,2,18322,0,1,,14,0,Si,1
L00683,Python Inicial,19,CABA,Posgrado,Si,32.0,No,Cuotas,271000,219.3,Computadora,10,5,3,153061,3,2,10.0,1,5,No,0
L01446,Mkt Digital,36,CABA,Universitario,No,0.0,No,Cuotas,340000,275.1,Computadora,16,5,6,148069,3,2,6.3,0,7,No,0
L00517,UX/UI,25,Buenos Aires,Universitario,Si,31.0,No,Beca,1000,0.8,Computadora,1,1,8,131108,3,1,7.5,0,5,No,0
L01892,Data Analytics,37,Otra,Posgrado,Si,27.0,Si,Beca,27000,22.2,Computadora,21,6,10,151171,1,2,8.2,0,5,No,0
L02717,Producto Digital,31,Buenos Aires,Universitario,Si,42.0,No,Cuotas,386000,323.4,Celular,7,0,1,10618,0,1,,3,0,No,0
L01342,Data Analytics,40,Cordoba,Secundario,Si,42.0,No,Pago unico,378000,326.7,Computadora,2,5,4,93910,0,2,8.2,1,4,No,0
L01599,Programacion Web,28,CABA,Terciario,Si,46.0,No,Cuotas,480000,395.3,Tablet,9,5,2,70431,1,1,,3,1,No,0
L01276,Mkt Digital,27,CABA,Secundario,No,0.0,No,Beca,27000,21.7,Computadora,15,1,4,12089,0,1,,9,0,Si,1
L00779,Python Inicial,22,Buenos Aires,Universitario,Si,39.0,Si,Pago unico,231000,189.5,Celular,9,3,5,73068,2,2,7.4,4,1,No,0
L00057,Mkt Digital,22,CABA,Universitario,No,0.0,No,Pago unico,290000,248.2,Computadora,22,2,7,93572,0,2,6.2,4,5,No,0
L02243,Programacion Web,29,Cordoba,Universitario,No,0.0,No,Pago unico,442000,360.2,Tablet,21,5,4,138615,1,2,8.0,0,2,No,0
L01111,Python Inicial,19,Cordoba,Secundario,Si,40.0,No,Cuotas,262000,224.6,Computadora,19,3,1,2305,0,0,,14,0,No,0
L00701,Programacion Web,27,CABA,Terciario,Si,23.0,Si,Cuotas,480000,407.1,Celular,12,1,6,38120,1,1,6.3,2,4,No,0
L02520,Marketing Digital,17,CABA,Universitario,Si,,Si,Pago unico,264000,220.8,Computadora,14,4,0,95219,0,2,5.8,5,3,No,0
L02220,Data Analytics,31,Buenos Aires,Universitario,Si,38.0,No,Cuotas,475000,410.6,Computadora,3,4,2,0,0,0,,6,0,Si,1
L02198,Python inicial,43,Buenos Aires,Terciario,Si,43.0,No,Pago unico,239000,207.8,Celular,16,4,4,129835,2,2,9.1,3,1,No,0
L00068,Programacion Web,52,Santa Fe,Secundario,Si,27.0,No,Beca,116000,98.9,Tablet,7,5,2,46482,0,2,8.2,1,1,No,0
L02412,Python inicial,28,CABA,Secundario,No,0.0,No,Pago unico,233000,193.2,Celular,3,3,3,29291,2,1,,4,1,No,0
L02550,Data Analytics,43,CABA,Universitario,Si,38.0,No,Pago unico,382000,317.5,Computadora,10,10,5,112743,2,2,9.4,0,3,No,0
L01671,Data Analytics,25,CABA,Universitario,Si,36.0,No,Pago unico,358000,306.6,Celular,2,5,2,75988,0,2,7.1,1,4,No,0
L01120,marketing digital,25,Otra,Universitario,No,0.0,No,Cuotas,338000,280.5,Tablet,21,8,2,152260,2,1,8.2,7,5,No,0
L02307,Marketing Digital,26,Santa Fe,Secundario,No,0.0,Si,Cuotas,339000,293.8,Computadora,16,6,4,7596,0,2,7.1,2,5,No,0
L01507,Python Inicial,36,Santa Fe,Secundario,Si,45.0,No,Cuotas,269000,229.6,Computadora,21,1,3,62759,2,1,,2,0,Si,1
L01406,DATA ANALYTICS,26,Santa Fe,Terciario,No,0.0,Si,Pago unico,363000,296.8,Celular,1,8,1,139425,2,2,7.0,1,7,No,0
L00513,Producto Digital,28,CABA,Secundario,No,0.0,Si,Cuotas,402000,343.7,Computadora,23,7,5,119033,2,2,7.2,0,2,No,0
L02069,Programacion Web,34,Buenos Aires,Terciario,Si,56.0,No,Cuotas,548000,453.6,Tablet,22,5,2,83833,1,2,7.2,1,3,No,0
L02071,Data Analytics,17,Santa Fe,Secundario,Si,29.0,No,Cuotas,479000,412.4,Computadora,17,4,2,97333,1,1,10.0,3,3,No,0
L02310,Programacion Web,17,Otra,Terciario,No,0.0,No,Beca,11000,9.3,Computadora,17,4,4,103932,4,1,,1,2,No,0
L02285,Marketing Digital,28,CABA,Secundario,Si,38.0,Si,Cuotas,348000,281.9,Celular,4,4,2,117391,4,2,8.5,3,4,No,0
L02209,Programacion Web,17,Mendoza,Posgrado,No,0.0,No,Pago unico,453000,364.9,Celular,14,2,4,118694,2,2,5.9,0,3,No,0
L00258,Producto  Digital,28,CABA,Terciario,Si,35.0,No,Pago unico,315000,254.1,Celular,16,1,1,56494,0,0,,1,0,No,1
L02024,Data Analytics,36,Cordoba,Posgrado,No,0.0,No,Cuotas,465000,372.0,Celular,13,4,3,63929,2,2,6.3,2,2,No,0
L02848,Producto Digital,30,CABA,Terciario,No,0.0,Si,Beca,63000,52.6,Celular,3,3,0,13916,1,0,6.1,3,1,No,0
L03192,Programacion Web,35,CABA,Universitario,No,0.0,No,Pago unico,432000,351.7,Celular,2,4,1,70807,1,2,5.7,0,1,No,1
L00306,Programacion Web,29,Buenos Aires,Posgrado,Si,37.0,No,Cuotas,498000,413.6,Celular,15,8,1,33777,1,1,6.5,7,0,Si,1
L00308,programacion web,36,CABA,Secundario,No,0.0,No,Pago unico,433000,372.1,Celular,15,3,1,76455,2,0,,0,0,Si,1
L00548,Programacion Web,17,Otra,Universitario,No,0.0,Si,Pago unico,424000,359.4,Celular,19,1,11,206635,1,2,8.7,0,7,No,0
L00630,Programacion Web,24,Buenos Aires,Secundario,No,0.0,No,Beca,86000,69.7,Computadora,16,3,3,108847,2,0,7.9,5,1,No,0
L01961,Producto Digital,38,Santa Fe,Secundario,Si,29.0,No,Cuotas,394000,331.0,Celular,13,2,3,119583,1,1,6.3,2,6,No,0
L01427,Marketing Digital,41,Santa Fe,Universitario,No,0.0,Si,Pago unico,289000,244.6,Computadora,11,4,9,180346,3,2,9.0,0,5,No,0
L03077,UX/UI,17,Cordoba,Secundario,No,0.0,Si,Cuotas,433000,349.4,Celular,19,1,5,144444,1,2,7.4,0,6,No,0
L01350,Programacion Web,18,Otra,Terciario,No,0.0,Si,Cuotas,482000,400.2,Computadora,10,4,3,46823,1,1,6.5,2,1,No,1
L01487,Data Analytics,17,Otra,Posgrado,No,0.0,Si,Pago unico,366000,300.9,Celular,22,3,8,121195,2,1,,1,5,No,0
L01778,Producto  Digital,27,CABA,Secundario,No,0.0,No,Cuotas,408000,353.1,Computadora,14,0,3,56378,0,1,,4,0,Si,1
L02736,Data Analytics,22,Buenos Aires,Secundario,No,0.0,Si,Cuotas,453000,365.0,Celular,1,3,3,90155,1,1,7.9,1,5,No,0
L02245,Producto Digital,23,Santa Fe,Terciario,Si,47.0,No,Beca,2000,1.6,Computadora,0,4,2,143679,0,1,7.0,3,4,No,0
L00990,Marketing Digital,22,Buenos Aires,Posgrado,No,0.0,No,Cuotas,350000,303.6,Computadora,9,3,3,61492,2,1,7.0,1,3,No,0
L02826,Python Inicial,47,CABA,Terciario,Si,,Si,Cuotas,271000,234.7,Tablet,9,6,6,97058,2,2,5.6,0,4,No,0
L02421,Marketing Digital,42,CABA,Secundario,Si,39.0,No,Beca,84000,67.9,Computadora,8,5,1,145188,1,2,7.7,3,6,No,0
L02218,Python Inicial,22,Buenos Aires,Secundario,No,0.0,No,Beca,1000,0.8,Celular,1,2,1,119412,0,0,7.9,0,2,No,0
L01652,Producto Digital,52,Cordoba,Secundario,Si,44.0,Si,Pago unico,337000,291.3,Tablet,21,3,5,156613,0,2,8.5,0,3,No,0
L00234,UX/UI,32,Otra,Terciario,Si,39.0,Si,Pago unico,345000,280.3,Computadora,7,3,2,171493,1,1,,2,6,No,0
L00523,Producto Digital,22,CABA,Posgrado,No,0.0,No,Cuotas,408000,329.6,Celular,22,2,1,46779,1,0,,14,0,Si,1
L00724,Producto Digital,54,Otra,Universitario,Si,35.0,No,Cuotas,365000,298.7,Computadora,20,2,6,117063,5,1,5.6,0,2,No,0
L02372,Programacion Web,32,Otra,Secundario,Si,45.0,Si,Pago unico,441000,364.2,Computadora,4,6,6,190950,2,2,10.0,2,4,No,0
L00338,UX/UI,31,CABA,Universitario,No,0.0,No,Beca,9000,7.7,Computadora,6,6,0,77330,3,1,6.2,2,1,No,0
L00602,Python Inicial,30,CABA,Universitario,No,0.0,No,Cuotas,261000,222.8,Computadora,6,3,2,108804,2,2,,2,2,No,0
L01382,Marketing Digital,20,CABA,Universitario,No,0.0,Si,Cuotas,347000,289.2,Computadora,1,2,5,125151,1,1,9.4,1,7,No,0
L02880,Data Analytics,19,CABA,Terciario,No,0.0,Si,Cuotas,435000,376.6,Celular,8,3,3,136580,1,1,7.3,1,4,No,0
L00038,UX/UI,17,Cordoba,Terciario,No,0.0,Si,Beca,26000,21.6,Computadora,23,4,3,123235,1,1,9.1,2,7,No,0
L02680,producto digital,26,CABA,Posgrado,No,0.0,No,Cuotas,386000,309.5,Computadora,20,6,14,208206,3,2,9.9,0,12,No,0
L01753,Programacion Web,26,Santa Fe,Universitario,No,0.0,No,Beca,62000,50.7,Computadora,2,3,1,99088,1,2,6.5,6,1,No,0
L02650,Marketing Digital,20,Buenos Aires,Secundario,No,0.0,No,Pago unico,267000,220.4,Computadora,6,2,2,116519,1,2,6.1,1,4,No,0
L00251,Producto Digital,35,Mendoza,Terciario,No,0.0,No,Pago unico,337000,285.2,Tablet,17,10,10,135525,3,0,8.0,0,2,No,0
L02253,Python Inicial,17,Otra,Universitario,No,0.0,No,Cuotas,260000,224.6,Celular,5,4,1,95913,1,2,,0,2,No,0
L01425,UX/UI,37,Buenos Aires,Secundario,Si,30.0,Si,Cuotas,396000,327.3,Celular,6,3,5,58145,0,2,,0,0,No,0
L01535,UX/UI,24,Buenos Aires,Universitario,Si,36.0,No,Pago unico,353000,284.4,Computadora,15,7,3,71091,2,2,6.8,2,1,No,1
L02989,Python Inicial,19,CABA,Posgrado,Si,34.0,No,Cuotas,280000,237.7,Computadora,15,9,7,230635,8,2,9.3,0,8,No,0
L01727,UX/UI,30,CABA,Posgrado,Si,39.0,No,Beca,64000,55.4,Computadora,6,3,2,71688,0,2,,0,3,No,0
L00230,Producto Digital,41,CABA,Secundario,Si,43.0,Si,Pago unico,322000,276.9,Computadora,8,4,3,173188,2,1,8.1,0,6,No,0
L00868,Data Analytics,39,CABA,Universitario,Si,27.0,No,Pago unico,365000,313.0,Computadora,1,7,4,115920,2,1,,1,1,No,0
L00904,Programacion Web,24,CABA,Secundario,No,0.0,No,Cuotas,509000,436.8,Computadora,7,3,3,105040,2,2,7.2,3,5,No,0
L00761,Producto Digital,24,CABA,Universitario,Si,45.0,No,Pago unico,321000,278.4,Computadora,1,11,5,167901,1,2,9.7,2,3,No,0
L02688,Python Inicial,19,Santa Fe,Secundario,No,0.0,No,Cuotas,293000,254.3,Computadora,14,3,4,59506,0,1,,14,0,Si,1
L01879,UX/UI,26,Buenos Aires,Secundario,No,0.0,No,Cuotas,412000,357.8,Computadora,10,6,5,91100,1,2,3.5,3,4,No,0
L02707,Python Inicial,64,Otra,Universitario,Si,37.0,No,Pago unico,246000,200.0,Computadora,14,2,5,100682,3,1,6.9,0,0,Si,1
L01312,Producto Digital,42,Cordoba,Posgrado,Si,28.0,Si,Beca,97000,82.1,Celular,9,4,3,75255,3,2,7.3,0,6,No,0
L00313,UX/UI,31,Buenos Aires,Terciario,No,0.0,No,Beca,5000,4.3,Celular,22,4,4,178921,1,2,9.9,2,10,No,0
L01779,Mkt Digital,41,Buenos Aires,Secundario,Si,47.0,No,Pago unico,278000,225.6,Computadora,13,4,3,81719,0,0,5.1,2,3,No,0
L02247,Marketing Digital,29,Otra,Secundario,Si,37.0,No,Cuotas,320000,275.9,Computadora,12,6,3,161450,3,2,6.2,0,4,No,0
L03069,Producto Digital,24,CABA,Terciario,No,0.0,No,Cuotas,365000,309.7,Computadora,4,2,2,79630,1,2,,1,4,No,0
L00582,Data Analytics,22,Santa Fe,Universitario,No,0.0,No,Cuotas,467000,381.5,Celular,17,4,2,116495,0,2,7.6,2,6,No,0
L02232,Programacion Web,38,Buenos Aires,Terciario,Si,27.0,No,Cuotas,512000,418.6,Celular,1,4,2,163666,3,2,7.5,0,3,No,0
L00056,Marketing Digital,2,CABA,Terciario,Si,60.0,No,Beca,50000,41.8,Celular,1,6,3,182406,7,2,10.0,1,5,No,0
L00268,Data Analytics,18,CABA,Terciario,No,0.0,Si,Pago unico,363000,306.8,Computadora,10,7,6,159928,5,2,8.9,1,8,No,0
L00588,Python Inicial,17,Cordoba,Universitario,No,0.0,Si,Beca,74000,60.5,Celular,1,2,3,88011,1,2,4.7,1,6,No,0
L02157,Producto Digital,36,Otra,Posgrado,No,0.0,Si,Cuotas,404000,327.6,Computadora,6,3,0,45426,1,1,5.1,4,3,No,0
L00059,Data Analytics,28,CABA,Secundario,No,0.0,No,Cuotas,438000,350.9,Computadora,6,8,3,142481,1,1,,0,0,No,0
L00393,Marketing Digital,42,CABA,Universitario,Si,22.0,No,Cuotas,320000,265.4,Computadora,3,2,4,143975,1,2,,1,0,No,0
L00797,Programacion Web,47,Otra,Universitario,No,0.0,No,Cuotas,483000,419.7,Computadora,1,6,4,141960,0,2,8.6,3,5,No,0
L01817,Programacion Web,34,CABA,Terciario,Si,59.0,Si,Cuotas,509000,424.7,Computadora,22,5,5,148113,1,2,7.2,0,2,No,0
L01368,DATA ANALYTICS,36,Cordoba,Universitario,Si,29.0,Si,Cuotas,448000,360.6,Computadora,18,0,5,41828,2,0,1.0,6,4,No,0
L02173,Programacion Web,34,CABA,Terciario,No,0.0,Si,Cuotas,543000,437.8,Computadora,11,8,6,164394,4,1,5.9,1,6,No,0
L00353,DATA ANALYTICS,29,Otra,Secundario,No,0.0,No,Pago unico,373000,323.9,Celular,7,8,0,119810,1,2,6.6,3,0,No,0
L00926,Marketing Digital,32,Cordoba,Universitario,Si,49.0,No,Cuotas,322000,265.6,Celular,9,6,4,92174,1,1,,0,3,No,0
L01573,Data Analytics,29,Otra,Secundario,No,0.0,Si,Cuotas,429000,370.0,Celular,12,2,3,30273,0,1,4.0,4,2,No,0
L02884,Marketing Digital,21,Mendoza,Universitario,No,0.0,Si,Cuotas,311000,253.2,Computadora,11,9,1,171146,4,2,10.0,0,3,No,0
L02027,Data Analytics,26,Cordoba,Secundario,No,0.0,No,Beca,108000,92.1,Celular,14,7,6,93548,1,2,7.1,1,1,No,0
L00334,Marketing Digital,29,CABA,Posgrado,Si,40.0,Si,Pago unico,270000,220.9,Celular,23,4,4,66242,0,1,5.3,5,2,No,0
L02011,Programacion Web,30,CABA,Terciario,Si,42.0,Si,Pago unico,446000,364.0,Computadora,11,5,3,119766,1,0,,1,4,No,0
L01133,UX-UI,24,Otra,Terciario,No,0.0,Si,Cuotas,392000,317.6,Computadora,2,7,10,196593,2,2,7.0,1,9,No,0
L02486,Programacion Web,18,Otra,Universitario,No,0.0,Si,Cuotas,525000,441.8,Celular,8,6,5,143861,0,1,9.0,2,5,No,0
L01249,Programacion Web,25,Cordoba,Terciario,Si,48.0,No,Beca,71000,60.0,Celular,1,1,0,0,0,0,,0,1,No,1
L00847,UX / UI,36,Buenos Aires,Terciario,Si,30.0,No,Pago unico,336000,281.1,Computadora,19,0,0,35542,0,1,,2,1,No,0
L01680,Programacion Web,37,CABA,Secundario,Si,19.0,No,Cuotas,505000,421.5,Computadora,22,6,3,125097,3,0,,2,3,No,0
L02229,Programacion Web,35,Buenos Aires,Secundario,Si,40.0,No,Beca,108000,91.7,Tablet,12,3,7,209381,5,2,8.5,1,8,No,0
L01688,Python Inicial,31,Buenos Aires,Universitario,Si,37.0,Si,Beca,65000,55.7,Celular,15,4,3,116197,2,1,,0,4,No,0
L00505,Data Analytics,30,Buenos Aires,Secundario,No,0.0,No,Pago unico,383000,330.6,Computadora,12,3,9,102148,1,2,10.0,0,5,No,0
L00216,Programacion Web,25,Buenos Aires,Terciario,No,0.0,No,Cuotas,532000,427.5,Computadora,2,6,0,57674,1,1,,5,5,No,0
L01984,Producto Digital,22,Cordoba,Secundario,Si,46.0,No,Beca,88000,75.0,Computadora,10,2,0,9528,1,0,,1,1,No,0
L01341,Programacion Web,22,CABA,Universitario,No,0.0,No,Cuotas,501000,422.1,Celular,7,4,3,6912,0,1,9.2,7,2,No,0
L01381,Programacion Web,34,Otra,Universitario,No,0.0,No,Cuotas,540000,452.8,Computadora,8,3,3,74569,1,0,7.0,2,1,No,0
L02905,Python Inicial,29,Cordoba,Universitario,No,0.0,No,Pago unico,235000,191.1,Celular,7,5,7,102397,2,2,7.2,2,3,No,0
L02844,Programacion Web,29,Cordoba,Universitario,No,0.0,No,Cuotas,531000,437.7,Computadora,13,4,3,68878,2,2,5.7,0,1,No,0
L02032,Programacion Web,43,CABA,Terciario,Si,46.0,No,Cuotas,511000,432.4,Celular,1,3,0,0,1,0,,3,0,Si,1
L01915,Data Analytics,29,Buenos Aires,Secundario,Si,50.0,Si,Pago unico,360000,309.9,Celular,14,5,2,75160,1,2,7.4,3,1,No,0
L02681,Data Analytics,21,Cordoba,Secundario,No,0.0,No,Pago unico,363000,313.7,Celular,7,4,4,36018,1,0,,0,3,No,0
L02442,Python Inicial,22,Buenos Aires,Universitario,Si,39.0,Si,Pago unico,246000,212.1,Computadora,0,3,7,87094,4,2,7.4,1,6,No,0
L00794,Data Analytics,53,Buenos Aires,Secundario,Si,41.0,Si,Pago unico,399000,336.6,Computadora,5,6,4,107879,3,2,9.6,2,4,No,0
L00537,UX/UI,25,CABA,Universitario,Si,42.0,No,Cuotas,413000,335.4,Computadora,23,3,1,6601,2,1,,4,2,No,0
L00489,Python Inicial,28,Buenos Aires,Posgrado,No,0.0,No,Pago unico,236000,203.7,Celular,19,4,4,103141,0,1,6.0,2,1,No,0
L02992,Data Analytics,36,CABA,Terciario,No,0.0,Si,Cuotas,451000,381.4,Computadora,1,8,3,117014,4,2,10.0,2,8,No,0
L03135,Programacion Web,26,CABA,Terciario,No,0.0,No,Beca,102000,85.0,Celular,9,1,2,57284,1,1,,4,1,No,0
L02287,Marketing Digital,32,Otra,Terciario,No,0.0,No,Cuotas,329000,265.4,Celular,17,0,8,145204,2,2,7.4,3,7,No,0
L02497,Programacion Web,19,Buenos Aires,Posgrado,Si,56.0,Si,Cuotas,545000,439.1,Computadora,22,1,5,76687,1,2,9.1,0,6,No,0
L03100,Programacion Web,34,Buenos Aires,Secundario,Si,34.0,No,Cuotas,531000,452.6,Computadora,4,7,5,152633,2,1,6.1,8,8,No,0
L02938,Programacion Web,24,Buenos Aires,Universitario,No,0.0,No,Beca,58000,48.7,Celular,5,4,1,76288,0,1,5.2,2,0,Si,1
L01357,Programacion Web,17,Cordoba,Secundario,No,0.0,No,Pago unico,409000,333.9,Celular,21,1,1,7511,0,1,,2,1,No,0
L02039,Data Analytics,36,Buenos Aires,Universitario,No,0.0,Si,Cuotas,447000,377.1,Computadora,17,2,6,179778,0,1,7.8,1,7,No,0
L02208,Programacion Web,18,Buenos Aires,Secundario,Si,31.0,Si,Cuotas,503000,415.2,Celular,2,8,10,216811,4,2,8.6,2,4,No,0
L00264,Python Inicial,38,Otra,Secundario,Si,45.0,No,Cuotas,266000,214.7,Computadora,16,0,2,80573,1,2,7.1,1,6,No,0
L00946,Data Analytics,37,Cordoba,Posgrado,No,0.0,Si,Cuotas,459000,373.4,Computadora,23,7,2,130664,0,0,6.6,1,5,No,0
L00763,UX/UI,21,Buenos Aires,Universitario,No,0.0,Si,Pago unico,345000,293.4,Celular,17,8,5,101196,6,2,8.7,0,8,No,0
L02948,Programacion Web,20,Cordoba,Universitario,No,0.0,No,Cuotas,509000,407.4,Computadora,17,1,0,34168,1,0,,1,0,No,1
L02611,Programacion Web,17,CABA,Terciario,No,0.0,No,Cuotas,487000,406.8,Computadora,21,3,2,127821,1,1,6.7,1,2,No,0
L02755,Programacion Web,24,Santa Fe,Secundario,Si,31.0,No,Beca,138000,118.9,Computadora,20,7,3,26038,2,1,,1,5,No,0
L01117,Data Analytics,23,Otra,Terciario,No,0.0,No,Pago unico,390000,327.9,Computadora,11,3,6,144891,1,2,7.1,1,6,No,0
L02726,Python Inicial,44,CABA,Posgrado,Si,26.0,No,Cuotas,273000,234.2,Computadora,3,2,1,0,0,0,,2,1,Si,1
L02974,Marketing Digital,36,CABA,Universitario,No,0.0,No,Cuotas,335000,283.3,Tablet,12,6,2,140597,1,0,7.8,2,0,Si,1
L01787,UX/UI,25,Cordoba,Universitario,No,0.0,No,Cuotas,406000,330.7,Computadora,14,1,5,159212,4,2,9.1,0,12,No,0
L00327,Prog. Web,24,Santa Fe,Secundario,No,0.0,No,Pago unico,433000,368.0,Celular,3,2,1,35508,1,1,6.3,4,3,No,0
L02972,Programacion Web,17,CABA,Universitario,No,0.0,Si,Cuotas,526000,422.1,Computadora,19,5,4,95351,1,1,7.9,3,3,No,0
L00547,Data Analytics,33,Buenos Aires,Posgrado,No,0.0,Si,Pago unico,399000,328.4,Computadora,20,4,3,183122,1,1,,2,4,No,0
L03066,Python Inicial,34,CABA,Universitario,Si,26.0,Si,Cuotas,288000,233.5,Celular,15,5,3,154888,2,1,9.4,4,6,No,0
L02849,Marketing Digital,24,Cordoba,Secundario,No,0.0,Si,Beca,86000,70.3,Computadora,20,7,4,167194,1,2,7.6,1,10,No,0
L00671,Producto Digital,28,Santa Fe,Universitario,Si,35.0,No,Cuotas,367000,298.1,Tablet,12,7,2,143268,3,2,7.8,3,2,No,0
L02714,Programacion Web,53,CABA,Terciario,Si,35.0,No,Pago unico,439000,360.8,Computadora,7,2,1,76930,1,2,4.4,7,0,Si,1
L02749,Marketing Digital,35,CABA,Terciario,Si,46.0,No,Pago unico,277000,230.0,Celular,3,7,4,57432,0,0,8.5,0,3,No,0
L01337,UX/UI,21,Otra,Secundario,No,0.0,Si,Cuotas,433000,374.3,Computadora,14,4,5,163820,1,1,7.9,3,2,No,0
L01366,producto digital,34,CABA,Secundario,No,0.0,No,Cuotas,406000,352.2,Celular,21,4,4,65463,1,1,6.1,14,0,Si,1
L00366,Programacion Web,30,Santa Fe,Universitario,No,0.0,No,Cuotas,523000,430.7,Celular,11,0,3,73021,0,1,8.0,8,0,No,1
L00103,Marketing Digital,37,Mendoza,Secundario,Si,37.0,No,Pago unico,280000,229.2,Computadora,20,4,9,130306,4,2,7.9,1,3,No,0
L01391,Data Analytics,21,CABA,Universitario,Si,38.0,No,Cuotas,467000,403.5,Computadora,0,2,1,0,0,0,,5,3,No,0
L02175,Programacion Web,26,Cordoba,Universitario,No,0.0,Si,Cuotas,529000,436.0,Computadora,0,7,3,160799,2,2,7.9,1,3,No,0
L03016,Programacion Web,36,CABA,Universitario,No,0.0,No,Cuotas,513000,441.9,Computadora,22,0,1,50971,0,1,,1,3,No,0
L02559,Marketing Digital,37,CABA,Universitario,Si,34.0,No,Pago unico,266000,230.4,Tablet,11,6,5,131411,0,2,6.0,0,2,No,0
L01831,Programacion Web,29,Buenos Aires,Terciario,Si,45.0,No,Pago unico,443000,371.7,Celular,8,7,6,133858,4,2,9.5,1,3,No,0
L00093,Producto Digital,22,CABA,Posgrado,Si,41.0,Si,Cuotas,413000,348.5,Computadora,6,2,2,72553,0,2,6.8,4,6,No,0
L02382,Python Inicial,38,CABA,Universitario,Si,41.0,No,Cuotas,281000,234.3,Computadora,16,2,3,13429,1,1,,7,0,No,1
L00974,DATA ANALYTICS,31,CABA,Terciario,Si,37.0,No,Cuotas,427000,363.0,Celular,7,0,2,98060,1,1,2.9,3,3,No,0
L00554,Python inicial,29,CABA,Secundario,No,0.0,Si,Beca,62000,52.0,Computadora,1,3,1,64596,0,1,4.3,5,1,No,0
L01941,UX/UI,36,Buenos Aires,Universitario,Si,43.0,No,Cuotas,395000,319.8,Celular,17,4,1,64288,1,1,7.2,3,6,No,0
L02325,UX/UI,36,Buenos Aires,Universitario,No,0.0,Si,Pago unico,369000,308.9,Computadora,4,4,3,173850,4,2,7.9,0,8,No,0
L00100,Marketing Digital,29,Santa Fe,Universitario,No,0.0,Si,Pago unico,269000,221.1,Celular,22,7,2,176256,2,2,9.0,0,9,No,0
L00323,Programacion Web,20,Buenos Aires,Universitario,No,0.0,No,Pago unico,448000,366.5,Celular,1,2,3,50883,0,0,,0,4,No,0
L01451,ux/ui,44,Cordoba,Terciario,Si,47.0,No,Cuotas,399000,335.4,Computadora,2,3,4,168769,3,2,9.3,2,6,No,0
L00857,Producto Digital,40,CABA,Universitario,Si,43.0,No,Pago unico,313000,253.8,Computadora,10,2,3,103157,1,2,,7,0,No,1
L00967,UX/UI,26,Cordoba,Secundario,Si,37.0,No,Pago unico,362000,300.5,Computadora,5,3,2,24618,2,0,6.9,3,2,No,0
L01556,Data Analytics,27,Santa Fe,Secundario,No,0.0,No,Cuotas,455000,364.9,Computadora,12,3,2,95891,1,1,,11,0,No,1
L00259,Producto Digital,37,CABA,Secundario,No,0.0,Si,Cuotas,386000,335.5,Celular,12,1,0,101841,1,1,7.9,5,2,No,0
L02479,Python Inicial,26,Cordoba,Terciario,Si,40.0,No,Pago unico,244000,196.4,Computadora,5,5,5,98809,1,2,7.1,0,1,Si,1
L02260,Data Analytics,25,CABA,Universitario,Si,,No,Pago unico,377000,317.0,Celular,3,2,3,84948,4,2,7.5,0,5,No,0
L01496,UX/UI,25,Buenos Aires,Secundario,No,0.0,Si,Cuotas,440000,371.4,Celular,2,5,2,78413,0,1,6.2,5,0,No,1
L00555,Marketing Digital,26,CABA,Universitario,Si,31.0,Si,Cuotas,338000,276.1,Celular,3,4,5,49075,0,1,6.6,0,4,No,0
L01860,Programacion Web,23,CABA,Terciario,Si,25.0,No,Cuotas,503000,415.3,Computadora,22,2,2,49258,1,1,,1,5,No,0
L02942,Python Inicial,35,CABA,Universitario,No,0.0,No,Pago unico,237000,196.9,Celular,6,6,0,60050,0,2,6.8,6,1,No,0
L00933,Programacion Web,54,Mendoza,Posgrado,Si,43.0,Si,Cuotas,523000,443.4,Computadora,22,3,8,117015,0,2,7.8,2,8,No,0
L03076,Programacion Web,32,Cordoba,Terciario,No,0.0,No,Pago unico,449000,381.4,Computadora,4,1,2,83707,0,2,5.3,4,3,No,0
L00694,UX/UI,30,Buenos Aires,Universitario,No,0.0,No,Cuotas,397000,340.5,Celular,6,1,1,53551,0,1,3.9,4,0,No,1
L01369,Producto Digital,31,Buenos Aires,Terciario,No,0.0,Si,Beca,90000,73.7,Computadora,3,7,3,164771,3,2,9.4,3,2,No,0
L00733,Marketing Digital,31,CABA,Terciario,No,0.0,No,Pago unico,278000,238.1,Computadora,4,1,4,129542,4,2,8.3,1,0,Si,1
L01622,producto digital,0,CABA,Posgrado,No,0.0,Si,Cuotas,405000,328.0,Computadora,5,7,9,129167,7,2,7.3,1,6,No,0
L02710,UX/UI,36,Buenos Aires,Terciario,Si,30.0,No,Beca,4000,3.4,Computadora,14,5,1,138775,2,2,7.8,1,5,No,0
L01650,Producto Digital,42,Buenos Aires,Terciario,Si,38.0,Si,Beca,53000,45.0,Computadora,21,3,3,24474,0,0,5.2,2,0,Si,1
L01435,Data Analytics,31,Buenos Aires,Universitario,No,0.0,Si,Cuotas,466000,400.6,Computadora,3,4,7,133577,2,1,7.6,1,4,No,0
L02785,Programacion Web,17,Buenos Aires,Secundario,No,0.0,No,Pago unico,418000,356.6,Computadora,10,7,7,198669,0,2,7.4,0,6,No,0
L02778,Python Inicial,23,Cordoba,Universitario,No,0.0,No,Cuotas,275000,237.2,Computadora,8,4,10,147071,1,0,6.3,1,4,No,0
L00138,Python Inicial,17,CABA,Posgrado,No,0.0,No,Beca,13000,11.1,Computadora,4,3,2,82085,0,0,6.0,4,5,No,0
L01909,UX/UI,25,Buenos Aires,Universitario,Si,54.0,No,Cuotas,390000,324.0,Computadora,15,0,0,17590,0,1,5.8,1,0,Si,1
L00507,Programacion Web,44,Cordoba,Secundario,Si,44.0,Si,Pago unico,437000,370.1,Celular,5,4,1,98929,4,2,8.5,1,2,No,0
L00623,Python Inicial,17,Buenos Aires,Secundario,Si,32.0,Si,Pago unico,247000,207.7,Computadora,4,4,2,124466,2,2,6.3,3,1,No,0
L00888,Programacion Web,17,Santa Fe,Terciario,No,0.0,No,Pago unico,437000,363.9,Celular,7,3,4,14977,2,0,,2,5,No,0
L02214,Data Analytics,17,CABA,Terciario,No,0.0,Si,Pago unico,391000,330.7,Computadora,11,5,12,236913,5,2,,1,10,No,0
L02639,UX/UI,33,Otra,Terciario,Si,36.0,No,Cuotas,441000,360.8,Computadora,13,2,1,46959,0,2,5.8,4,1,No,0
L03007,Producto Digital,35,Buenos Aires,Posgrado,No,0.0,No,Cuotas,411000,343.2,Celular,14,7,4,73673,0,2,7.4,0,4,No,0
L01170,Marketing Digital,29,Cordoba,Universitario,No,0.0,No,Cuotas,329000,282.7,Computadora,7,6,10,140572,2,2,6.9,0,4,No,0
L01392,Marketing Digital,30,Santa Fe,Terciario,Si,37.0,No,Pago unico,265000,216.2,Celular,14,1,2,47306,0,1,7.6,4,1,Si,1
L02493,Programacion Web,17,Otra,Universitario,No,0.0,No,Beca,85000,68.2,Computadora,17,3,1,81350,0,0,7.6,1,1,No,0
L01850,Marketing Digital,31,CABA,Universitario,Si,41.0,No,Pago unico,281000,239.9,Computadora,7,3,5,87982,0,2,7.9,0,2,No,0
L01002,Data analytics ,30,Buenos Aires,Universitario,No,0.0,Si,Pago unico,377000,312.5,Computadora,0,7,2,132343,1,1,6.4,2,4,No,0
L02834,Marketing Digital,34,Otra,Terciario,No,0.0,No,Pago unico,273000,233.4,Celular,19,3,3,197279,3,2,5.7,0,5,No,0
L02792,ux/ui,21,Cordoba,Terciario,No,0.0,Si,Cuotas,397000,318.1,Computadora,19,6,0,94005,3,2,5.6,4,5,No,0
L00848,Prog. Web,30,Cordoba,Terciario,Si,47.0,Si,Beca,38000,31.9,Computadora,0,1,3,42963,0,1,,1,1,No,0
L00495,Python Inicial,29,CABA,Secundario,Si,42.0,No,Cuotas,269000,215.8,Celular,6,6,6,107748,3,1,6.4,6,0,Si,1
L01900,Producto Digital,25,Buenos Aires,Universitario,No,0.0,No,Beca,97000,83.4,Computadora,14,2,2,19710,0,0,,3,1,No,0
L02041,Python Inicial,22,Otra,Posgrado,No,0.0,No,Pago unico,236000,204.4,Celular,8,4,2,32061,1,0,5.2,5,3,No,0
L01183,Programacion Web,36,Buenos Aires,Terciario,Si,31.0,Si,Pago unico,425000,341.2,Celular,2,1,3,78933,0,2,8.7,0,4,No,0
L01486,Programacion Web,21,Buenos Aires,Terciario,Si,25.0,No,Cuotas,491000,396.4,Celular,8,2,3,69488,2,1,5.0,3,6,No,0
L02811,Data Analytics,31,CABA,Universitario,Si,50.0,No,Pago unico,365000,315.6,Computadora,1,8,15,204683,1,2,10.0,1,6,No,0
L02594,Data Analytics,34,Cordoba,Universitario,Si,27.0,No,Beca,52000,42.4,Computadora,23,1,3,79895,1,1,,1,2,No,0
L03171,Programacion Web,44,CABA,Terciario,Si,29.0,No,Cuotas,537000,453.2,Computadora,10,1,4,107792,1,1,5.6,1,1,No,0
L00087,UX/UI,27,Buenos Aires,Universitario,No,0.0,No,Beca,25000,21.7,Celular,23,1,1,60238,1,2,,6,3,No,0
L02909,Marketing Digital,30,CABA,Secundario,Si,58.0,Si,Pago unico,287000,249.5,Celular,10,3,2,95302,1,1,6.3,1,6,No,0
L01683,Producto Digital,32,Santa Fe,Universitario,No,0.0,No,Cuotas,385000,308.6,Tablet,5,2,6,101192,0,2,5.3,4,2,No,0
L01614,Producto Digital,28,Mendoza,Terciario,Si,38.0,No,Pago unico,310000,253.9,Computadora,2,7,10,141454,0,2,7.6,0,4,No,0
L01726,Marketing Digital,30,CABA,Universitario,No,0.0,No,Cuotas,319000,261.5,Computadora,15,4,7,178037,2,2,5.5,0,8,No,0
L01833,UX/UI,28,Cordoba,Terciario,No,0.0,No,Cuotas,428000,343.5,Computadora,13,1,1,99211,2,2,9.8,1,9,No,0
L02092,Marketing Digital,27,Santa Fe,Terciario,Si,28.0,No,Cuotas,319000,274.6,Computadora,17,2,6,106594,1,0,,6,3,No,0
L01049,Producto Digital,28,CABA,Secundario,No,0.0,Si,Cuotas,362000,313.7,Celular,8,5,1,134414,0,2,5.5,1,5,No,0
L02271,Marketing Digital,23,CABA,Universitario,No,0.0,Si,Pago unico,279000,231.8,Computadora,15,5,3,188803,2,1,8.4,1,3,No,0
L01309,Producto Digital,34,CABA,Universitario,Si,24.0,No,Pago unico,328000,271.8,Computadora,13,3,4,0,1,0,,7,4,No,0
L00008,DATA ANALYTICS,31,Buenos Aires,Universitario,Si,49.0,Si,Cuotas,455000,371.9,Computadora,0,4,3,78298,1,1,7.4,0,3,No,0
L01538,UX/UI,44,CABA,Posgrado,No,0.0,No,Beca,83000,68.5,Computadora,1,3,2,0,0,0,,13,0,No,1
L01543,Programacion Web,20,CABA,Universitario,No,0.0,No,Pago unico,452000,363.9,Celular,8,2,5,37502,0,0,,2,1,No,0
L00139,Programacion Web,29,Santa Fe,Universitario,Si,30.0,No,Pago unico,427000,343.6,Computadora,3,7,4,103745,0,2,6.2,1,3,No,0
L00969,Producto Digital,22,Otra,Universitario,No,0.0,No,Cuotas,406000,343.7,Celular,3,5,5,210883,4,2,6.9,0,2,No,0
L01824,Programacion Web,35,CABA,Posgrado,Si,39.0,No,Cuotas,493000,408.1,Computadora,3,2,1,46621,0,0,5.3,14,0,Si,1
L02936,Producto Digital,41,Santa Fe,Universitario,No,0.0,Si,Pago unico,336000,284.0,Computadora,22,7,6,147205,2,1,8.2,0,4,No,0
L01814,Marketing Digital,31,Buenos Aires,Universitario,No,0.0,Si,Pago unico,271000,217.1,Tablet,22,10,5,137669,0,2,8.0,1,6,No,0
L01244,UX/UI,34,Buenos Aires,Terciario,Si,25.0,No,Beca,111000,95.0,Computadora,21,2,1,32434,1,0,6.1,5,1,Si,1
L01147,UX/UI,25,Buenos Aires,Secundario,Si,30.0,Si,Beca,33000,27.7,Computadora,2,3,2,89186,1,2,5.9,4,3,No,0
L01724,UX/UI,35,Otra,Universitario,No,0.0,Si,Cuotas,403000,340.6,Celular,4,2,3,117090,1,2,,0,0,No,1
L01960,Python Inicial,21,CABA,Universitario,Si,50.0,No,Beca,37000,31.4,Celular,16,1,0,88272,1,0,6.2,10,0,No,1
L00911,Data Analytics,42,Cordoba,Universitario,Si,43.0,No,Pago unico,375000,326.1,Computadora,11,0,0,24686,0,1,6.3,1,4,No,0
L01938,UX / UI,20,Buenos Aires,Universitario,No,0.0,No,Cuotas,414000,359.9,Computadora,8,2,5,86148,1,2,,4,0,Si,1
L00726,Python Inicial,40,Buenos Aires,Posgrado,Si,48.0,Si,Cuotas,269000,226.7,Computadora,9,6,2,119968,3,0,,2,2,No,0
L00880,UX/UI,43,CABA,Secundario,Si,22.0,No,Beca,94000,81.2,Celular,0,0,0,7730,1,0,,14,0,No,1
L03094,Data Analytics,17,Otra,Universitario,No,0.0,No,Pago unico,380000,327.4,Celular,18,4,2,124042,1,2,8.0,5,4,No,0
L01008,DATA ANALYTICS,19,CABA,Secundario,No,0.0,No,Cuotas,450000,379.4,Celular,5,3,2,47550,0,1,,3,7,No,0
L01103,Programacion Web,20,Buenos Aires,Terciario,Si,47.0,No,Beca,16000,13.1,Computadora,4,1,2,84062,2,1,5.6,4,2,No,0
L02913,Marketing Digital,31,CABA,Terciario,No,0.0,No,Beca,15000,12.6,Computadora,21,3,4,69765,1,1,10.0,1,3,No,0
L00464,UX/UI,42,CABA,Posgrado,Si,38.0,Si,Pago unico,357000,299.8,Computadora,22,3,4,103901,0,2,5.8,3,1,No,0
L00463,Producto Digital,25,Santa Fe,Universitario,No,0.0,Si,Beca,39000,32.5,Celular,22,3,5,64196,1,1,8.1,2,6,No,0
L00748,Data Analytics,25,Buenos Aires,Universitario,No,0.0,No,Beca,78000,67.8,Celular,19,4,1,74721,0,0,,2,1,No,0
L02159,Programacion Web,26,Otra,Terciario,Si,30.0,Si,Cuotas,502000,408.0,Celular,21,3,1,92434,0,2,6.9,3,2,No,0
L01380,Data Analytics,18,Santa Fe,Universitario,Si,43.0,No,Cuotas,478000,386.4,Celular,22,3,7,122074,1,2,9.4,0,3,No,0
L02080,Programacion Web,37,Buenos Aires,Terciario,Si,47.0,Si,Cuotas,509000,426.4,Computadora,2,4,3,10074,1,1,,2,0,Si,1
L01678,Marketing Digital,24,CABA,Secundario,Si,36.0,No,Cuotas,338000,273.6,Computadora,6,3,1,0,0,1,5.8,14,2,No,0
L00851,Marketing Digital,18,Cordoba,Universitario,No,0.0,No,Cuotas,347000,280.0,Computadora,2,2,1,58308,1,2,5.2,5,2,No,0
L02046,UX/UI,23,Buenos Aires,Secundario,No,0.0,No,Cuotas,434000,371.9,Celular,19,4,1,96805,3,2,6.9,1,4,No,0
L01997,Marketing Digital,19,Buenos Aires,Secundario,Si,33.0,Si,Cuotas,339000,294.3,Computadora,13,2,3,46124,1,0,,5,0,No,0
L01696,Programacion Web,43,Buenos Aires,Terciario,No,0.0,No,Cuotas,523000,434.0,Computadora,6,1,1,73128,2,0,6.6,7,2,No,0
L01922,Marketing Digital,18,Cordoba,Secundario,No,0.0,Si,Cuotas,327000,280.7,Computadora,2,10,3,226208,0,2,7.7,2,7,No,0
L00966,Python Inicial,25,Buenos Aires,Universitario,No,0.0,No,Cuotas,272000,227.3,Tablet,20,4,2,104630,1,0,,0,2,No,0
L02105,Programacion Web,17,Otra,Terciario,No,0.0,No,Pago unico,441000,378.1,Celular,20,3,4,85975,2,1,3.7,3,2,No,0
L02272,Producto Digital,30,Cordoba,Terciario,Si,38.0,No,Cuotas,387000,312.8,Celular,20,1,1,24209,0,0,,4,0,Si,1
L02859,Data Analytics,41,Otra,Posgrado,No,0.0,No,Cuotas,427000,355.2,Computadora,11,0,6,97844,1,1,7.4,0,4,No,0
L00707,Programacion Web,30,Cordoba,Secundario,No,0.0,No,Beca,41000,34.8,Computadora,14,5,3,125410,0,2,5.6,4,5,No,0
L02195,Programacion Web,34,Otra,Posgrado,Si,35.0,No,Cuotas,523000,444.0,Computadora,0,7,3,129182,1,0,8.0,3,4,No,0
L03153,Marketing Digital,19,Buenos Aires,Terciario,Si,38.0,No,Pago unico,279000,239.6,Computadora,5,8,3,148613,1,2,7.4,1,4,No,0
L01324,Python Inicial,30,Buenos Aires,Terciario,No,0.0,No,Beca,32000,26.0,Celular,2,3,1,103670,1,1,4.9,0,4,No,0
L00007,Producto Digital,33,Santa Fe,Terciario,Si,39.0,Si,Pago unico,329000,271.7,Computadora,20,7,2,166926,2,1,6.4,1,3,No,0
L00429,Producto Digital,32,Cordoba,Universitario,No,0.0,No,Cuotas,363000,301.2,Celular,2,2,2,77435,1,0,5.4,3,6,No,0
L00616,Marketing Digital,21,CABA,Secundario,Si,47.0,Si,Cuotas,349000,301.7,Celular,10,3,2,109886,4,2,9.2,0,6,No,0
L00571,Marketing Digital,39,Buenos Aires,Universitario,Si,42.0,No,Pago unico,264000,227.5,Computadora,22,2,2,118536,2,2,9.2,1,4,No,0
L01695,Python Inicial,17,CABA,Secundario,Si,29.0,No,Pago unico,243000,205.9,Computadora,7,3,4,117258,2,2,8.2,2,2,No,0
L03170,Marketing Digital,33,CABA,Universitario,No,0.0,Si,Pago unico,273000,235.4,Celular,9,0,1,103234,1,1,7.0,3,4,No,0
L01143,Producto Digital,27,Otra,Terciario,No,0.0,No,Pago unico,309000,258.2,Celular,21,7,3,70500,1,1,,1,8,No,0
L01898,UX/UI,17,Buenos Aires,Posgrado,Si,50.0,No,Cuotas,431000,346.8,Computadora,9,7,5,82341,0,1,7.9,6,3,No,0
L00051,Marketing Digital,27,Buenos Aires,Universitario,Si,40.0,Si,Pago unico,293000,237.9,Computadora,10,4,1,134071,1,2,6.6,0,3,No,0
L00127,Marketing Digital,36,Otra,Terciario,Si,43.0,Si,Pago unico,277000,221.7,Computadora,8,1,1,0,0,0,,2,0,Si,1
L01751,Data Analytics,36,Buenos Aires,Secundario,Si,46.0,No,Pago unico,369000,318.9,Computadora,17,3,3,90679,0,1,7.5,6,0,Si,1
L02221,Data Analytics,34,Santa Fe,Terciario,No,0.0,No,Pago unico,378000,320.3,Computadora,0,3,0,40864,0,1,,8,3,No,0
L03035,Producto Digital,33,Otra,Universitario,Si,48.0,Si,Pago unico,306000,249.4,Celular,14,3,3,97697,2,1,5.4,7,1,No,0
L00767,Programacion Web,37,Otra,Terciario,Si,41.0,No,Cuotas,508000,419.0,Computadora,7,6,5,133723,3,2,7.9,2,4,No,0
L00177,Python Inicial,24,CABA,Posgrado,No,0.0,No,Pago unico,237000,203.4,Computadora,23,2,2,50466,0,0,,0,1,No,0
L00213,Programacion Web,24,Santa Fe,Terciario,Si,37.0,Si,Cuotas,493000,418.5,Computadora,22,2,3,87242,3,1,7.4,2,3,No,0
L02125,UX/UI,47,Otra,Terciario,Si,33.0,Si,Cuotas,442000,364.2,Celular,8,4,1,20938,0,1,6.0,9,0,Si,1
L01548,Producto Digital,28,Buenos Aires,Secundario,No,0.0,Si,Cuotas,385000,314.2,Computadora,8,3,4,101605,0,1,5.4,3,3,No,0
L00442,UX/UI,17,Buenos Aires,Universitario,No,0.0,Si,Beca,65000,52.3,Computadora,19,2,0,70375,1,1,7.6,4,2,No,0
L00358,UX/UI,25,CABA,Secundario,No,0.0,No,Beca,44000,35.9,Celular,12,4,1,0,0,0,4.4,4,0,No,0
L02910,Programacion Web,28,Buenos Aires,Universitario,No,0.0,Si,Pago unico,423000,363.8,Computadora,7,3,3,99361,2,1,9.0,0,5,No,0
L02592,Programacion Web,29,Cordoba,Secundario,Si,47.0,No,Cuotas,543000,469.8,Computadora,16,3,1,119889,3,1,,4,2,No,0
L01847,Programacion Web,34,Otra,Universitario,No,0.0,No,Beca,16000,13.0,Celular,9,2,5,120659,0,1,5.8,4,3,No,0
L00886,Programacion Web,29,CABA,Secundario,No,0.0,No,Pago unico,424000,350.1,Celular,18,4,0,19028,2,1,5.6,0,2,No,0
L01744,Python Inicial,25,Buenos Aires,Universitario,No,0.0,No,Cuotas,284000,231.0,Celular,15,1,1,27343,0,2,,9,1,No,1
L00590,Programacion Web,17,Cordoba,Universitario,No,0.0,No,Cuotas,512000,410.5,Computadora,13,8,5,149207,1,1,8.6,3,4,No,0
L01386,Producto Digital,33,Buenos Aires,Terciario,Si,39.0,No,Cuotas,367000,301.7,Celular,21,1,4,57660,0,0,,14,1,No,1
L00280,Programación Web,20,CABA,Posgrado,No,0.0,Si,Cuotas,503000,409.9,Computadora,23,2,6,130542,2,1,8.3,1,2,No,0
L01878,Producto Digital,27,Otra,Terciario,No,0.0,No,Pago unico,332000,275.2,Computadora,9,3,4,94909,1,2,8.6,1,6,No,0
L01620,Marketing Digital,34,CABA,Terciario,Si,35.0,Si,Pago unico,285000,233.3,Computadora,3,10,5,73254,1,1,3.8,4,6,No,0
L01595,Python Inicial,21,CABA,Universitario,No,0.0,Si,Cuotas,298000,250.6,Computadora,17,4,1,900,0,1,,14,1,Si,1
L02363,Marketing Digital,35,CABA,Universitario,No,0.0,No,Cuotas,325000,270.4,Computadora,14,4,1,53911,0,1,7.2,4,1,No,0
L00714,Producto  Digital,26,Buenos Aires,Universitario,No,0.0,No,Pago unico,324000,274.9,Celular,22,4,1,109096,1,2,7.7,3,1,No,0
L02673,UX/UI,33,Santa Fe,Posgrado,No,0.0,Si,Pago unico,362000,293.1,Celular,14,3,1,81547,1,2,9.0,2,2,No,0
L02697,Marketing Digital,27,Otra,Terciario,Si,30.0,Si,Cuotas,345000,286.2,Tablet,6,3,3,122231,2,1,8.8,0,0,No,0
L01717,Python Inicial,49,Otra,Universitario,Si,48.0,No,Pago unico,226000,181.3,Celular,17,6,3,84545,1,1,6.8,7,6,No,0
L01238,Data Analytics,32,Buenos Aires,Universitario,Si,55.0,Si,Pago unico,377000,304.4,Computadora,15,4,6,80925,4,2,6.1,3,3,No,0
L01154,Producto Digital,19,CABA,Universitario,No,0.0,No,Cuotas,412000,345.6,Computadora,8,2,1,74039,3,2,8.7,3,2,No,0
L01325,Producto Digital,61,CABA,Posgrado,Si,42.0,Si,Cuotas,410000,345.3,Computadora,2,10,3,102095,0,2,8.0,1,3,No,0
L02485,Programacion Web,31,CABA,Universitario,No,0.0,Si,Cuotas,509000,439.3,Celular,18,11,15,185011,4,1,10.0,1,6,No,0
L03158,UX/UI,41,Santa Fe,Universitario,Si,43.0,Si,Pago unico,338000,289.5,Computadora,22,6,3,143585,2,1,5.6,0,5,No,0
L01308,Data Analytics,17,Buenos Aires,Posgrado,No,0.0,No,Cuotas,460000,383.9,Computadora,6,1,1,58284,0,0,,1,3,No,0
L00488,UX/UI,25,CABA,Secundario,Si,26.0,Si,Cuotas,436000,379.1,Celular,5,1,2,62386,4,1,,1,3,No,0
L02257,Data Analytics,23,Otra,Terciario,No,0.0,Si,Cuotas,472000,379.1,Computadora,15,5,4,147424,2,2,8.2,1,3,No,0
L02995,UX-UI,44,Santa Fe,Universitario,Si,48.0,No,Cuotas,436000,357.2,Computadora,15,7,1,60493,1,2,,1,4,No,0
L03046,Data Analytics,36,Otra,Terciario,Si,40.0,No,Beca,70000,60.2,Computadora,6,0,4,79446,0,2,3.9,1,4,No,0
L01842,Programacion Web,18,Buenos Aires,Terciario,No,0.0,Si,Cuotas,519000,437.8,Tablet,0,2,2,92872,3,2,9.1,0,3,No,0
L01194,DATA ANALYTICS,37,Buenos Aires,Universitario,Si,36.0,No,Beca,44000,36.5,Computadora,20,2,1,55424,2,0,6.7,14,3,No,0
L02259,Programación Web,31,Otra,Universitario,Si,35.0,No,Beca,91000,76.3,Celular,4,2,0,29627,0,0,,0,0,Si,1
L01079,Data Analytics,18,Buenos Aires,Universitario,Si,39.0,No,Cuotas,432000,373.8,Computadora,22,2,4,100978,0,1,7.1,3,5,No,0
L00453,Data Analytics,17,Santa Fe,Posgrado,No,0.0,Si,Cuotas,453000,393.3,Computadora,6,3,5,91694,5,1,7.4,0,2,No,0
L03177,Marketing Digital,24,CABA,Secundario,No,0.0,No,Cuotas,315000,261.6,Computadora,12,3,6,89734,0,1,6.9,6,4,No,0
L01299,Marketing Digital,17,Cordoba,Terciario,No,0.0,Si,Cuotas,317000,256.3,Computadora,5,4,4,105453,1,1,8.1,2,2,No,0
L00720,Data Analytics,29,CABA,Universitario,No,0.0,Si,Pago unico,364000,301.9,Computadora,14,3,2,82790,1,1,7.0,1,3,No,0
L01857,UX/UI,28,Cordoba,Posgrado,Si,55.0,No,Pago unico,367000,296.0,Computadora,22,4,3,101653,3,2,6.5,8,0,No,1
L00905,Data Analytics,29,Santa Fe,Secundario,No,0.0,Si,Cuotas,426000,356.4,Tablet,13,1,7,125939,2,2,6.1,2,6,No,0
L02202,Marketing Digital,17,CABA,Universitario,No,0.0,No,Pago unico,285000,230.5,Celular,22,6,6,163375,3,2,8.9,1,6,No,0
L02230,Programacion Web,26,Santa Fe,Posgrado,Si,30.0,No,Pago unico,435000,358.6,Computadora,15,2,3,98837,3,2,7.9,1,1,No,0
L02924,Marketing Digital,17,Buenos Aires,Universitario,No,0.0,Si,Cuotas,322000,274.0,Computadora,6,5,3,111244,1,2,8.5,0,5,No,0
L00185,Programacion Web,46,Buenos Aires,Secundario,No,0.0,No,Beca,64000,51.9,Computadora,15,0,1,23413,1,0,,12,1,No,1
L02742,Python Inicial,42,Mendoza,Terciario,Si,45.0,Si,Cuotas,262000,221.3,Computadora,11,1,4,29885,0,1,,6,2,No,0
L02854,Data Analytics,33,Cordoba,Posgrado,Si,35.0,No,Pago unico,358000,291.2,Celular,16,6,2,102172,2,1,,0,2,No,0
L00187,Python Inicial,22,Mendoza,Posgrado,Si,42.0,No,Pago unico,223000,178.5,Celular,1,1,3,0,1,0,5.8,0,1,No,0
L02727,Mkt Digital,37,Buenos Aires,Universitario,Si,32.0,No,Beca,66000,54.2,Computadora,8,3,7,112862,0,1,,3,3,No,0
L02571,Producto Digital,27,Buenos Aires,Secundario,Si,39.0,Si,Pago unico,324000,274.0,Celular,17,7,2,94205,1,2,6.0,6,4,No,0
L00885,Data Analytics,25,Buenos Aires,Universitario,No,0.0,No,Cuotas,432000,368.5,Computadora,0,2,2,0,0,1,,2,0,No,0
L02806,Programación Web,33,Cordoba,Terciario,No,0.0,No,Beca,89000,72.0,Celular,19,3,3,100342,1,1,6.0,6,0,Si,1
L00737,Programacion Web,27,CABA,Secundario,Si,45.0,No,Cuotas,540000,432.0,Computadora,12,2,2,0,0,1,,7,0,Si,1
L00474,Python Inicial,26,CABA,Terciario,Si,45.0,Si,Pago unico,233000,192.6,Celular,3,5,4,139631,2,1,7.9,3,5,No,0
L02705,Data Analytics,38,Santa Fe,Posgrado,Si,40.0,No,Cuotas,476000,399.0,Computadora,4,0,4,106214,1,0,7.6,4,4,No,0
L02856,Programacion Web,27,CABA,Universitario,Si,40.0,No,Cuotas,499000,420.1,Celular,10,4,0,0,1,1,4.1,0,0,Si,1
L00504,Programacion Web,50,Cordoba,Universitario,Si,41.0,Si,Cuotas,528000,429.5,Celular,8,3,4,0,1,1,,9,0,No,1
L00552,DATA ANALYTICS,20,Santa Fe,Terciario,No,0.0,Si,Beca,75000,61.5,Computadora,10,2,3,96416,1,1,5.9,0,4,No,0
L02142,Programacion Web,32,Buenos Aires,Universitario,Si,33.0,No,Cuotas,508000,420.8,Computadora,9,2,1,84464,3,0,6.0,8,1,Si,1
L00402,Programacion Web,18,Santa Fe,Universitario,No,0.0,No,Cuotas,552000,458.9,Computadora,3,1,0,33755,0,1,,2,0,Si,1
L01577,Marketing Digital,36,Buenos Aires,Universitario,No,0.0,Si,Cuotas,354000,285.1,Celular,8,3,7,141375,1,1,7.8,0,8,No,0
L00092,Data Analytics,18,Otra,Secundario,No,0.0,Si,Pago unico,378000,325.1,Celular,13,5,6,49797,0,2,5.5,1,4,No,0
L02835,Marketing Digital,32,Otra,Terciario,No,0.0,No,Pago unico,281000,242.6,Computadora,17,2,2,74651,0,1,6.0,11,4,No,0
L02130,Data Analytics,28,CABA,Universitario,Si,34.0,Si,Beca,88000,73.1,Celular,6,1,5,104195,0,2,6.2,0,5,No,0
L01004,Marketing Digital,49,Buenos Aires,Universitario,Si,30.0,No,Pago unico,287000,232.4,Computadora,1,2,2,57558,3,0,6.7,9,0,No,1
L01053,Producto Digital,40,Otra,Universitario,No,0.0,Si,Pago unico,322000,261.3,Celular,20,2,1,52336,0,0,7.1,4,1,No,0
L03047,UX/UI,25,Buenos Aires,Terciario,Si,50.0,Si,Pago unico,366000,306.0,Computadora,9,4,4,184192,1,2,10.0,1,5,No,0
L00918,Python Inicial,20,Cordoba,Universitario,Si,47.0,No,Cuotas,292000,240.8,Celular,8,3,5,38806,0,1,,5,0,No,1
L02935,Data Analytics,27,Buenos Aires,Secundario,Si,26.0,No,Cuotas,431000,348.8,Celular,0,3,0,39427,1,0,,1,2,No,0
L00652,Producto Digital,38,Santa Fe,Posgrado,No,0.0,Si,Pago unico,336000,277.4,Tablet,8,1,4,125258,0,2,7.4,0,5,No,0
L02917,Producto Digital,31,CABA,Secundario,No,0.0,No,Cuotas,370000,321.0,Celular,18,1,3,93478,0,1,8.0,0,2,No,0
L02863,UX/UI,24,Otra,Terciario,No,0.0,No,Pago unico,339000,292.8,Celular,1,5,1,109947,0,2,10.0,0,4,No,0
L02052,Marketing Digital,51,CABA,Universitario,Si,41.0,No,Pago unico,264000,217.5,Computadora,21,2,5,72634,3,2,6.2,2,2,No,0
L01910,Data Analytics,17,CABA,Posgrado,Si,18.0,No,Cuotas,434000,359.0,Computadora,2,1,4,65490,0,2,7.9,6,0,No,0
L00766,UX/UI,50,Buenos Aires,Universitario,Si,37.0,No,Pago unico,357000,288.0,Computadora,1,5,1,170365,2,2,,0,4,No,0
L02242,Producto Digital,53,Santa Fe,Universitario,Si,30.0,No,Cuotas,377000,312.6,Computadora,17,1,5,49749,0,0,6.1,6,0,Si,1
L02563,Marketing Digital,39,Santa Fe,Secundario,Si,23.0,Si,Pago unico,284000,228.6,Computadora,9,5,3,80599,0,2,4.4,1,5,No,0
L02155,UX/UI,35,CABA,Universitario,No,0.0,No,Pago unico,369000,318.5,Celular,4,2,2,34352,1,1,,9,0,Si,1
L00921,Programacion Web,20,Buenos Aires,Terciario,Si,29.0,Si,Pago unico,419000,361.3,Celular,10,15,20,182372,3,2,10.0,0,13,No,0
L02823,Python Inicial,20,Otra,Terciario,No,0.0,Si,Beca,16000,13.1,Computadora,9,2,4,91662,2,2,8.5,2,6,No,0
L02603,UX/UI,21,Buenos Aires,Secundario,No,0.0,Si,Cuotas,399000,332.5,Celular,1,5,10,157536,3,2,9.0,0,1,No,0
L02150,Programacion Web,22,Buenos Aires,Universitario,No,0.0,Si,Pago unico,428000,349.2,Computadora,1,2,8,115677,2,2,7.0,2,3,No,0
L02537,Programacion Web,26,Santa Fe,Terciario,Si,28.0,Si,Pago unico,432000,354.7,Computadora,4,7,4,163874,2,2,8.4,0,3,No,0
L00375,Producto Digital,41,Buenos Aires,Universitario,Si,50.0,No,Cuotas,375000,319.4,Celular,6,6,4,136785,1,1,8.0,2,4,No,0
L00637,Marketing Digital,27,CABA,Universitario,No,0.0,No,Cuotas,312000,264.9,Computadora,5,9,2,119070,1,2,7.6,2,7,No,0
L01531,Programacion Web,25,Cordoba,Universitario,Si,48.0,No,Pago unico,446000,360.4,Computadora,7,7,1,86558,2,1,,0,4,No,0
L01974,Marketing Digital,39,Otra,Universitario,No,0.0,No,Cuotas,341000,283.8,Computadora,22,6,3,55196,0,1,3.4,1,1,No,0
L03172,Programacion Web,41,CABA,Universitario,Si,28.0,No,Cuotas,525000,447.9,Celular,7,3,0,73900,1,1,6.4,1,1,No,0
L01332,Python Inicial,22,Otra,Secundario,Si,28.0,No,Pago unico,236000,192.2,Computadora,21,4,4,64653,4,1,5.7,2,3,No,0
L01523,Python Inicial,42,CABA,Universitario,Si,46.0,No,Pago unico,246000,211.9,Celular,5,2,6,120649,0,2,9.7,0,2,No,0
L00645,Programacion Web,24,Mendoza,Universitario,Si,46.0,No,Cuotas,538000,462.2,Celular,12,5,5,113247,1,1,,0,2,No,0
L01516,Programacion Web,17,Cordoba,Secundario,No,0.0,Si,Pago unico,442000,365.4,Computadora,5,3,2,53137,1,2,7.2,0,1,No,0
L03143,Marketing Digital,34,Otra,Posgrado,No,0.0,No,Cuotas,336000,278.6,Computadora,23,4,2,151795,2,2,,2,5,No,0
L00302,Programacion Web,31,Buenos Aires,Secundario,No,0.0,No,Cuotas,486000,422.2,Celular,0,5,3,81324,0,2,7.4,3,5,No,0
L03070,UX/UI,17,CABA,Posgrado,No,0.0,Si,Beca,87000,70.5,Computadora,21,9,5,174773,3,2,6.3,0,9,No,0
L01924,Data Analytics,30,Mendoza,Secundario,No,0.0,No,Pago unico,388000,329.3,Celular,21,3,4,120573,0,2,6.1,2,5,No,0
L00420,Marketing Digital,17,Santa Fe,Universitario,No,0.0,No,Cuotas,316000,257.2,Celular,18,0,1,62566,0,1,5.5,1,2,No,0
L02890,Programacion Web,25,Mendoza,Universitario,No,0.0,No,Cuotas,498000,425.0,Computadora,8,6,3,136162,1,2,7.0,1,5,No,0
L03034,Data Analytics,21,Santa Fe,Terciario,Si,58.0,Si,Cuotas,446000,367.1,Computadora,11,4,1,39671,0,0,,1,0,No,1
L00519,UX/UI,32,CABA,Universitario,Si,38.0,Si,Pago unico,332000,274.3,Celular,14,1,2,109145,1,2,,0,6,No,0
L00605,Python Inicial,20,CABA,Universitario,No,0.0,No,Cuotas,293000,241.3,Computadora,16,7,1,86742,3,1,5.4,0,1,No,0
L00589,Programacion Web,22,Mendoza,Terciario,Si,39.0,No,Cuotas,543000,460.1,Celular,20,5,3,175576,0,2,4.1,5,2,No,0
L01859,Programacion Web,46,Mendoza,Terciario,Si,21.0,No,Pago unico,414000,359.1,Computadora,3,7,3,78605,1,1,7.6,1,3,No,0
L00031,Data Analytics,31,Buenos Aires,Terciario,Si,46.0,No,Pago unico,378000,303.2,Computadora,15,8,5,105357,1,1,5.1,1,3,No,0
L01958,Marketing Digital,30,CABA,Terciario,No,0.0,No,Pago unico,267000,220.3,Computadora,6,4,4,100253,2,1,7.4,1,8,No,0
L00346,UX/UI,34,CABA,Terciario,Si,37.0,No,Pago unico,334000,282.6,Celular,4,2,2,55181,1,1,,2,6,No,0
L02425,Data Analytics,26,CABA,Secundario,No,0.0,Si,Cuotas,470000,387.4,Computadora,4,3,2,64738,2,0,7.4,1,3,No,0
L02794,Python Inicial,21,CABA,Universitario,No,0.0,No,Cuotas,261000,222.1,Computadora,15,9,10,140684,3,2,10.0,0,6,No,0
L00996,Marketing Digital,24,CABA,Terciario,No,0.0,No,Pago unico,292000,251.8,Celular,11,7,3,118204,0,1,8.8,0,2,No,0
L02548,Programacion Web,28,Buenos Aires,Terciario,No,0.0,No,Pago unico,426000,362.9,Computadora,23,8,4,57276,2,2,,11,5,No,0
L01948,Data Analytics,30,Buenos Aires,Secundario,Si,39.0,Si,Beca,27000,22.0,Celular,1,2,0,47945,1,0,,1,1,No,0
L02691,Data Analytics,43,Santa Fe,Universitario,Si,,No,Pago unico,394000,337.7,Computadora,2,7,8,193026,3,2,6.7,1,5,No,0
L01179,DATA ANALYTICS,32,CABA,Secundario,No,0.0,No,Pago unico,359000,297.9,Computadora,5,3,8,165651,1,2,7.2,2,6,No,0
L00876,ux/ui,26,CABA,Posgrado,No,0.0,No,Pago unico,332000,285.5,Computadora,4,5,8,193255,4,2,9.2,0,6,No,0
L02722,UX/UI,17,CABA,Terciario,No,0.0,No,Cuotas,391000,327.6,Computadora,18,1,3,84412,1,2,7.3,2,2,No,0
L00369,Producto Digital,35,Buenos Aires,Universitario,No,0.0,No,Cuotas,406000,325.9,Computadora,7,2,5,35034,2,0,,6,4,No,0
L01806,UX/UI,50,Santa Fe,Terciario,Si,27.0,Si,Pago unico,332000,278.5,Tablet,10,1,1,6329,0,1,4.2,0,0,Si,1
L02953,Python Inicial,25,Mendoza,Universitario,No,0.0,No,Cuotas,298000,239.7,Celular,5,2,2,88304,1,1,5.9,0,4,No,0
L00580,Marketing Digital,25,Mendoza,Secundario,Si,30.0,No,Cuotas,345000,286.2,Computadora,11,6,3,96275,3,1,7.4,1,2,No,0
L01136,Data Analytics,34,Otra,Secundario,Si,,Si,Cuotas,438000,357.6,Computadora,2,2,0,8738,0,0,,6,0,Si,1
L02435,Marketing Digital,25,Buenos Aires,Terciario,No,0.0,Si,Beca,85000,72.7,Computadora,23,2,1,57635,1,1,,2,3,No,0
L01911,Programacion Web,38,Otra,Terciario,Si,,No,Cuotas,504000,409.7,Computadora,0,4,4,145020,0,2,6.4,0,2,No,0
L02908,Data Analytics,38,Otra,Terciario,Si,,No,Cuotas,422000,357.3,Tablet,23,0,1,34425,2,0,,14,1,Si,1
L00538,Data Analytics,30,Santa Fe,Universitario,No,0.0,No,Pago unico,392000,331.0,Computadora,1,6,4,218781,5,2,,0,8,No,0
L00688,UX/UI,20,Mendoza,Universitario,No,0.0,No,Cuotas,402000,337.0,Computadora,5,2,4,134966,1,2,6.0,0,0,No,0
L01945,Programacion Web,25,Buenos Aires,Terciario,Si,,No,Beca,135000,116.4,Celular,17,1,3,23101,0,0,5.5,14,2,No,0
L02829,Programacion Web,34,Cordoba,Terciario,No,0.0,Si,Cuotas,520000,443.5,Computadora,17,2,10,130892,3,2,4.5,1,6,No,0
L01278,Programacion Web,54,CABA,Terciario,Si,31.0,Si,Cuotas,497000,412.1,Computadora,19,4,1,80629,7,2,6.3,5,0,Si,1
L03067,Programacion Web,20,CABA,Terciario,No,0.0,No,Cuotas,542000,470.0,Computadora,1,8,2,61023,0,1,,1,1,No,0
L01037,Data Analytics,33,CABA,Secundario,Si,29.0,No,Cuotas,458000,376.6,Computadora,6,3,1,62645,0,0,,3,5,No,0
L01603,data analytics,38,Santa Fe,Universitario,Si,43.0,No,Cuotas,474000,401.9,Computadora,17,4,1,0,0,0,4.6,4,0,Si,1
L00126,Data Analytics,17,Buenos Aires,Terciario,No,0.0,Si,Cuotas,428000,365.0,Celular,23,4,0,41935,1,0,,1,6,No,0
L00169,Data Analytics,48,Buenos Aires,Universitario,Si,,No,Cuotas,435000,375.6,Computadora,14,2,0,38746,1,0,,2,0,Si,1
L03120,Programacion Web,44,Cordoba,Secundario,Si,40.0,No,Pago unico,412000,350.1,Computadora,23,5,4,145583,4,2,8.8,0,6,No,0
L00827,Programacion Web,25,Buenos Aires,Universitario,Si,24.0,No,Pago unico,445000,380.6,Celular,13,2,3,106030,1,1,6.9,6,1,No,0
L02324,Data Analytics,17,Santa Fe,Secundario,No,0.0,No,Pago unico,373000,321.2,Tablet,0,8,18,224623,6,2,10.0,1,8,No,0
L02250,Python Inicial,24,Cordoba,Posgrado,No,0.0,No,Cuotas,286000,234.6,Tablet,10,12,11,170482,3,2,8.6,0,3,No,0
L01316,Python Inicial,24,Santa Fe,Terciario,No,0.0,No,Cuotas,293000,254.3,Celular,1,4,1,12148,0,1,,3,0,Si,1
L02715,Python Inicial,17,Otra,Secundario,No,0.0,No,Pago unico,235000,198.1,Computadora,23,2,4,85608,4,1,6.5,1,8,No,0
L01135,Producto Digital,40,Buenos Aires,Universitario,Si,33.0,No,Cuotas,374000,322.8,Computadora,20,6,1,111879,1,1,6.3,1,2,No,0
L00460,Data Analytics,37,Buenos Aires,Terciario,Si,32.0,No,Beca,101000,83.5,Computadora,15,3,4,68159,2,2,5.5,3,2,No,0
L00734,Data Analytics,33,Otra,Posgrado,No,0.0,No,Cuotas,483000,403.1,Computadora,11,5,8,103598,1,2,9.4,1,1,No,0
L00943,Marketing Digital,40,Cordoba,Universitario,Si,28.0,No,Pago unico,290000,251.5,Computadora,23,1,1,22335,3,2,7.0,5,1,Si,1
L02541,Python Inicial,31,Otra,Terciario,Si,47.0,Si,Cuotas,267000,231.7,Celular,20,4,7,44131,2,2,,4,2,No,0
L00783,Python Inicial,64,CABA,Universitario,Si,41.0,No,Pago unico,239000,200.7,Tablet,16,6,2,117812,3,1,7.9,5,1,Si,1
L00174,Producto Digital,33,Buenos Aires,Terciario,Si,47.0,No,Pago unico,322000,268.7,Computadora,11,10,6,167128,7,2,10.0,0,6,No,0
L00878,Python Inicial,25,CABA,Terciario,Si,48.0,Si,Pago unico,236000,189.0,Celular,23,6,6,88128,2,2,6.6,3,3,No,0
L00395,Marketing Digital,42,CABA,Universitario,Si,30.0,Si,Cuotas,339000,279.8,Computadora,14,1,4,87913,3,1,6.6,3,4,No,0
L00752,Data Analytics,47,CABA,Terciario,Si,55.0,Si,Cuotas,456000,390.2,Computadora,11,3,4,82269,1,2,5.3,2,3,No,0
L02346,Programacion Web,49,CABA,Universitario,Si,48.0,No,Beca,60000,51.3,Celular,13,5,7,129434,1,2,,1,3,No,0
L03054,Python Inicial,32,CABA,Universitario,No,0.0,No,Cuotas,279000,239.9,Computadora,1,2,1,21506,0,1,4.7,1,4,No,0
L00344,Marketing Digital,22,CABA,Universitario,No,0.0,Si,Pago unico,289000,242.3,Celular,21,3,2,102658,3,0,8.0,2,3,No,0
L00380,Marketing Digital,19,CABA,Secundario,No,0.0,No,Cuotas,339000,277.5,Computadora,19,7,7,132407,2,1,9.9,0,4,No,0
L00522,Producto Digital,33,Buenos Aires,Universitario,Si,31.0,No,Cuotas,406000,333.0,Computadora,5,1,4,76385,1,1,,6,1,No,0
L00698,UX/UI,41,Buenos Aires,Universitario,No,0.0,Si,Cuotas,444000,370.1,Computadora,12,5,4,115441,4,2,8.0,5,4,No,0
L01686,UX/UI,22,Otra,Secundario,No,0.0,No,Cuotas,445000,385.3,Celular,13,2,1,0,0,1,,14,0,Si,1
L02802,Programacion Web,37,Otra,Universitario,Si,41.0,No,Cuotas,523000,425.9,Computadora,17,1,1,60739,1,1,,3,3,No,0
L02694,Python Inicial,25,CABA,Universitario,Si,48.0,No,Cuotas,278000,235.4,Celular,13,1,1,0,1,1,,14,0,Si,1
L01206,Marketing Digital,28,CABA,Terciario,Si,52.0,No,Beca,67000,57.7,Computadora,16,4,2,12911,1,1,,3,1,No,0
L02334,Producto Digital,30,Cordoba,Universitario,No,0.0,No,Cuotas,410000,353.0,Computadora,5,1,2,75058,2,2,4.0,1,1,No,1
L00877,Data Analytics,30,Otra,Secundario,No,0.0,No,Pago unico,367000,299.1,Celular,12,6,1,105620,1,2,6.4,0,0,No,0
L00096,Marketing Digital,31,CABA,Secundario,No,0.0,Si,Pago unico,269000,230.4,Computadora,10,10,4,170482,3,2,4.8,1,2,No,0
L00607,Producto Digital,43,Otra,Secundario,Si,29.0,No,Cuotas,404000,346.6,Celular,13,4,9,178346,1,2,7.6,3,3,No,0
L01226,UX/UI,23,Buenos Aires,Universitario,No,0.0,No,Cuotas,412000,350.7,Celular,1,3,2,124971,0,1,8.0,1,2,No,0
L03079,Programacion Web,17,Otra,Universitario,No,0.0,No,Cuotas,550000,440.5,Computadora,15,1,3,40078,1,0,,2,5,No,0
L00994,Python Inicial,19,CABA,Posgrado,No,0.0,Si,Cuotas,286000,231.6,Computadora,17,4,6,138458,0,2,6.2,1,2,No,0
L00510,Python Inicial,34,Buenos Aires,Universitario,No,0.0,No,Cuotas,281000,236.5,Computadora,11,5,7,148041,1,2,8.5,1,8,No,0
L00655,producto digital,37,CABA,Universitario,No,0.0,No,Cuotas,413000,341.6,Computadora,15,7,4,130530,3,1,10.0,1,2,No,0
L02718,Data Analytics,36,CABA,Universitario,Si,32.0,Si,Pago unico,398000,326.8,Computadora,5,7,14,206399,4,2,9.7,1,11,No,0
L00406,Marketing Digital,22,Buenos Aires,Terciario,No,0.0,No,Pago unico,267000,228.1,Celular,12,5,3,25987,1,1,5.9,8,4,No,0
L00646,Marketing Digital,48,Mendoza,Universitario,Si,29.0,Si,Pago unico,293000,253.9,Computadora,15,3,4,109632,0,0,7.0,6,1,No,0
L00687,Python Inicial,31,CABA,Universitario,No,0.0,Si,Cuotas,296000,237.5,Celular,12,1,0,9108,0,0,,0,2,No,0
L02852,Programacion Web,19,CABA,Universitario,No,0.0,No,Cuotas,504000,412.7,Computadora,14,4,4,94391,0,0,4.6,0,2,No,0
L01503,UX/UI,25,Buenos Aires,Secundario,Si,25.0,Si,Cuotas,433000,366.1,Computadora,15,3,2,77223,1,1,5.9,0,0,No,0
L01505,Python Inicial,38,Buenos Aires,Terciario,Si,49.0,No,Cuotas,293000,239.4,Celular,8,1,3,0,0,0,,1,0,Si,1
L00973,Python Inicial,21,CABA,Terciario,No,0.0,No,Cuotas,280000,227.5,Computadora,20,5,0,131023,0,2,6.8,4,6,No,0
L00249,Data Analytics,25,Buenos Aires,Secundario,No,0.0,No,Pago unico,399000,325.9,Computadora,11,4,9,118093,2,1,4.7,2,3,No,0
L01361,Marketing Digital,21,CABA,Secundario,No,0.0,Si,Pago unico,267000,221.6,Computadora,16,8,8,120916,2,2,9.2,1,6,No,0
L00604,Programacion Web,32,Cordoba,Posgrado,No,0.0,No,Pago unico,452000,365.4,Tablet,18,3,1,116309,0,1,6.8,12,1,No,0
L00283,Data Analytics,34,CABA,Secundario,No,0.0,No,Pago unico,370000,302.9,Celular,9,6,2,102268,0,2,9.3,6,3,No,0
L01775,marketing digital,17,CABA,Posgrado,No,0.0,No,Cuotas,349000,298.2,Computadora,3,6,5,73767,3,2,5.6,4,2,No,0
L02781,Producto Digital,40,CABA,Secundario,No,0.0,Si,Cuotas,399000,328.6,Celular,12,4,3,79418,0,1,5.8,0,3,No,0
L01399,Marketing Digital,39,Buenos Aires,Posgrado,Si,30.0,No,Cuotas,325000,269.4,Computadora,0,3,0,0,0,0,,14,1,No,0
L02494,Producto Digital,17,CABA,Secundario,No,0.0,No,Pago unico,338000,282.3,Celular,12,3,2,75993,3,2,6.3,0,0,No,0
L03092,Marketing Digital,24,Mendoza,Universitario,Si,38.0,No,Cuotas,316000,274.2,Computadora,14,2,4,138455,2,2,9.0,0,2,No,0
L02322,Data Analytics,17,Santa Fe,Universitario,No,0.0,No,Cuotas,474000,395.6,Computadora,7,5,0,65132,2,1,7.2,4,4,No,0
L02766,Producto Digital,37,Otra,Terciario,No,0.0,No,Pago unico,336000,270.9,Computadora,22,2,2,55528,3,1,6.1,2,2,No,0
L00377,Producto Digital,41,CABA,Secundario,Si,42.0,Si,Cuotas,384000,311.2,Computadora,4,4,0,559,2,1,,0,1,No,1
L01858,Python Inicial,26,Buenos Aires,Terciario,Si,36.0,No,Cuotas,286000,243.8,Computadora,11,6,3,154517,0,2,9.3,0,7,No,0
L00352,Python Inicial,23,Buenos Aires,Universitario,No,0.0,No,Cuotas,277000,228.7,Computadora,19,8,1,48111,2,2,,1,6,No,0
L02086,UX/UI,17,CABA,Terciario,No,0.0,No,Cuotas,391000,317.2,Computadora,18,1,5,193510,2,2,8.8,3,2,No,0
L02338,Data Analytics,43,Buenos Aires,Universitario,No,0.0,Si,Cuotas,425000,360.0,Celular,20,1,2,30175,0,0,,5,0,No,1
L00310,Data Analytics,31,CABA,Universitario,No,0.0,Si,Cuotas,474000,384.3,Computadora,20,3,6,84690,1,1,,3,3,No,0
L02384,Python Inicial,32,CABA,Posgrado,No,0.0,No,Pago unico,235000,198.8,Celular,6,5,1,30826,0,0,7.0,2,2,No,0
L01525,Python Inicial,40,CABA,Terciario,Si,50.0,No,Cuotas,271000,222.7,Celular,22,3,0,0,2,1,5.0,1,2,No,0
L00901,Marketing Digital,19,CABA,Posgrado,Si,40.0,No,Cuotas,351000,290.7,Tablet,4,7,2,135759,0,1,5.7,0,4,No,0
L00193,UX/UI,33,Buenos Aires,Universitario,No,0.0,Si,Beca,114000,95.3,Computadora,21,3,1,103124,1,0,,2,1,No,0
L02753,python inicial,40,Santa Fe,Universitario,Si,55.0,No,Pago unico,239000,198.9,Tablet,7,4,7,129634,0,2,7.4,3,2,No,0
L00448,Data Analytics,21,CABA,Universitario,No,0.0,No,Pago unico,369000,307.7,Tablet,5,5,6,121820,1,2,7.2,1,5,No,0
L01465,Python Inicial,57,Buenos Aires,Secundario,Si,36.0,Si,Pago unico,239000,192.3,Computadora,23,4,5,75356,3,1,7.3,5,5,No,0
L03142,Programacion Web,21,CABA,Secundario,No,0.0,Si,Cuotas,530000,458.2,Computadora,6,7,4,100390,2,2,,3,2,No,0
L02149,Python Inicial,23,Otra,Terciario,No,0.0,No,Beca,67000,55.3,Computadora,15,5,0,10186,1,2,,14,1,No,0
L02109,Producto Digital,32,Buenos Aires,Secundario,No,0.0,No,Cuotas,408000,349.0,Computadora,10,2,1,31937,0,0,3.7,1,0,Si,1
L02625,UX/UI,33,CABA,Universitario,Si,33.0,No,Pago unico,339000,288.5,Computadora,11,0,3,97079,1,0,4.9,14,0,Si,1
L01205,Programacion Web,26,Santa Fe,Universitario,No,0.0,No,Pago unico,420000,364.8,Tablet,7,4,3,121720,1,2,8.1,0,8,No,0
L00692,Marketing Digital,36,Otra,Universitario,Si,40.0,No,Pago unico,274000,226.5,Celular,12,2,5,95843,0,2,,1,0,No,0
L02570,Producto Digital,22,Buenos Aires,Universitario,No,0.0,Si,Cuotas,387000,318.9,Computadora,15,7,0,120541,2,2,5.4,1,4,No,0
L02657,ux/ui,34,Santa Fe,Universitario,Si,33.0,No,Pago unico,355000,296.4,Computadora,9,5,3,136502,1,1,7.1,2,3,No,0
L01481,UX/UI,17,Otra,Secundario,Si,37.0,No,Beca,66000,54.8,Computadora,1,3,1,11021,0,1,2.2,14,0,Si,1
L00295,Python Inicial,23,Buenos Aires,Secundario,No,0.0,No,Cuotas,298000,253.1,Computadora,6,5,6,113201,1,0,10.0,2,5,No,0
L02853,Programacion Web,24,Otra,Secundario,No,0.0,No,Pago unico,452000,362.9,Computadora,11,5,3,102872,1,2,6.6,1,3,No,0
L03048,data analytics,34,CABA,Terciario,No,0.0,No,Cuotas,426000,357.5,Tablet,14,4,6,46713,0,2,,2,4,No,0
L02164,Data Analytics,40,Otra,Universitario,Si,53.0,No,Cuotas,462000,374.2,Computadora,5,8,8,166742,4,2,6.7,1,6,No,0
L01952,Producto Digital,35,Buenos Aires,Universitario,No,0.0,No,Cuotas,381000,322.5,Celular,1,2,0,76055,0,1,,3,5,No,0
L01467,Data Analytics,25,Buenos Aires,Terciario,Si,36.0,No,Pago unico,394000,340.6,Computadora,0,6,3,123394,1,2,7.2,1,9,No,0
L01916,Producto Digital,31,Buenos Aires,Universitario,No,0.0,No,Pago unico,316000,256.7,Computadora,0,4,4,112160,2,1,,1,1,Si,1
L01225,UX / UI,17,Buenos Aires,Terciario,Si,37.0,No,Cuotas,393000,322.4,Computadora,2,3,4,120075,1,2,3.0,0,3,No,0
L00085,Data Analytics,26,Otra,Posgrado,No,0.0,Si,Beca,2000,1.6,Computadora,12,3,1,88332,1,1,,4,6,No,0
L02040,Marketing Digital,18,Santa Fe,Terciario,No,0.0,Si,Beca,1000,0.9,Computadora,1,4,2,118803,1,2,6.9,1,3,No,0
L00438,programacion web,40,Cordoba,Posgrado,No,0.0,Si,Cuotas,501000,432.3,Computadora,22,5,1,159575,2,2,8.5,1,3,No,0
L02768,Data Analytics,21,CABA,Secundario,No,0.0,No,Cuotas,436000,376.1,Celular,9,2,1,145136,2,2,5.8,1,4,No,0
L02662,Programacion Web,51,CABA,Terciario,Si,36.0,Si,Cuotas,527000,422.3,Computadora,18,5,5,133471,1,0,7.7,4,2,No,0
L01318,Python Inicial,20,Cordoba,Terciario,No,0.0,No,Beca,10000,8.2,Computadora,2,5,4,139478,0,1,7.6,1,4,No,0
L02678,Data Analytics,30,Cordoba,Universitario,Si,39.0,Si,Pago unico,372000,318.5,Computadora,22,5,3,81636,1,1,6.4,2,5,No,0
L00196,UX/UI,22,CABA,Secundario,No,0.0,No,Cuotas,398000,330.7,Computadora,3,7,1,88492,0,2,,0,6,No,0
L02634,UX/UI,29,CABA,Terciario,No,0.0,No,Cuotas,448000,385.6,Celular,3,3,1,58961,0,1,,5,0,No,0
L00476,Python Inicial,24,Santa Fe,Secundario,No,0.0,No,Pago unico,228000,192.5,Tablet,10,2,1,115253,2,1,,2,5,No,0
L02771,Producto Digital,29,Cordoba,Secundario,Si,44.0,No,Cuotas,393000,337.1,Celular,19,0,0,34188,1,2,,0,0,Si,1
L00337,python inicial,20,Santa Fe,Terciario,No,0.0,No,Beca,45000,37.8,Celular,11,4,3,71923,0,0,,14,0,Si,1
L02139,UX/UI,25,Otra,Universitario,No,0.0,Si,Pago unico,348000,295.4,Computadora,13,3,7,136382,7,0,5.9,1,3,No,0
L02443,Python Inicial,34,Buenos Aires,Terciario,No,0.0,Si,Cuotas,293000,238.0,Computadora,8,7,7,198545,2,2,10.0,0,4,No,0
L02037,Programacion Web,22,Buenos Aires,Secundario,No,0.0,Si,Pago unico,434000,351.6,Computadora,18,4,5,145270,2,2,8.3,1,3,No,0
L01458,Python Inicial,17,Buenos Aires,Terciario,Si,31.0,Si,Pago unico,224000,184.6,Tablet,3,4,4,120499,2,1,,0,1,No,0
L02772,Producto Digital,23,Otra,Terciario,No,0.0,Si,Pago unico,306000,246.4,Computadora,14,4,4,96139,1,2,8.0,2,3,No,0
L01354,Programacion Web,27,Buenos Aires,Terciario,No,0.0,No,Cuotas,525000,428.8,Tablet,7,8,1,123430,1,2,9.7,2,3,No,0
L00109,Marketing Digital,35,Santa Fe,Universitario,Si,34.0,No,Cuotas,325000,272.8,Celular,5,5,3,114006,1,2,,6,3,No,0
L00091,Producto Digital,20,CABA,Universitario,No,0.0,No,Beca,53000,45.7,Computadora,23,2,1,53531,0,1,7.3,11,0,Si,1
L00596,Data Analytics,43,Buenos Aires,Universitario,Si,36.0,Si,Cuotas,427000,370.0,Computadora,16,5,1,95437,0,1,6.5,1,0,Si,1
L03008,Programacion Web,45,Otra,Posgrado,Si,29.0,No,Cuotas,482000,416.1,Computadora,0,4,3,16587,1,0,,4,0,No,1
L03124,Data Analytics,19,Mendoza,Secundario,No,0.0,Si,Beca,39000,33.1,Computadora,8,10,3,169941,0,2,5.8,1,8,No,0
L02461,Marketing Digital,43,Cordoba,Secundario,Si,46.0,No,Cuotas,314000,269.7,Computadora,21,2,2,3630,0,0,,12,0,No,1
L02869,Data Analytics,25,CABA,Secundario,No,0.0,No,Pago unico,368000,297.3,Computadora,9,3,1,70523,1,0,6.4,12,4,No,0
L01965,Data Analytics,38,Cordoba,Secundario,No,0.0,Si,Beca,112000,91.6,Computadora,15,9,4,102115,1,1,9.9,0,4,No,0
L01716,Producto Digital,38,CABA,Universitario,Si,46.0,Si,Beca,46000,38.9,Computadora,17,8,3,97958,1,2,6.8,4,4,No,0
L00696,Python Inicial,32,CABA,Posgrado,Si,21.0,No,Pago unico,239000,207.7,Computadora,8,4,3,72375,0,2,6.1,0,4,No,0
L03109,Programacion Web,28,Otra,Universitario,No,0.0,No,Pago unico,422000,345.8,Celular,0,5,8,142812,0,2,10.0,1,4,No,0
L01013,Programacion Web,35,Santa Fe,Universitario,Si,40.0,Si,Pago unico,411000,333.7,Computadora,3,5,3,27935,0,0,7.7,6,2,No,0
L00316,Data Analytics,30,Santa Fe,Secundario,Si,46.0,No,Cuotas,445000,373.4,Celular,20,1,0,0,0,1,,7,0,No,1
L02614,Data Analytics,32,Buenos Aires,Universitario,Si,41.0,No,Cuotas,480000,406.6,Tablet,5,1,7,81599,1,2,,0,6,No,0
L01545,Programacion Web,21,CABA,Universitario,No,0.0,Si,Pago unico,427000,369.9,Celular,4,3,0,197778,2,2,,7,0,No,1
L00834,Data Analytics,22,Mendoza,Terciario,No,0.0,No,Cuotas,421000,349.4,Computadora,1,8,3,161708,2,1,10.0,2,2,No,0
L01129,Marketing Digital,29,Buenos Aires,Universitario,No,0.0,No,Beca,74000,61.8,Computadora,8,1,1,75782,1,2,,4,2,No,0
L00394,Programacion Web,32,Buenos Aires,Universitario,No,0.0,No,Pago unico,424000,356.9,Celular,5,6,10,115959,4,1,6.6,2,6,No,0
L02815,Programacion Web,17,Mendoza,Terciario,No,0.0,No,Cuotas,485000,420.9,Computadora,22,2,1,0,0,1,,11,0,No,1
L01265,Data Analytics,26,Buenos Aires,Universitario,No,0.0,No,Pago unico,394000,341.9,Computadora,15,3,2,159030,2,1,7.6,3,3,No,0
L02457,Data Analytics,44,Otra,Universitario,No,0.0,Si,Cuotas,477000,385.3,Computadora,11,0,8,161723,5,2,,0,5,No,0
L01333,Producto Digital,17,CABA,Secundario,No,0.0,No,Cuotas,380000,327.9,Celular,6,4,3,58367,0,0,6.8,5,3,No,0
L01442,Data Analytics,17,CABA,Secundario,Si,41.0,No,Cuotas,439000,367.2,Computadora,20,4,2,100597,1,2,7.2,0,2,No,0
L02487,Data Analytics,20,CABA,Secundario,No,0.0,No,Cuotas,454000,384.5,Celular,0,3,6,98687,0,2,7.2,2,1,No,0
L02940,Marketing Digital,43,CABA,Universitario,No,0.0,No,Pago unico,291000,240.4,Celular,2,2,3,50482,2,1,7.0,1,1,No,0
L01517,Programacion Web,39,CABA,Secundario,Si,,No,Cuotas,532000,455.5,Tablet,3,4,2,71617,2,2,,3,1,No,0
L01456,Producto  Digital,17,Santa Fe,Universitario,No,0.0,No,Beca,64000,53.1,Computadora,17,2,5,19416,1,0,5.3,5,0,Si,1
L02682,Data analytics ,36,CABA,Terciario,Si,17.0,No,Pago unico,379000,322.8,Computadora,7,5,3,72942,0,0,,3,0,No,1
L02017,Prog. Web,55,CABA,Secundario,Si,46.0,No,Cuotas,538000,434.7,Computadora,3,6,0,184739,4,2,9.0,2,5,No,0
L03115,Producto Digital,28,Buenos Aires,Universitario,Si,22.0,No,Cuotas,375000,303.2,Computadora,10,4,5,109928,0,2,7.7,6,6,No,0
L02268,Prog. Web,26,CABA,Terciario,Si,32.0,No,Cuotas,489000,408.6,Computadora,9,8,1,168077,0,2,6.6,0,4,No,0
L01711,Data Analytics,21,Santa Fe,Terciario,No,0.0,No,Pago unico,372000,317.8,Computadora,4,6,7,196986,3,2,8.3,1,6,No,0
L02557,Data Analytics,29,Buenos Aires,Universitario,Si,32.0,No,Pago unico,385000,330.4,Computadora,9,4,0,74177,2,1,8.2,14,1,No,1
L00208,Data Analytics,29,Buenos Aires,Universitario,No,0.0,No,Cuotas,463000,372.2,Computadora,16,4,4,150899,1,1,6.0,7,0,Si,1
L00062,Programacion Web,38,CABA,Secundario,Si,33.0,No,Pago unico,423000,349.7,Celular,7,6,8,160729,3,2,7.5,1,6,No,0
L01214,Data Analytics,26,Santa Fe,Universitario,Si,32.0,Si,Beca,122000,103.9,Computadora,6,3,1,52351,0,0,6.3,9,0,No,0
L01390,Marketing Digital,30,Santa Fe,Terciario,Si,27.0,Si,Cuotas,319000,271.1,Computadora,13,0,2,38701,0,2,,14,4,No,0
L00024,Data Analytics,22,Buenos Aires,Posgrado,Si,59.0,No,Cuotas,427000,346.4,Computadora,21,4,3,64531,1,1,,7,0,Si,1
L01202,UX/UI,31,Santa Fe,Terciario,No,0.0,No,Cuotas,405000,336.5,Computadora,7,4,9,121800,5,2,7.6,1,11,No,0
L00467,Programacion Web,21,Cordoba,Universitario,No,0.0,No,Cuotas,532000,434.1,Celular,15,3,1,134557,1,0,4.7,10,3,No,0
L00391,Python Inicial,29,Cordoba,Terciario,No,0.0,Si,Beca,62000,51.7,Computadora,2,4,2,20347,0,1,,1,0,No,0
L00664,Programacion Web,34,Otra,Universitario,No,0.0,No,Pago unico,449000,387.8,Computadora,22,10,2,138746,3,2,3.9,2,4,No,0
L01636,Programacion Web,17,Cordoba,Universitario,No,0.0,No,Beca,68000,57.9,Computadora,12,0,5,0,0,0,,0,1,Si,1
L01126,Data Analytics,31,Buenos Aires,Terciario,No,0.0,Si,Beca,69000,55.3,Computadora,8,5,0,95759,2,1,6.1,1,9,No,0
L01861,Programacion Web,53,Buenos Aires,Universitario,Si,26.0,Si,Pago unico,455000,381.2,Celular,7,0,3,114232,0,1,,14,0,Si,1
L01905,Marketing Digital,31,Otra,Secundario,Si,46.0,No,Pago unico,267000,221.8,Computadora,1,4,1,157879,1,1,7.1,2,3,No,0
L00042,Programacion Web,35,CABA,Universitario,No,0.0,Si,Beca,129000,104.1,Computadora,20,1,2,4073,2,2,,8,3,No,0
L00980,Marketing Digital,21,Buenos Aires,Terciario,No,0.0,No,Cuotas,347000,301.7,Computadora,8,5,4,137275,0,2,6.2,2,4,No,0
L01886,Marketing Digital,19,Otra,Terciario,No,0.0,No,Beca,17000,13.7,Celular,20,4,3,109017,0,1,6.9,0,2,No,0
L03064,Programacion Web,31,Buenos Aires,Universitario,Si,38.0,No,Cuotas,536000,447.8,Celular,18,4,3,18700,1,0,5.1,2,3,No,0
L00841,Marketing Digital,20,Santa Fe,Terciario,No,0.0,Si,Beca,42000,35.2,Computadora,20,4,2,77129,0,0,,5,0,Si,1
L01165,Data Analytics,32,CABA,Terciario,Si,37.0,No,Pago unico,391000,315.7,Celular,13,5,2,0,1,2,6.6,11,2,No,0
L00063,UX/UI,22,Mendoza,Posgrado,No,0.0,No,Pago unico,345000,294.2,Computadora,14,5,7,145003,1,2,,0,3,No,0
L02349,Programacion Web,30,Cordoba,Universitario,Si,19.0,No,Pago unico,429000,368.8,Computadora,1,8,2,127673,1,2,8.5,7,5,No,0
L00869,Data Analytics,44,CABA,Universitario,Si,35.0,Si,Pago unico,370000,309.0,Computadora,8,5,8,215219,1,2,6.8,2,7,No,0
L00266,Data Analytics,23,Otra,Terciario,Si,47.0,No,Pago unico,357000,295.4,Computadora,5,5,8,153797,3,2,,2,4,No,0
L00286,Python Inicial,39,CABA,Universitario,Si,26.0,No,Pago unico,222000,182.4,Celular,11,4,2,47110,4,1,7.3,5,6,No,0
L02973,UX/UI,31,Cordoba,Terciario,Si,,No,Pago unico,343000,277.6,Celular,14,6,6,91815,5,2,8.3,1,7,No,0
L00669,Producto Digital,31,Cordoba,Universitario,No,0.0,No,Pago unico,315000,260.4,Computadora,13,4,5,164607,3,1,8.7,1,7,No,0
L02555,Python Inicial,26,CABA,Terciario,No,0.0,Si,Pago unico,230000,184.9,Computadora,1,13,10,180630,1,1,9.1,2,9,No,0
L03141,Marketing Digital,17,CABA,Posgrado,No,0.0,No,Pago unico,266000,221.7,Computadora,22,4,7,97455,3,2,9.1,2,6,No,0
L02551,UX/UI,26,Cordoba,Terciario,No,0.0,No,Pago unico,336000,270.8,Celular,16,8,1,74501,3,2,8.8,1,3,No,0
L02378,python inicial,33,Santa Fe,Secundario,No,0.0,No,Pago unico,228000,182.7,Computadora,11,4,4,107314,2,1,8.8,2,3,No,0
L00787,Python Inicial,20,Buenos Aires,Secundario,No,0.0,No,Beca,5000,4.3,Celular,2,2,0,0,0,1,,6,0,No,1
L00265,marketing digital,17,Mendoza,Secundario,No,0.0,No,Cuotas,331000,280.2,Celular,9,3,6,113588,2,2,7.5,0,3,No,0
L01721,Python Inicial,30,Otra,Posgrado,No,0.0,Si,Pago unico,239000,204.1,Computadora,21,5,9,171022,1,2,7.6,1,7,No,0
L01714,Data Analytics,24,CABA,Universitario,No,0.0,No,Beca,105000,84.1,Computadora,22,3,2,45264,1,2,8.3,3,3,No,0
L00775,Programacion Web,29,CABA,Universitario,No,0.0,No,Cuotas,481000,407.7,Celular,5,3,2,78863,0,1,6.0,3,2,No,0
L01476,UX/UI,25,Buenos Aires,Secundario,No,0.0,Si,Pago unico,353000,306.3,Computadora,9,7,5,161782,1,2,8.3,0,7,No,0
L00948,Data Analytics,52,Santa Fe,Posgrado,Si,27.0,No,Pago unico,364000,302.2,Computadora,18,3,1,58940,0,1,,5,0,Si,1
L02100,DATA ANALYTICS,18,Cordoba,Posgrado,No,0.0,Si,Pago unico,362000,312.5,Celular,18,8,10,188528,1,2,6.9,0,5,No,0
L03176,Producto Digital,31,CABA,Terciario,Si,33.0,Si,Pago unico,322000,276.7,Computadora,14,1,2,0,0,0,,14,1,No,1
L00556,Python Inicial,35,Buenos Aires,Terciario,No,0.0,No,Pago unico,233000,195.0,Celular,14,0,3,55891,0,1,,5,0,No,0
L01187,Producto Digital,39,Mendoza,Secundario,Si,45.0,No,Cuotas,412000,349.5,Computadora,20,2,1,83442,2,1,,0,0,Si,1
L01807,Programacion Web,35,CABA,Universitario,Si,43.0,No,Cuotas,508000,414.3,Celular,22,4,2,27407,1,1,,7,0,No,1
L01837,UX/UI,35,Cordoba,Universitario,No,0.0,Si,Cuotas,415000,336.4,Computadora,4,4,5,69355,0,1,5.5,5,4,No,0
L01455,Data Analytics,48,Mendoza,Secundario,Si,27.0,No,Cuotas,420000,363.2,Celular,3,3,1,108910,0,2,,6,1,No,0
L01364,Python Inicial,31,Buenos Aires,Universitario,No,0.0,No,Cuotas,281000,240.3,Tablet,17,2,1,40261,2,2,,1,1,Si,1
L01314,Programacion Web,44,Cordoba,Secundario,Si,49.0,No,Beca,103000,84.8,Computadora,4,2,2,15730,1,1,4.6,1,0,Si,1
L01093,Programacion Web,47,CABA,Terciario,Si,38.0,Si,Pago unico,425000,354.8,Computadora,7,4,4,141385,2,2,7.9,3,8,No,0
L00473,Data Analytics,19,Cordoba,Universitario,No,0.0,No,Cuotas,483000,398.6,Computadora,5,2,0,78641,1,2,,1,4,No,0
L02266,Programacion Web,29,Otra,Terciario,Si,39.0,Si,Cuotas,488000,392.1,Computadora,6,5,2,44761,1,2,6.7,0,1,No,0
L01732,Programacion Web,27,CABA,Universitario,No,0.0,Si,Cuotas,529000,449.6,Celular,15,2,1,25896,1,2,,7,0,No,1
L02641,Marketing Digital,20,Buenos Aires,Universitario,Si,32.0,No,Cuotas,347000,284.1,Computadora,1,2,3,29909,1,1,5.2,6,3,No,0
L01263,Programacion Web,28,Buenos Aires,Universitario,No,0.0,No,Cuotas,530000,440.7,Computadora,18,3,5,124310,2,2,6.1,1,3,No,0
L02225,Data Analytics,33,Cordoba,Posgrado,Si,44.0,No,Beca,51000,42.2,Computadora,13,1,0,4989,0,0,,0,3,No,0
L01646,Python Inicial,35,CABA,Terciario,No,0.0,No,Pago unico,226000,194.6,Computadora,11,8,1,149117,3,2,7.2,0,1,No,0
L01271,Marketing Digital,21,Buenos Aires,Universitario,Si,28.0,No,Cuotas,334000,272.9,Celular,20,4,5,94367,2,1,7.4,2,3,No,0
L00469,Data Analytics,40,CABA,Universitario,Si,39.0,No,Cuotas,482000,386.4,Computadora,15,4,4,77815,1,1,8.1,1,5,No,0
L00282,Data Analytics,24,Buenos Aires,Universitario,No,0.0,No,Cuotas,448000,371.3,Computadora,4,4,1,4261,0,0,,7,0,Si,1
L02010,Python Inicial,28,Buenos Aires,Secundario,No,0.0,Si,Pago unico,226000,188.8,Celular,5,5,5,144578,2,2,8.0,2,8,No,0
L01920,UX/UI,46,Buenos Aires,Terciario,No,0.0,No,Cuotas,399000,341.4,Computadora,3,7,4,116467,2,1,5.7,1,1,No,0
L02767,Programacion Web,26,CABA,Universitario,Si,,No,Pago unico,434000,360.6,Computadora,15,1,2,6024,0,1,,4,2,No,0
L02757,UX/UI,31,CABA,Secundario,No,0.0,No,Cuotas,399000,341.1,Computadora,5,6,4,143514,1,1,,1,4,No,0
L03019,Python Inicial,31,CABA,Terciario,No,0.0,Si,Cuotas,276000,232.8,Celular,23,3,1,35160,0,1,,1,1,No,0
L00628,Python Inicial,23,CABA,Secundario,No,0.0,Si,Beca,39000,31.6,Computadora,11,1,3,38149,1,1,7.4,14,0,Si,1
L02790,Prog. Web,30,CABA,Terciario,No,0.0,No,Cuotas,503000,406.6,Computadora,16,2,3,105427,2,2,,2,1,No,0
L03038,DATA ANALYTICS,18,Otra,Posgrado,No,0.0,No,Beca,80000,68.6,Computadora,21,2,2,71455,1,1,8.4,5,0,Si,1
L01383,Producto Digital,40,Santa Fe,Universitario,No,0.0,Si,Cuotas,364000,298.8,Computadora,5,3,2,82249,1,1,6.2,1,2,No,0
L00254,Producto Digital,37,CABA,Terciario,No,0.0,No,Cuotas,413000,337.6,Computadora,11,4,8,109370,5,2,8.5,1,4,No,0
L01677,Programacion Web,20,Buenos Aires,Universitario,Si,40.0,No,Cuotas,508000,413.4,Celular,23,3,1,0,1,0,4.6,0,1,No,0
L01033,Data Analytics,36,Buenos Aires,Terciario,Si,43.0,No,Cuotas,460000,394.6,Computadora,20,1,3,76419,3,2,9.5,1,4,No,0
L02134,UX/UI,29,CABA,Secundario,Si,36.0,Si,Beca,3000,2.5,Computadora,3,6,2,77581,2,1,4.8,3,2,No,0
L02518,Producto Digital,18,Santa Fe,Posgrado,Si,37.0,No,Pago unico,333000,270.1,Computadora,8,4,3,107527,1,1,9.6,1,2,No,0
L00211,Data Analytics,17,Cordoba,Terciario,Si,44.0,Si,Cuotas,431000,372.4,Celular,13,2,2,42100,1,0,,8,0,No,1
L02124,Python Inicial,23,Buenos Aires,Universitario,Si,38.0,No,Cuotas,282000,244.3,Tablet,15,6,2,56319,2,2,9.9,1,0,No,1
L03020,UX-UI,26,Buenos Aires,Secundario,Si,49.0,No,Cuotas,392000,334.4,Computadora,18,0,0,0,0,0,,11,1,No,1
L00962,UX/UI,22,Otra,Universitario,Si,,No,Cuotas,411000,346.3,Computadora,23,2,5,87698,1,1,8.5,0,1,No,0
L00362,Data Analytics,17,Mendoza,Universitario,No,0.0,No,Pago unico,380000,322.4,Computadora,23,7,2,73444,0,1,5.7,1,0,Si,1
L02136,Programacion Web,36,CABA,Universitario,No,0.0,Si,Pago unico,446000,378.1,Celular,12,2,2,24027,1,0,4.9,13,3,No,0
L01290,Programacion Web,20,Cordoba,Secundario,No,0.0,No,Beca,79000,68.0,Computadora,15,1,2,21833,3,1,,2,0,Si,1
L00240,UX/UI,37,Santa Fe,Universitario,Si,,Si,Pago unico,351000,284.9,Celular,8,7,2,91723,0,1,,3,5,No,0
L01934,Marketing Digital,17,CABA,Secundario,No,0.0,No,Cuotas,353000,293.2,Computadora,9,4,1,48334,2,1,,6,3,No,0
L01553,Programacion Web,35,Santa Fe,Secundario,No,0.0,No,Cuotas,504000,405.1,Computadora,21,4,3,139517,1,2,7.8,1,5,No,0
L02181,Marketing Digital,41,Otra,Universitario,Si,20.0,No,Cuotas,324000,280.2,Celular,5,0,3,59419,1,1,,1,0,No,1
L01639,Programacion Web,18,CABA,Universitario,Si,,No,Cuotas,527000,451.0,Celular,7,4,3,16229,0,1,,1,3,No,0
L02163,UX/UI,21,Mendoza,Terciario,No,0.0,No,Cuotas,423000,348.1,Celular,16,2,1,0,0,0,,6,0,Si,1
L02450,Programacion Web,44,Buenos Aires,Terciario,Si,39.0,No,Pago unico,443000,356.4,Computadora,18,3,3,0,0,1,5.6,1,1,No,0
L02066,Programacion Web,23,Buenos Aires,Universitario,No,0.0,Si,Beca,141000,120.3,Computadora,19,5,4,79559,0,1,6.4,6,3,No,0
L01554,Marketing Digital,39,CABA,Universitario,No,0.0,Si,Cuotas,343000,280.8,Tablet,7,4,0,103417,1,2,7.2,0,2,No,1
L01048,Data Analytics,34,Buenos Aires,Terciario,Si,31.0,Si,Cuotas,443000,362.0,Computadora,16,7,7,152824,3,2,7.1,2,3,No,0
L02336,Marketing Digital,40,Santa Fe,Terciario,Si,37.0,Si,Cuotas,345000,296.4,Computadora,22,2,7,90325,2,2,9.5,1,0,No,0
L03161,programacion web,41,Santa Fe,Universitario,Si,30.0,No,Cuotas,511000,435.6,Computadora,6,4,0,89037,0,2,5.7,2,3,No,0
L02379,UX/UI,27,Cordoba,Terciario,Si,32.0,No,Pago unico,334000,274.9,Computadora,23,3,3,112919,2,2,9.6,6,6,No,0
L01605,Data Analytics,23,CABA,Secundario,No,0.0,No,Pago unico,366000,300.4,Celular,15,5,7,126334,2,1,7.3,2,8,No,0
L01654,producto digital,46,Otra,Secundario,No,0.0,No,Pago unico,320000,258.3,Computadora,4,7,5,159193,1,1,7.9,5,6,No,0
L01710,Python Inicial,32,Buenos Aires,Terciario,No,0.0,Si,Cuotas,280000,240.0,Computadora,20,5,6,189229,2,2,9.5,4,3,No,0
L00383,UX/UI,19,CABA,Secundario,No,0.0,Si,Pago unico,346000,290.0,Computadora,23,12,6,242546,3,2,9.6,1,10,No,0
L01700,Marketing Digital,45,Otra,Secundario,Si,54.0,No,Cuotas,346000,288.6,Celular,3,3,1,67275,0,2,4.3,6,1,No,1
L00081,Programacion Web,23,CABA,Terciario,No,0.0,No,Cuotas,528000,434.4,Computadora,8,4,8,166062,3,1,8.4,1,3,No,0
L03071,Data Analytics,59,CABA,Universitario,No,0.0,No,Cuotas,465000,388.3,Computadora,11,5,8,178957,1,2,8.1,0,0,Si,1
L00681,Programacion Web,30,Buenos Aires,Universitario,Si,31.0,Si,Cuotas,519000,439.5,Computadora,1,4,4,63004,1,2,5.3,2,1,No,0
L02469,Programacion Web,30,Mendoza,Secundario,No,0.0,Si,Beca,104000,84.2,Celular,9,1,3,3765,0,1,10.0,1,4,No,0
L00434,Producto Digital,40,CABA,Universitario,Si,48.0,Si,Pago unico,341000,287.2,Computadora,12,3,1,0,1,0,,7,0,Si,1
L01255,Data Analytics,46,Buenos Aires,Terciario,Si,32.0,No,Cuotas,451000,377.2,Tablet,15,4,2,91259,2,1,,3,1,No,0
L03065,UX/UI,31,Cordoba,Secundario,No,0.0,Si,Pago unico,356000,302.4,Tablet,4,3,4,82448,1,2,,3,1,No,0
L01591,UX/UI,23,Mendoza,Universitario,No,0.0,Si,Cuotas,442000,362.0,Computadora,20,3,7,170656,2,2,8.4,0,11,No,0
L02915,marketing digital,19,CABA,Secundario,No,0.0,No,Pago unico,274000,219.9,Celular,10,7,5,93673,3,2,7.1,4,4,No,0
L02391,Python Inicial,38,Otra,Universitario,Si,30.0,No,Pago unico,244000,198.7,Computadora,20,4,2,32880,0,2,8.2,4,4,No,0
L00129,UX/UI,35,CABA,Terciario,Si,60.0,No,Cuotas,413000,334.1,Computadora,18,3,3,135829,0,2,5.1,3,4,No,0
L01844,Data Analytics,32,CABA,Secundario,No,0.0,No,Cuotas,424000,351.7,Celular,16,3,4,104137,5,2,10.0,3,2,No,0
L00838,Data Analytics,40,Buenos Aires,Universitario,Si,41.0,No,Cuotas,427000,354.6,Celular,11,2,2,95965,2,1,7.8,0,4,No,0
L02021,Producto  Digital,32,CABA,Posgrado,No,0.0,No,Cuotas,361000,296.3,Computadora,0,10,3,120579,3,2,8.1,1,4,No,0
L00970,Programacion Web,34,CABA,Universitario,No,0.0,No,Pago unico,438000,352.1,Computadora,18,6,7,191191,2,2,8.1,1,9,No,0
L00458,Python Inicial,34,Otra,Universitario,Si,42.0,Si,Pago unico,225000,189.2,Computadora,20,5,2,107236,3,2,5.3,2,5,No,0
L00285,Producto Digital,32,Cordoba,Terciario,Si,29.0,No,Cuotas,408000,332.1,Computadora,19,4,0,92452,0,1,9.5,0,1,No,0
L02053,Marketing Digital,30,Santa Fe,Terciario,No,0.0,No,Cuotas,344000,299.1,Computadora,6,5,7,148348,0,2,,3,3,No,0
L01885,Data Analytics,17,CABA,Universitario,Si,,Si,Cuotas,476000,404.2,Computadora,20,7,5,106549,1,2,7.2,0,2,No,0
L00870,UX/UI,26,Mendoza,Universitario,Si,38.0,No,Pago unico,364000,300.6,Computadora,1,3,4,147358,0,1,7.3,0,1,No,0
L01848,Data Analytics,27,CABA,Terciario,No,0.0,No,Pago unico,377000,311.2,Computadora,22,6,4,234473,6,2,7.5,0,10,No,0
L01761,Data Analytics,23,Cordoba,Secundario,No,0.0,No,Pago unico,381000,321.5,Celular,23,6,7,163179,6,2,7.9,0,5,No,0
L02618,UX/UI,31,CABA,Universitario,Si,33.0,Si,Cuotas,416000,356.5,Computadora,22,3,1,63025,0,0,,6,3,No,0
L02377,Programacion Web,32,Santa Fe,Universitario,No,0.0,No,Pago unico,427000,369.4,Computadora,23,6,3,57863,2,1,5.8,0,5,No,0
L02348,Data Analytics,30,Mendoza,Posgrado,Si,44.0,Si,Cuotas,440000,358.6,Celular,22,6,1,101769,2,2,8.9,2,7,No,0
L00908,Producto Digital,17,Cordoba,Terciario,No,0.0,No,Cuotas,409000,341.7,Computadora,2,5,2,64389,2,2,5.6,2,1,No,0
L00035,Programacion Web,50,CABA,Terciario,No,0.0,No,Beca,139000,117.0,Computadora,16,5,2,81509,1,0,10.0,1,3,No,0
L02079,Producto Digital,28,CABA,Universitario,No,0.0,No,Cuotas,401000,345.8,Computadora,6,4,4,17067,2,1,8.4,4,2,No,0
L01101,UX/UI,24,CABA,Universitario,No,0.0,No,Pago unico,349000,287.6,Celular,8,3,5,108359,2,2,7.0,0,10,No,0
L02843,UX/UI,19,Buenos Aires,Universitario,No,0.0,Si,Pago unico,338000,284.5,Tablet,19,5,0,118027,0,2,6.8,0,2,No,0
L00041,Marketing Digital,21,CABA,Terciario,No,0.0,No,Cuotas,329000,271.1,Tablet,16,6,3,98791,2,1,8.3,1,3,No,0
L01783,UX/UI,21,Santa Fe,Terciario,Si,37.0,No,Beca,4000,3.3,Celular,5,4,1,20539,2,0,5.6,13,0,No,1
L01132,Producto Digital,32,CABA,Terciario,No,0.0,No,Pago unico,337000,270.9,Computadora,9,1,3,24517,2,1,,0,0,Si,1
L00378,Programacion Web,62,Santa Fe,Universitario,Si,22.0,No,Cuotas,487000,418.7,Celular,20,6,3,156034,0,1,6.8,3,0,Si,1
L01835,Data Analytics,22,CABA,Posgrado,Si,29.0,No,Cuotas,452000,376.0,Computadora,14,6,2,97939,1,1,7.3,1,3,No,0
L02194,UX/UI,18,Otra,Universitario,No,0.0,Si,Pago unico,366000,306.2,Computadora,21,5,3,136022,2,2,8.5,0,2,No,0
L00812,Python Inicial,42,Buenos Aires,Universitario,Si,38.0,Si,Cuotas,281000,240.6,Computadora,2,4,2,87963,1,2,8.9,3,2,No,0
L01561,Data Analytics,26,Otra,Universitario,Si,35.0,No,Pago unico,394000,315.8,Computadora,13,6,8,225240,4,2,7.4,1,10,No,0
L01003,Marketing Digital,48,CABA,Secundario,Si,20.0,No,Pago unico,282000,229.4,Computadora,5,1,7,143317,2,2,6.8,1,6,No,0
L01201,Programacion Web,24,Cordoba,Secundario,No,0.0,No,Pago unico,409000,353.7,Celular,9,2,2,100064,0,2,6.8,3,1,No,0
L01436,Data Analytics,22,CABA,Terciario,No,0.0,No,Pago unico,372000,314.1,Computadora,12,7,5,133747,2,2,10.0,0,7,No,0
L01738,UX/UI,37,CABA,Universitario,No,0.0,No,Pago unico,356000,290.6,Computadora,12,3,4,0,0,0,,2,4,No,0
L02653,Marketing Digital,22,CABA,Terciario,No,0.0,Si,Cuotas,335000,274.6,Computadora,21,6,6,105432,1,1,8.7,1,2,No,0
L01266,Programacion Web,28,Santa Fe,Universitario,No,0.0,Si,Pago unico,434000,351.9,Computadora,22,4,7,138551,5,2,6.1,2,3,No,0
L01412,Python Inicial,17,Otra,Terciario,Si,39.0,Si,Pago unico,238000,193.2,Tablet,11,8,4,192206,6,2,7.5,0,6,No,0
L02290,Producto Digital,17,Otra,Secundario,Si,40.0,Si,Pago unico,328000,264.5,Computadora,21,9,6,148297,1,2,9.0,0,3,No,0
L02035,Data Analytics,35,CABA,Terciario,No,0.0,No,Cuotas,424000,366.8,Computadora,23,2,5,94784,0,0,8.7,3,3,No,0
L01473,Data Analytics,17,CABA,Universitario,No,0.0,No,Cuotas,470000,381.0,Computadora,10,9,2,79930,1,1,6.7,3,4,No,0
L00581,Marketing Digital,48,CABA,Secundario,Si,34.0,No,Cuotas,336000,292.1,Computadora,4,3,0,11289,0,1,,5,0,Si,1
L01188,Python Inicial,29,Otra,Posgrado,Si,33.0,No,Pago unico,229000,198.1,Computadora,1,5,5,128392,2,2,7.0,2,9,No,0
L01145,Python Inicial,34,Buenos Aires,Universitario,No,0.0,Si,Cuotas,284000,235.9,Computadora,15,3,2,127578,0,2,,7,0,No,0
L01746,Python Inicial,34,CABA,Universitario,Si,43.0,Si,Pago unico,246000,197.6,Computadora,11,4,3,130435,0,2,6.1,0,7,No,0
L01803,Producto Digital,19,CABA,Posgrado,No,0.0,No,Cuotas,381000,309.4,Celular,13,4,1,95622,0,1,8.8,9,5,No,0
L00072,Programacion Web,47,CABA,Terciario,Si,31.0,Si,Cuotas,514000,414.7,Celular,16,4,3,44764,0,0,,1,3,No,0
L01901,Marketing Digital,17,CABA,Universitario,No,0.0,No,Beca,10000,8.2,Computadora,16,7,3,74189,2,2,7.2,0,7,No,0
L01291,Programacion Web,39,Buenos Aires,Universitario,Si,42.0,No,Cuotas,551000,460.6,Computadora,18,0,2,26365,0,1,7.6,9,0,No,1
L01629,Producto Digital,40,CABA,Universitario,Si,39.0,No,Pago unico,308000,249.8,Tablet,6,3,0,40783,1,1,3.7,7,0,Si,1
L02488,Data Analytics,40,Cordoba,Universitario,No,0.0,Si,Cuotas,460000,372.9,Computadora,23,2,4,71331,1,2,8.7,1,1,No,0
L00900,Python Inicial,26,CABA,Terciario,Si,,Si,Beca,23000,18.8,Computadora,19,2,0,38181,0,0,6.0,2,0,No,1
L02779,UX / UI,17,Santa Fe,Universitario,No,0.0,No,Cuotas,419000,356.8,Celular,14,3,1,0,0,0,,7,0,Si,1
L00729,Marketing Digital,31,CABA,Secundario,Si,29.0,Si,Cuotas,344000,278.3,Computadora,19,4,2,52721,1,2,6.7,1,3,No,0
L01729,Programacion Web,20,Buenos Aires,Universitario,No,0.0,No,Pago unico,419000,350.5,Computadora,10,3,5,88877,0,1,7.3,1,3,No,0
L03123,UX/UI,47,CABA,Secundario,Si,44.0,Si,Pago unico,341000,289.8,Celular,23,1,2,110552,4,1,6.6,1,0,No,0
L00894,Python Inicial,27,CABA,Universitario,No,0.0,Si,Pago unico,231000,196.0,Computadora,11,5,1,45525,0,2,7.3,3,1,No,0
L00963,Data Analytics,35,CABA,Secundario,Si,30.0,No,Cuotas,459000,381.1,Tablet,15,3,3,96461,2,1,,0,2,No,0
L01971,Marketing Digital,31,Otra,Universitario,No,0.0,No,Cuotas,344000,279.3,Computadora,4,6,4,80464,3,2,3.0,9,3,No,0
L01805,Programacion Web,21,Otra,Universitario,No,0.0,No,Pago unico,422000,353.9,Computadora,3,3,2,94974,0,1,4.3,0,2,No,0
L02047,Marketing Digital,24,Otra,Universitario,No,0.0,No,Cuotas,331000,281.3,Computadora,13,1,2,79564,2,2,8.0,3,2,No,0
L03021,Programacion Web,30,Cordoba,Terciario,Si,41.0,Si,Pago unico,450000,383.6,Celular,4,7,5,149129,1,2,8.0,2,6,No,0
L00221,UX/UI,41,Cordoba,Universitario,Si,32.0,No,Cuotas,406000,346.4,Computadora,6,5,5,96013,1,0,6.6,3,3,No,0
L00176,Data Analytics,28,Santa Fe,Posgrado,Si,35.0,No,Cuotas,435000,361.4,Celular,5,7,3,97034,3,2,5.7,8,0,Si,1
L02350,Data Analytics,28,CABA,Universitario,No,0.0,No,Cuotas,430000,366.9,Tablet,3,1,1,58482,2,1,6.5,5,1,No,0
L00572,Producto Digital,42,Buenos Aires,Terciario,No,0.0,No,Cuotas,369000,311.5,Computadora,23,3,2,161279,3,1,,2,2,No,0
L00881,UX/UI,18,CABA,Posgrado,No,0.0,Si,Cuotas,437000,360.3,Celular,4,2,2,105303,4,1,,1,1,No,0
L01772,Data Analytics,49,Buenos Aires,Secundario,Si,35.0,No,Cuotas,426000,364.4,Celular,13,2,2,119805,0,1,8.0,2,3,No,0
L00640,Programacion Web,38,Buenos Aires,Terciario,No,0.0,No,Beca,27000,22.1,Tablet,14,6,5,142045,1,2,6.2,6,0,Si,1
L00146,Data Analytics,26,CABA,Universitario,No,0.0,No,Cuotas,453000,384.1,Computadora,0,2,5,146435,1,2,8.9,1,2,No,0
L01764,Data Analytics,21,Santa Fe,Posgrado,Si,48.0,No,Cuotas,465000,394.3,Computadora,5,4,3,187528,1,2,9.4,2,6,No,0
L00388,Producto Digital,36,Mendoza,Universitario,Si,42.0,No,Beca,64000,52.6,Celular,5,6,1,40772,2,0,6.7,1,0,No,0
L02339,UX/UI,34,Otra,Secundario,Si,43.0,No,Pago unico,352000,287.2,Computadora,0,3,1,30123,0,0,,3,1,No,0
L00712,Producto Digital,35,Buenos Aires,Secundario,Si,17.0,No,Beca,97000,79.1,Celular,0,5,0,38082,0,0,,14,0,No,1
L01954,UX/UI,35,Buenos Aires,Universitario,No,0.0,No,Cuotas,404000,345.9,Celular,17,2,4,103223,2,2,7.5,3,2,No,0
L00773,Marketing Digital,21,Buenos Aires,Universitario,No,0.0,No,Pago unico,267000,225.7,Celular,10,5,5,122509,1,2,5.1,0,6,No,0
L00479,Programacion Web,31,CABA,Terciario,No,0.0,Si,Cuotas,495000,418.5,Celular,21,7,1,99510,0,0,7.6,2,4,No,0
L01567,Programacion Web,49,Buenos Aires,Universitario,Si,37.0,No,Pago unico,414000,357.4,Celular,3,5,7,128185,4,2,7.7,0,3,No,0
L00294,UX/UI,37,Otra,Terciario,No,0.0,No,Pago unico,370000,319.7,Tablet,9,2,2,87660,2,2,,1,6,No,0
L02567,UX/UI,27,Mendoza,Secundario,No,0.0,Si,Pago unico,332000,279.1,Celular,1,5,5,116266,3,1,6.9,3,7,No,0
L01166,Producto Digital,26,Mendoza,Terciario,No,0.0,No,Pago unico,320000,263.2,Computadora,13,4,3,107257,2,2,7.9,3,2,No,0
L02572,Marketing Digital,30,CABA,Universitario,No,0.0,Si,Pago unico,276000,230.9,Computadora,21,3,2,138716,3,2,6.6,5,4,No,0
L02561,Python Inicial,38,Buenos Aires,Terciario,Si,35.0,Si,Pago unico,226000,187.6,Computadora,18,8,2,18806,1,2,5.6,3,2,No,0
L01208,Python Inicial,23,Cordoba,Terciario,No,0.0,No,Cuotas,278000,237.5,Celular,13,0,5,82234,3,2,6.9,4,4,No,0
L01440,Data Analytics,37,CABA,Terciario,No,0.0,No,Cuotas,446000,386.8,Celular,10,4,6,121037,2,2,6.3,1,5,No,0
L01210,Marketing Digital,21,Buenos Aires,Terciario,Si,34.0,No,Cuotas,336000,291.5,Computadora,4,3,2,0,0,0,,10,0,No,1
L03132,Programacion Web,30,CABA,Secundario,No,0.0,No,Beca,50000,42.5,Computadora,13,3,5,120015,2,0,5.5,1,5,No,0
L01320,Producto Digital,26,Buenos Aires,Terciario,Si,33.0,No,Pago unico,329000,269.5,Computadora,4,9,1,95258,1,1,9.1,1,1,No,0
L01667,UX/UI,18,Mendoza,Universitario,No,0.0,Si,Pago unico,362000,295.3,Celular,15,1,2,93388,3,2,7.7,3,2,No,0
L01218,programacion web,50,Buenos Aires,Universitario,No,0.0,No,Pago unico,411000,338.6,Computadora,18,1,5,157481,1,2,7.1,1,7,No,0
L01813,Producto Digital,31,Buenos Aires,Universitario,No,0.0,No,Pago unico,333000,288.1,Computadora,0,5,3,146274,2,0,7.6,1,5,No,0
L02510,Mkt Digital,31,Buenos Aires,Secundario,No,0.0,No,Pago unico,275000,231.4,Tablet,18,3,4,138588,2,2,8.3,0,6,No,0
L01730,Marketing Digital,17,Otra,Secundario,No,0.0,No,Cuotas,325000,268.6,Celular,19,2,4,98421,3,0,,11,3,No,0
L00690,Producto Digital,17,Mendoza,Posgrado,No,0.0,No,Cuotas,394000,336.7,Computadora,18,3,3,29772,0,2,,6,2,No,0
L01515,Data Analytics,28,CABA,Terciario,No,0.0,Si,Beca,42000,36.4,Computadora,8,5,5,82191,1,2,6.4,2,0,No,0
L01659,Programacion Web,27,Buenos Aires,Terciario,No,0.0,Si,Cuotas,524000,420.0,Computadora,2,6,3,74732,0,1,9.8,2,3,No,0
L02534,UX/UI,42,Cordoba,Universitario,No,0.0,No,Pago unico,358000,290.4,Computadora,23,3,5,107437,0,1,,1,2,No,0
L00802,Marketing Digital,46,CABA,Universitario,Si,48.0,Si,Cuotas,336000,289.1,Tablet,9,2,0,70056,0,1,4.2,2,2,No,0
L01021,Prog. Web,42,Mendoza,Universitario,No,0.0,Si,Pago unico,409000,332.2,Celular,19,7,3,98666,0,1,,1,8,No,0
L01933,marketing digital,19,Buenos Aires,Secundario,No,0.0,No,Beca,11000,9.1,Computadora,10,4,5,85965,2,0,6.3,3,4,No,0
L00644,Data Analytics,17,Mendoza,Terciario,No,0.0,Si,Cuotas,445000,377.2,Celular,10,2,1,72959,1,1,7.5,6,3,No,0
L01260,UX/UI,36,CABA,Universitario,No,0.0,No,Cuotas,399000,330.6,Computadora,6,1,1,151026,5,2,5.2,5,1,No,1
L00833,Programacion Web,18,Buenos Aires,Universitario,No,0.0,No,Cuotas,533000,438.1,Tablet,2,6,8,173570,8,2,8.1,1,4,No,0
L02206,Programacion Web,42,CABA,Terciario,Si,43.0,No,Cuotas,489000,398.5,Celular,11,1,1,134464,1,1,,4,2,Si,1
L01703,UX/UI,25,CABA,Terciario,Si,25.0,No,Pago unico,336000,274.4,Computadora,23,1,1,68179,1,2,,8,0,Si,1
L02492,Data Analytics,17,Cordoba,Secundario,No,0.0,Si,Pago unico,388000,330.5,Computadora,19,10,8,156958,6,2,8.9,0,7,No,0
L02621,Programacion Web,31,Cordoba,Terciario,Si,40.0,No,Pago unico,414000,333.2,Computadora,0,1,1,31086,1,0,6.2,3,3,No,0
L01085,Data Analytics,30,Otra,Posgrado,No,0.0,Si,Cuotas,424000,343.8,Computadora,14,8,7,117188,1,1,6.8,1,5,No,0
L00205,Python Inicial,19,Buenos Aires,Universitario,No,0.0,No,Cuotas,265000,227.5,Computadora,2,4,3,95343,3,1,5.1,5,4,No,0
L00960,Programacion Web,26,Santa Fe,Terciario,Si,,No,Cuotas,544000,452.5,Computadora,23,4,2,135810,1,1,6.6,3,6,No,0
L01428,Producto Digital,45,CABA,Secundario,Si,38.0,No,Cuotas,379000,303.3,Computadora,14,5,1,146448,4,2,5.8,1,3,No,0
L03086,UX/UI,31,Santa Fe,Universitario,Si,36.0,No,Cuotas,446000,381.4,Computadora,21,2,2,112830,1,1,7.5,4,4,No,0
L02359,Python Inicial,24,CABA,Terciario,No,0.0,No,Cuotas,265000,227.1,Celular,23,3,2,103243,0,2,9.4,1,4,No,0
L02215,Data Analytics,18,Buenos Aires,Secundario,No,0.0,No,Beca,62000,50.9,Tablet,3,5,2,112942,1,1,10.0,1,6,No,0
L00039,Producto Digital,18,Otra,Secundario,No,0.0,No,Beca,98000,79.8,Computadora,12,5,3,123615,1,2,5.7,3,7,No,0
L00656,Programacion Web,22,Otra,Terciario,No,0.0,No,Pago unico,436000,375.6,Computadora,13,5,1,98229,0,2,,1,3,No,0
L00303,Data Analytics,17,Cordoba,Posgrado,No,0.0,Si,Cuotas,453000,368.0,Computadora,0,4,4,36338,1,0,6.2,2,1,Si,1
L01500,Python inicial,47,Santa Fe,Universitario,Si,32.0,Si,Cuotas,269000,216.6,Tablet,8,2,1,103907,2,2,7.2,4,7,No,0
L00239,Programacion Web,17,CABA,Universitario,No,0.0,Si,Cuotas,486000,417.4,Computadora,16,3,2,87887,1,0,8.0,2,1,No,0
L00050,UX/UI,35,CABA,Universitario,Si,32.0,No,Pago unico,347000,283.3,Computadora,4,6,10,174607,1,2,10.0,1,14,No,0
L01537,Data Analytics,29,Buenos Aires,Universitario,No,0.0,No,Cuotas,466000,386.7,Celular,21,5,4,71295,5,1,9.8,1,3,No,0
L02720,Data Analytics,27,CABA,Secundario,No,0.0,Si,Cuotas,468000,387.9,Celular,5,3,4,85100,1,0,,1,2,No,0
L01162,Data Analytics,25,Santa Fe,Terciario,Si,42.0,No,Beca,119000,102.7,Computadora,12,4,1,142647,2,2,4.1,6,4,No,0
L00400,Marketing Digital,23,CABA,Universitario,Si,20.0,Si,Cuotas,316000,253.5,Computadora,3,3,2,94409,2,1,7.5,5,1,No,0
L00780,Producto  Digital,28,CABA,Universitario,No,0.0,No,Cuotas,393000,340.2,Computadora,16,2,3,113174,0,1,7.2,2,4,No,0
L01774,Data Analytics,51,Buenos Aires,Terciario,Si,45.0,No,Cuotas,429000,371.5,Tablet,2,5,0,32916,1,2,6.7,1,2,No,0
L00013,Marketing Digital,18,CABA,Secundario,Si,45.0,Si,Cuotas,319000,264.5,Computadora,8,1,3,107449,2,2,7.8,3,1,No,0
L00940,Programacion Web,38,Cordoba,Universitario,Si,51.0,Si,Cuotas,493000,410.4,Computadora,13,3,2,49914,4,2,6.3,0,5,No,0
L00814,Programacion Web,59,Santa Fe,Terciario,Si,25.0,No,Pago unico,424000,347.4,Celular,17,5,2,47085,1,2,6.3,4,0,No,1
L00182,Marketing Digital,33,Otra,Universitario,Si,45.0,No,Pago unico,280000,227.5,Computadora,22,4,5,126960,2,2,9.8,1,4,No,0
L02817,Python Inicial,24,Cordoba,Terciario,No,0.0,No,Cuotas,298000,247.8,Computadora,10,5,6,104474,2,2,6.2,1,4,No,0
L02724,Data Analytics,33,Santa Fe,Universitario,No,0.0,No,Cuotas,448000,377.4,Computadora,9,3,4,151598,2,2,6.1,4,3,No,0
L02341,Data Analytics,34,Cordoba,Universitario,Si,33.0,Si,Cuotas,453000,367.0,Computadora,22,3,2,60524,2,2,4.6,1,3,No,0
L02110,Python Inicial,20,CABA,Terciario,No,0.0,No,Pago unico,224000,191.1,Celular,10,6,2,112921,0,2,8.9,2,2,No,0
L02343,Data Analytics,29,Otra,Terciario,Si,37.0,No,Pago unico,373000,305.9,Celular,17,13,6,161648,4,2,7.5,1,5,No,0
L01177,Python Inicial,17,CABA,Terciario,No,0.0,No,Cuotas,296000,252.6,Computadora,23,4,4,110378,2,1,7.5,2,6,No,0
L00540,Marketing Digital,33,Buenos Aires,Terciario,Si,38.0,No,Cuotas,349000,298.7,Tablet,4,5,2,75804,0,1,7.7,2,4,No,0
L02476,Python Inicial,24,CABA,Terciario,Si,31.0,No,Pago unico,240000,204.0,Computadora,11,5,3,74514,2,2,7.8,2,3,No,0
L00319,Data Analytics,40,CABA,Universitario,Si,30.0,No,Beca,23000,18.6,Computadora,7,3,0,73522,2,1,,0,1,No,0
L02949,Marketing Digital,31,CABA,Universitario,No,0.0,Si,Cuotas,354000,291.8,Celular,18,1,2,0,1,0,7.0,4,1,No,0
L02162,Programacion Web,32,CABA,Universitario,No,0.0,No,Pago unico,446000,364.8,Computadora,19,9,0,70351,4,2,9.2,0,3,No,0
L02729,DATA ANALYTICS,24,Santa Fe,Secundario,Si,36.0,Si,Cuotas,460000,394.3,Computadora,2,4,2,84445,0,2,,7,3,No,0
L02305,Programacion Web,26,CABA,Secundario,No,0.0,No,Cuotas,539000,431.6,Computadora,14,7,7,145442,4,1,6.0,1,7,No,0
L02791,data analytics,26,CABA,Terciario,No,0.0,No,Pago unico,384000,325.0,Computadora,2,4,9,112944,2,2,7.8,1,4,No,0
L00887,UX/UI,21,Otra,Secundario,No,0.0,No,Cuotas,391000,336.6,Computadora,11,3,3,98316,0,1,5.7,0,2,No,0
L02188,Producto Digital,22,CABA,Universitario,No,0.0,No,Cuotas,405000,333.7,Computadora,17,4,5,151926,5,1,7.8,2,3,No,0
L01830,Data Analytics,17,Buenos Aires,Universitario,Si,25.0,No,Cuotas,455000,379.7,Computadora,18,7,1,94696,0,2,3.3,1,0,No,0
L00089,UX/UI,53,Buenos Aires,Universitario,Si,45.0,No,Cuotas,444000,380.8,Computadora,18,3,2,48047,2,1,5.4,6,2,No,0
L00785,Programacion Web,31,Cordoba,Universitario,Si,28.0,No,Beca,133000,113.9,Celular,13,7,5,93948,0,1,7.3,3,0,No,0
L01634,data analytics,39,Buenos Aires,Terciario,Si,29.0,No,Pago unico,361000,300.7,Computadora,4,2,5,121203,2,1,9.4,1,2,No,0
L01530,Producto Digital,22,Otra,Secundario,No,0.0,Si,Pago unico,329000,265.9,Computadora,11,10,9,178160,2,2,,1,7,No,0
L01494,Python Inicial,34,CABA,Terciario,No,0.0,No,Cuotas,277000,234.3,Computadora,4,5,5,103853,1,2,3.6,10,0,No,1
L02895,UX/UI,38,Buenos Aires,Terciario,No,0.0,No,Beca,56000,46.0,Computadora,7,3,0,31846,0,1,,3,0,Si,1
L02746,Data Analytics,34,Buenos Aires,Universitario,Si,43.0,Si,Beca,37000,31.4,Computadora,5,1,2,93770,0,2,9.5,0,2,No,0
L01624,Programacion Web,27,Cordoba,Secundario,No,0.0,No,Pago unico,452000,361.7,Computadora,5,8,4,87311,4,1,7.7,1,2,No,0
L01404,Data Analytics,19,CABA,Terciario,No,0.0,Si,Cuotas,461000,391.8,Computadora,22,5,0,115318,0,2,4.5,5,3,No,0
L00320,Data Analytics,26,Santa Fe,Terciario,Si,49.0,No,Cuotas,425000,354.3,Computadora,2,6,4,120910,2,2,,0,2,No,0
L01141,Programacion Web,37,Buenos Aires,Universitario,No,0.0,No,Cuotas,485000,390.8,Celular,19,5,0,0,0,1,4.5,2,1,No,0
L00333,Programacion Web,50,Otra,Secundario,Si,60.0,No,Beca,102000,84.7,Tablet,4,0,4,32039,2,0,,6,1,Si,1
L00777,Python Inicial,34,Buenos Aires,Terciario,No,0.0,No,Cuotas,272000,222.8,Tablet,16,5,10,257516,4,2,10.0,1,7,No,0
L00638,Marketing Digital,47,CABA,Terciario,Si,31.0,No,Pago unico,277000,231.0,Celular,11,3,0,58124,2,1,,1,0,Si,1
L00531,Python Inicial,18,CABA,Universitario,Si,52.0,No,Beca,71000,59.6,Computadora,6,1,1,0,1,0,,0,1,No,0
L00347,UX/UI,22,Santa Fe,Terciario,No,0.0,Si,Cuotas,408000,348.1,Computadora,7,1,2,85325,1,1,,1,3,No,0
L02179,UX/UI,37,Otra,Terciario,Si,55.0,No,Beca,80000,65.7,Computadora,4,4,2,103767,3,2,5.7,1,6,No,0
L02593,Python Inicial,49,Otra,Posgrado,Si,38.0,No,Pago unico,224000,190.5,Computadora,11,9,4,129615,1,1,6.6,1,3,No,0
L01012,Programacion Web,17,Mendoza,Secundario,No,0.0,No,Pago unico,440000,356.1,Computadora,3,2,1,69409,1,0,8.3,6,0,Si,1
L02528,Data Analytics,40,Otra,Posgrado,Si,19.0,Si,Cuotas,472000,407.6,Tablet,21,3,1,51887,0,1,,1,2,No,0
L00407,Programacion Web,21,CABA,Universitario,No,0.0,No,Pago unico,424000,348.0,Computadora,13,1,5,130495,1,2,8.2,1,7,No,0
L00040,Programacion Web,26,CABA,Universitario,No,0.0,No,Beca,130000,104.9,Computadora,10,2,0,48006,1,0,4.2,0,1,No,0
L00419,Data Analytics,48,Santa Fe,Universitario,Si,46.0,No,Pago unico,378000,319.8,Computadora,2,1,3,94544,2,2,4.9,4,3,No,0
L00341,producto digital,28,Buenos Aires,Secundario,Si,38.0,No,Pago unico,336000,286.6,Celular,22,2,4,84275,0,1,6.2,2,4,No,0
L01736,Marketing Digital,20,CABA,Universitario,No,0.0,Si,Cuotas,323000,272.0,Computadora,15,5,2,58069,0,2,10.0,2,4,No,0
L02038,Marketing Digital,33,Cordoba,Terciario,No,0.0,No,Beca,81000,66.4,Computadora,13,5,2,54805,0,0,,3,0,No,1
L02423,Programacion Web,27,Buenos Aires,Universitario,Si,52.0,No,Beca,132000,111.5,Computadora,21,1,4,39608,1,0,6.3,2,1,Si,1
L00390,Data Analytics,47,Otra,Universitario,Si,42.0,No,Pago unico,388000,337.0,Celular,2,6,3,120192,3,2,6.9,1,2,No,0
L02298,Python Inicial,18,CABA,Secundario,No,0.0,No,Pago unico,243000,209.5,Tablet,22,3,6,130599,3,2,7.8,0,5,No,0
L02782,Producto Digital,17,Buenos Aires,Universitario,Si,32.0,No,Cuotas,366000,316.7,Tablet,9,2,5,50702,2,1,7.7,9,1,No,0
L00065,Producto Digital,40,CABA,Posgrado,No,0.0,Si,Beca,47000,37.9,Computadora,0,4,1,134991,1,2,8.4,1,3,No,0
L01484,Programacion Web,19,Mendoza,Universitario,No,0.0,No,Cuotas,498000,430.8,Computadora,16,4,2,117143,2,1,9.2,2,3,No,0
L02590,Data Analytics,28,Cordoba,Universitario,No,0.0,Si,Pago unico,366000,306.4,Computadora,11,4,9,148144,4,2,10.0,1,5,No,0
L01555,UX/UI,22,CABA,Universitario,No,0.0,Si,Cuotas,430000,352.5,Computadora,15,7,4,149724,1,2,5.3,999,5,No,0
L00569,Marketing Digital,42,Buenos Aires,Secundario,Si,32.0,Si,Pago unico,275000,225.9,Celular,14,3,4,103788,0,1,,3,0,No,1
L02693,Data Analytics,24,CABA,Secundario,No,0.0,No,Pago unico,384000,319.0,Computadora,23,1,4,27911,0,1,,14,0,Si,1
L01819,Programacion Web,46,Buenos Aires,Terciario,No,0.0,No,Pago unico,437000,370.7,Celular,8,7,3,66890,1,1,7.2,3,0,No,0
L00811,Programacion Web,37,CABA,Universitario,Si,43.0,Si,Beca,51000,41.8,Celular,21,7,0,105807,0,2,,1,4,No,0
L00832,UX/UI,25,CABA,Terciario,No,0.0,Si,Cuotas,439000,379.2,Computadora,0,5,5,146603,2,1,5.8,0,4,No,0
L01601,Python Inicial,19,Otra,Secundario,No,0.0,No,Cuotas,290000,238.1,Computadora,5,4,2,77971,0,2,,1,1,No,0
L00440,Programacion Web,17,CABA,Universitario,Si,41.0,No,Beca,57000,48.4,Computadora,0,0,0,24710,1,1,7.2,2,0,No,0
L00825,Data Analytics,51,CABA,Secundario,Si,,No,Pago unico,376000,303.1,Computadora,7,6,1,99970,1,2,6.4,9,1,No,1
L00723,Producto Digital,35,Otra,Secundario,No,0.0,No,Beca,75000,61.3,Computadora,17,0,3,8986,1,0,7.4,8,0,No,1
L00587,Data Analytics,34,Mendoza,Universitario,Si,26.0,No,Beca,45000,37.6,Computadora,7,4,0,42724,1,1,,1,2,No,0
L02183,Programacion Web,19,CABA,Universitario,Si,19.0,Si,Cuotas,501000,424.2,Tablet,0,10,6,154376,2,2,10.0,1,3,No,0
L02494,Producto Digital,17,CABA,Secundario,No,0.0,No,Pago unico,338000,282.3,Celular,12,3,2,75993,3,2,6.3,0,0,No,0
L02568,Data Analytics,25,CABA,Secundario,Si,31.0,Si,Cuotas,466000,396.0,Computadora,5,6,3,74862,0,0,8.6,6,5,No,0
L00518,Mkt Digital,38,Santa Fe,Universitario,No,0.0,Si,Cuotas,312000,259.2,Celular,5,2,5,137107,2,1,,1,5,No,0
L02679,Marketing Digital,17,Cordoba,Posgrado,No,0.0,No,Cuotas,323000,279.8,Celular,6,0,0,51607,0,1,,14,0,No,1
L00136,Marketing Digital,59,CABA,Terciario,Si,40.0,No,Cuotas,335000,285.0,Tablet,1,11,13,126335,4,2,8.5,1,2,No,0
L00685,UX/UI,22,Buenos Aires,Universitario,No,0.0,Si,Cuotas,430000,361.8,Computadora,16,3,3,71874,0,1,6.0,1,2,No,0
L03180,Marketing Digital,17,Buenos Aires,Secundario,Si,41.0,No,Cuotas,326000,271.7,Computadora,10,5,1,67101,2,0,9.6,6,5,No,0
L02918,Python Inicial,25,Mendoza,Secundario,No,0.0,Si,Pago unico,244000,198.1,Computadora,10,8,8,176508,2,1,8.3,1,5,No,0
L01899,Python Inicial,29,Otra,Universitario,No,0.0,No,Cuotas,291000,246.3,Computadora,1,0,4,36397,1,0,5.0,12,0,Si,1
L02640,Producto Digital,36,Buenos Aires,Secundario,Si,36.0,No,Pago unico,310000,251.1,Celular,5,3,5,127106,2,2,,3,1,No,0
L01313,Marketing Digital,25,Santa Fe,Secundario,No,0.0,No,Cuotas,323000,277.2,Celular,7,3,1,18461,1,1,6.9,5,0,No,1
L01972,UX/UI,23,Buenos Aires,Terciario,No,0.0,No,Cuotas,447000,372.0,Computadora,7,6,4,147416,1,2,7.7,2,2,No,0
L01704,Data Analytics,30,CABA,Secundario,Si,43.0,Si,Cuotas,461000,383.1,Computadora,1,1,4,0,1,2,,8,0,No,0
L02873,Programacion Web,26,CABA,Terciario,Si,24.0,No,Beca,138000,112.8,Celular,5,1,1,97719,2,1,8.1,6,2,No,0
L02626,Programacion Web,19,Buenos Aires,Secundario,No,0.0,No,Beca,52000,43.7,Celular,22,1,1,46652,1,0,,6,0,No,1
L02026,Data Analytics,62,Otra,Universitario,Si,40.0,No,Beca,108000,87.5,Computadora,21,3,5,84794,3,1,3.8,5,2,No,0
L01182,Python Inicial,19,Buenos Aires,Posgrado,No,0.0,Si,Cuotas,270000,225.9,Computadora,9,4,6,96060,1,2,9.7,6,2,No,0
L00048,Data Analytics,30,CABA,Universitario,Si,48.0,Si,Pago unico,383000,327.4,Celular,15,1,0,86055,0,0,6.7,3,3,No,0
L02067,Producto Digital,36,Otra,Terciario,Si,31.0,No,Pago unico,306000,245.6,Celular,14,4,1,82049,1,0,4.1,14,0,No,1
L02482,Data Analytics,49,CABA,Secundario,Si,45.0,Si,Cuotas,472000,406.9,Computadora,19,4,4,84333,0,2,6.7,2,4,No,0
L00090,Producto Digital,29,Buenos Aires,Universitario,No,0.0,Si,Cuotas,364000,298.3,Computadora,11,2,1,67404,1,0,6.8,2,0,No,0
L00410,python inicial,44,CABA,Universitario,Si,47.0,No,Cuotas,291000,235.8,Celular,5,3,5,70057,1,0,7.7,2,3,No,0
L02478,Marketing Digital,38,Buenos Aires,Secundario,Si,35.0,No,Beca,55000,47.0,Tablet,17,3,2,25798,2,0,,14,0,Si,1
L02074,Data Analytics,42,Otra,Secundario,Si,44.0,Si,Beca,83000,69.0,Computadora,11,4,3,96034,0,0,8.4,1,3,No,0
L01302,Producto Digital,43,Cordoba,Universitario,No,0.0,No,Pago unico,341000,286.0,Computadora,6,3,2,145645,1,2,10.0,1,3,No,0
L02402,producto digital,36,Otra,Terciario,Si,41.0,No,Beca,2000,1.6,Celular,17,3,2,0,1,0,,8,0,No,1
L00141,Marketing Digital,28,Buenos Aires,Terciario,Si,51.0,No,Pago unico,283000,229.6,Celular,18,2,5,120712,0,1,8.0,3,1,No,0
L02286,Python Inicial,17,Buenos Aires,Terciario,Si,49.0,Si,Cuotas,265000,218.7,Computadora,13,1,2,51314,0,0,7.3,1,2,No,0
L01144,Data Analytics,35,Santa Fe,Terciario,Si,34.0,Si,Cuotas,433000,358.4,Computadora,21,2,2,98736,1,2,5.9,3,1,No,0
L00594,Data Analytics,17,Buenos Aires,Universitario,No,0.0,Si,Pago unico,373000,313.7,Computadora,5,2,1,109680,1,2,4.7,0,4,No,0
L01852,Data Analytics,37,Cordoba,Universitario,Si,16.0,Si,Pago unico,387000,323.6,Celular,22,5,3,87459,0,1,,7,5,No,0
L01490,UX/UI,33,Cordoba,Terciario,Si,43.0,No,Pago unico,368000,294.4,Celular,20,5,3,69287,2,2,8.1,8,3,No,0
L00988,Producto Digital,39,CABA,Universitario,Si,46.0,Si,Pago unico,328000,277.9,Celular,12,3,6,112661,3,2,5.9,2,3,No,0
L02892,Programacion Web,35,CABA,Secundario,Si,27.0,No,Cuotas,533000,448.9,Celular,2,3,3,98209,0,1,4.9,1,2,No,0
L02409,Producto Digital,27,Santa Fe,Universitario,Si,31.0,Si,Cuotas,390000,330.2,Computadora,4,4,5,137599,1,2,8.6,2,5,No,0
L01709,Marketing Digital,28,Buenos Aires,Secundario,Si,27.0,No,Cuotas,323000,274.4,Celular,7,10,6,122047,3,2,10.0,0,6,No,0
L02460,Data Analytics,26,Buenos Aires,Universitario,Si,28.0,No,Cuotas,449000,365.4,Computadora,16,3,2,104066,0,2,,2,3,No,0
L00486,Producto Digital,17,CABA,Posgrado,Si,50.0,No,Pago unico,317000,255.7,Computadora,18,4,4,111674,2,2,7.3,0,5,No,0
L01323,Data Analytics,25,Buenos Aires,Secundario,No,0.0,No,Cuotas,482000,405.2,Computadora,14,7,1,169382,7,2,8.1,0,4,No,0
L02535,Marketing Digital,21,Otra,Secundario,No,0.0,No,Cuotas,320000,262.0,Celular,14,5,1,46217,1,0,8.2,2,1,No,0
L00186,Marketing Digital,44,Cordoba,Secundario,Si,45.0,No,Cuotas,335000,282.6,Computadora,20,3,2,58865,1,2,,1,4,No,0
L03181,Mkt Digital,21,Otra,Secundario,No,0.0,Si,Cuotas,310000,268.7,Tablet,3,6,10,182175,7,1,6.6,1,5,No,0
L00110,Programacion Web,34,CABA,Terciario,Si,48.0,Si,Cuotas,533000,435.8,Computadora,15,2,3,81038,1,1,7.7,4,5,No,0
L00121,Marketing Digital,25,CABA,Universitario,No,0.0,No,Cuotas,341000,285.1,Computadora,19,3,2,48232,0,0,4.0,3,3,No,0
L00478,Producto Digital,17,CABA,Terciario,No,0.0,Si,Cuotas,403000,349.7,Tablet,20,4,4,210333,2,2,8.2,1,4,No,0
L02405,Python Inicial,36,CABA,Secundario,Si,,No,Pago unico,232000,187.0,Celular,11,1,3,122019,1,0,,1,2,No,0
L01816,Python Inicial,41,Buenos Aires,Terciario,Si,43.0,Si,Cuotas,285000,243.6,Computadora,17,0,1,98432,2,0,8.9,7,7,No,0
L01568,Data Analytics,17,CABA,Secundario,No,0.0,No,Cuotas,426000,367.9,Computadora,1,4,1,43575,2,1,7.9,0,2,No,0
L00742,Programacion Web,37,Mendoza,Terciario,No,0.0,No,Cuotas,527000,447.4,Computadora,6,1,3,64601,1,0,,3,1,No,0
L00161,UX/UI,40,Cordoba,Universitario,Si,52.0,Si,Cuotas,445000,376.9,Celular,18,5,0,54197,1,1,,1,1,No,0
L00300,Marketing Digital,35,CABA,Terciario,Si,,No,Cuotas,330000,271.3,Celular,5,2,3,84326,0,0,3.7,10,1,No,1
L02564,Marketing Digital,51,Otra,Universitario,Si,37.0,No,Pago unico,285000,244.6,Computadora,17,4,4,127988,0,0,6.3,0,0,Si,1
L00816,Data Analytics,26,CABA,Universitario,No,0.0,No,Cuotas,437000,371.0,Computadora,11,3,4,139978,3,2,9.2,1,8,No,0
L01811,Producto Digital,17,CABA,Secundario,No,0.0,No,Cuotas,395000,335.9,Computadora,13,3,3,90274,0,1,,3,7,No,0
L01576,Programación Web,26,Cordoba,Secundario,No,0.0,Si,Beca,77000,63.9,Computadora,13,1,4,153557,0,0,7.8,1,6,No,0
L00015,ux/ui,26,Buenos Aires,Universitario,No,0.0,Si,Beca,75000,63.3,Tablet,10,4,2,51502,0,1,,2,0,Si,1
L01311,Python Inicial,42,CABA,Universitario,Si,36.0,No,Beca,54000,44.2,Computadora,16,3,0,26216,2,1,,1,0,No,0
L01534,Data Analytics,36,Otra,Secundario,No,0.0,No,Pago unico,361000,308.2,Celular,17,4,2,111879,1,2,4.6,0,6,No,0
L01777,Marketing Digital,50,CABA,Secundario,Si,31.0,Si,Cuotas,327000,283.9,Computadora,22,2,5,114244,2,2,9.3,0,4,No,0
L01328,Producto Digital,23,Mendoza,Secundario,Si,42.0,Si,Cuotas,394000,321.0,Computadora,15,5,3,125036,1,2,10.0,2,3,No,0
L01415,Marketing Digital,24,CABA,Terciario,Si,54.0,Si,Cuotas,325000,281.5,Computadora,11,7,6,173502,3,2,6.9,0,11,No,0
L02126,Python Inicial,17,Cordoba,Universitario,No,0.0,Si,Pago unico,234000,203.2,Computadora,2,11,10,172781,4,2,8.5,0,6,No,0
L00079,Data Analytics,50,Santa Fe,Posgrado,Si,48.0,No,Pago unico,393000,324.3,Computadora,23,3,2,83006,2,0,6.5,6,1,No,0
L00033,Python Inicial,21,CABA,Secundario,No,0.0,No,Beca,35000,29.5,Computadora,1,8,1,101372,2,0,8.9,10,1,No,1
L02399,Producto Digital,23,CABA,Posgrado,No,0.0,No,Cuotas,375000,300.6,Celular,16,7,8,168337,0,2,10.0,2,6,No,0
L02544,Python inicial,43,CABA,Universitario,Si,33.0,Si,Beca,55000,45.6,Celular,10,2,4,88435,0,0,,10,0,No,1
L01174,Programacion Web,17,CABA,Universitario,No,0.0,Si,Cuotas,498000,400.6,Computadora,11,2,1,70290,1,2,8.7,1,7,No,0
L01376,Python Inicial,24,CABA,Universitario,No,0.0,No,Pago unico,232000,194.6,Computadora,10,2,1,56728,0,1,5.5,3,2,No,0
L00299,UX/UI,26,Buenos Aires,Terciario,Si,,No,Cuotas,441000,359.6,Computadora,19,10,3,172181,4,2,,1,4,No,0
L01031,Programacion Web,41,Buenos Aires,Posgrado,No,0.0,Si,Beca,37000,30.0,Celular,16,9,6,198775,0,0,9.4,1,0,Si,1
L02395,Marketing Digital,28,Cordoba,Posgrado,Si,40.0,No,Cuotas,356000,294.4,Computadora,15,4,0,66252,0,1,,0,1,Si,1
L00168,Data Analytics,27,CABA,Secundario,No,0.0,No,Cuotas,463000,393.4,Celular,19,6,2,66168,0,2,8.3,1,3,No,0
L02583,UX/UI,31,CABA,Universitario,Si,42.0,No,Cuotas,398000,328.8,Celular,1,2,1,47385,1,1,,3,0,Si,1
L02029,Python Inicial,20,Otra,Secundario,Si,38.0,Si,Pago unico,245000,200.0,Computadora,16,7,10,155748,3,2,9.3,1,9,No,0
L02769,Programacion Web,29,Buenos Aires,Universitario,Si,35.0,No,Cuotas,525000,451.1,Computadora,0,8,3,141820,1,2,7.6,1,8,No,0
L00233,Python Inicial,17,Cordoba,Posgrado,No,0.0,No,Cuotas,280000,234.9,Computadora,0,5,3,129010,4,2,7.7,2,4,No,0
L01955,Programacion Web,18,Cordoba,Terciario,No,0.0,No,Cuotas,487000,403.1,Computadora,2,3,0,117625,1,1,,7,0,No,0
L02970,Programacion Web,32,CABA,Universitario,No,0.0,No,Cuotas,542000,458.6,Celular,18,6,6,196249,2,2,6.2,0,7,No,0
L02397,Data Analytics,20,CABA,Terciario,No,0.0,No,Cuotas,434000,374.0,Computadora,2,5,6,160839,0,2,10.0,1,2,No,0
L03096,UX/UI,34,Buenos Aires,Secundario,No,0.0,No,Cuotas,397000,331.1,Computadora,7,6,1,98872,0,1,6.5,2,5,No,0
L01679,Data Analytics,60,Santa Fe,Universitario,Si,35.0,No,Cuotas,447000,369.3,Celular,6,5,2,54888,1,2,7.7,1,1,No,0
L02279,Producto Digital,19,Buenos Aires,Posgrado,No,0.0,No,Cuotas,396000,342.7,Computadora,20,3,3,94499,3,1,4.4,6,1,No,0
L00462,ux/ui,31,CABA,Universitario,No,0.0,No,Beca,15000,12.8,Celular,8,6,2,131752,0,1,6.8,0,3,No,0
L02860,Producto Digital,42,Otra,Terciario,Si,32.0,Si,Cuotas,412000,346.3,Computadora,20,3,1,0,0,0,,12,0,Si,1
L02422,Data Analytics,17,CABA,Universitario,Si,48.0,Si,Cuotas,446000,367.7,Computadora,3,2,6,110292,2,2,6.2,0,4,No,0
L02927,Producto Digital,22,Santa Fe,Posgrado,Si,44.0,Si,Cuotas,407000,341.1,Computadora,19,3,0,55482,1,2,8.3,1,4,No,0
L01422,ux/ui,17,CABA,Terciario,No,0.0,Si,Cuotas,433000,376.2,Computadora,6,5,1,90006,0,1,6.0,1,2,No,0
L01075,Programacion Web,40,CABA,Universitario,Si,42.0,No,Cuotas,511000,419.1,Tablet,23,6,3,88561,0,0,8.9,10,3,No,0
L00444,UX/UI,27,CABA,Terciario,No,0.0,Si,Pago unico,352000,297.5,Computadora,14,3,2,115195,1,2,7.7,1,1,No,0
L00104,Programacion Web,50,CABA,Secundario,Si,41.0,No,Beca,123000,101.8,Computadora,17,3,3,148453,1,1,6.8,1,0,No,1
L00078,Producto Digital,17,Buenos Aires,Universitario,No,0.0,Si,Cuotas,366000,294.4,Computadora,8,2,4,52667,0,1,7.3,1,3,No,0
L01236,Programacion Web,51,CABA,Universitario,Si,,No,Cuotas,537000,462.0,Computadora,1,2,0,93101,0,0,,0,0,Si,1
L01015,Programacion Web,20,CABA,Terciario,Si,48.0,No,Pago unico,409000,334.0,Celular,6,3,2,27084,0,2,8.4,5,4,No,0
L02850,Data Analytics,25,CABA,Posgrado,Si,46.0,No,Cuotas,479000,398.2,Computadora,20,6,1,83516,0,1,7.9,3,0,No,1
L00112,Programacion Web,27,Cordoba,Secundario,No,0.0,No,Cuotas,484000,391.0,Computadora,21,2,5,70975,2,2,8.5,3,5,No,0
L00416,Data Analytics,52,CABA,Terciario,Si,35.0,No,Cuotas,437000,353.8,Celular,16,4,2,67178,0,2,,0,0,Si,1
L02540,Python Inicial,43,CABA,Terciario,Si,36.0,No,Cuotas,286000,231.6,Computadora,10,1,2,34946,1,1,,5,0,Si,1
L00367,Python Inicial,24,Otra,Universitario,No,0.0,No,Pago unico,226000,193.8,Computadora,12,7,3,113997,1,2,5.4,2,0,No,0
L00954,UX/UI,44,CABA,Universitario,No,0.0,No,Beca,89000,72.3,Computadora,19,1,9,131030,2,2,7.3,1,4,No,0
L00108,Python Inicial,45,Buenos Aires,Terciario,Si,39.0,Si,Cuotas,296000,256.8,Celular,12,2,2,31298,0,1,5.4,3,3,No,0
L02063,Python Inicial,37,Otra,Secundario,No,0.0,No,Cuotas,272000,235.8,Computadora,13,4,3,48866,0,2,5.5,2,3,No,0
L02062,Data analytics ,32,Otra,Universitario,No,0.0,Si,Cuotas,482000,412.4,Computadora,15,7,4,177571,2,2,9.6,2,6,No,0
L01189,Marketing Digital,27,CABA,Secundario,No,0.0,No,Cuotas,351000,292.0,Celular,10,6,4,54369,2,1,8.4,1,9,No,0
L02961,python inicial,30,Otra,Universitario,No,0.0,Si,Pago unico,236000,203.7,Tablet,5,3,0,101734,1,1,,4,4,No,0
L02645,UX/UI,28,Buenos Aires,Terciario,Si,32.0,Si,Cuotas,418000,339.5,Computadora,20,6,7,176999,1,2,7.5,3,6,No,0
L01056,Programacion Web,24,CABA,Secundario,No,0.0,No,Pago unico,446000,377.5,Celular,11,2,4,95918,0,0,6.6,1,3,No,0
L00426,Prog. Web,36,Buenos Aires,Universitario,No,0.0,Si,Cuotas,493000,402.4,Computadora,13,7,4,121311,1,2,7.3,3,1,No,0
L00958,Producto Digital,47,Buenos Aires,Universitario,Si,35.0,No,Cuotas,385000,326.2,Celular,5,3,0,38845,0,1,6.4,1,2,No,0
L01682,UX/UI,19,CABA,Terciario,Si,35.0,No,Cuotas,419000,340.1,Computadora,0,4,2,56558,3,2,5.9,1,4,No,0
L03178,Programacion Web,32,CABA,Universitario,No,0.0,No,Pago unico,451000,387.1,Celular,16,6,3,72221,1,1,,2,2,No,0
L02127,data analytics,25,CABA,Terciario,Si,50.0,No,Pago unico,359000,288.7,Computadora,20,4,9,128713,1,1,9.8,1,9,No,0
L01632,Programacion Web,20,CABA,Terciario,Si,35.0,No,Beca,127000,110.4,Computadora,22,0,1,557,0,0,,3,1,No,0
L01215,Data Analytics,43,CABA,Secundario,Si,38.0,No,Pago unico,363000,311.9,Celular,8,3,1,51464,1,1,6.9,3,2,No,0
L01306,Producto Digital,28,CABA,Posgrado,Si,39.0,No,Pago unico,330000,278.3,Computadora,2,4,5,130022,1,2,5.9,0,1,No,0
L00502,Programacion Web,27,Mendoza,Secundario,No,0.0,Si,Cuotas,503000,422.5,Celular,12,3,4,174529,2,2,7.6,2,4,No,0
L02447,Marketing Digital,30,Santa Fe,Universitario,No,0.0,No,Beca,42000,34.0,Computadora,4,3,2,55863,1,0,,14,0,No,1
L00019,Programacion Web,26,CABA,Secundario,Si,37.0,No,Cuotas,509000,436.7,Computadora,6,2,0,21366,0,1,5.3,2,0,No,0
L01245,Producto Digital,22,Buenos Aires,Secundario,No,0.0,No,Pago unico,333000,280.6,Computadora,22,8,0,98711,1,2,,0,8,No,0
L00563,Programacion Web,40,Buenos Aires,Terciario,No,0.0,Si,Pago unico,439000,352.4,Computadora,21,2,3,55073,0,1,,2,2,No,0
L00209,Producto Digital,31,CABA,Universitario,No,0.0,No,Pago unico,334000,275.1,Computadora,9,8,3,83271,0,1,4.1,14,2,No,1
L01284,Programacion Web,30,CABA,Universitario,No,0.0,No,Cuotas,504000,419.6,Computadora,17,2,1,14078,0,0,,4,1,No,0
L00428,Data Analytics,32,Buenos Aires,Universitario,No,0.0,No,Cuotas,446000,380.4,Celular,16,7,8,54848,4,0,7.0,1,6,No,0
L01304,Producto Digital,17,Mendoza,Terciario,Si,35.0,No,Pago unico,327000,276.6,Computadora,17,4,1,65555,0,0,,13,0,Si,1
L02093,Python Inicial,51,Mendoza,Secundario,No,0.0,No,Cuotas,285000,233.6,Computadora,16,4,2,138196,4,1,7.7,0,3,No,0
L00807,Python Inicial,23,CABA,Terciario,No,0.0,No,Cuotas,279000,228.4,Computadora,10,7,3,99356,0,1,,6,1,Si,1
L01982,Data analytics ,17,Buenos Aires,Secundario,No,0.0,No,Cuotas,432000,362.8,Computadora,22,5,3,44454,0,1,5.4,4,5,No,0
L02211,Python Inicial,29,CABA,Secundario,Si,39.0,No,Cuotas,278000,239.7,Celular,1,2,2,76848,1,2,6.8,3,4,No,0
L00800,Programacion Web,33,Cordoba,Universitario,No,0.0,Si,Cuotas,527000,453.5,Celular,15,3,0,72877,2,2,4.9,3,3,No,0
L02692,Programacion Web,22,Santa Fe,Secundario,No,0.0,No,Cuotas,498000,406.1,Computadora,2,1,3,48028,0,1,,1,1,Si,1
L02084,Data Analytics,17,CABA,Secundario,No,0.0,No,Pago unico,386000,323.7,Celular,13,2,4,164733,2,2,5.6,1,5,No,0
L01755,UX/UI,17,CABA,Universitario,Si,34.0,Si,Cuotas,391000,331.4,Computadora,20,4,2,106958,1,2,7.7,5,6,No,0
L01975,Producto Digital,41,CABA,Universitario,Si,20.0,No,Cuotas,368000,319.2,Computadora,21,3,3,123040,1,1,,2,3,No,0
L00290,Python inicial,50,Buenos Aires,Universitario,Si,45.0,Si,Cuotas,273000,226.6,Computadora,23,3,6,146531,1,2,8.8,2,4,No,0
L03010,programacion web,18,CABA,Terciario,Si,28.0,Si,Cuotas,513000,430.0,Celular,1,6,4,122544,2,1,5.9,3,3,No,0
L02885,Marketing Digital,19,Buenos Aires,Posgrado,No,0.0,No,Cuotas,311000,250.0,Computadora,3,3,0,74905,0,2,,2,2,No,0
L02819,Programación Web,25,Buenos Aires,Terciario,No,0.0,Si,Pago unico,455000,377.7,Celular,7,1,5,88720,3,2,9.3,2,3,No,0
L02612,Data Analytics,40,CABA,Universitario,No,0.0,Si,Cuotas,467000,394.1,Celular,1,5,4,85294,0,2,5.2,1,7,No,0
L00223,Marketing Digital,20,CABA,Universitario,No,0.0,No,Cuotas,353000,293.2,Computadora,5,2,0,31299,0,0,5.8,2,1,No,0
L01301,Python Inicial,42,Mendoza,Secundario,Si,45.0,No,Beca,48000,38.7,Computadora,5,4,3,75062,1,1,5.7,8,0,Si,1
L00939,Programacion Web,45,Santa Fe,Universitario,Si,33.0,No,Cuotas,523000,443.0,Computadora,5,1,1,0,0,0,,4,0,No,0
L01434,Data Analytics,18,Cordoba,Terciario,No,0.0,No,Pago unico,390000,334.2,Computadora,9,7,0,95356,2,2,7.7,1,4,No,0
L01562,Marketing Digital,29,CABA,Universitario,Si,36.0,No,Cuotas,320000,257.1,Celular,0,1,4,108569,2,1,,4,3,No,0
L02267,Producto Digital,20,Otra,Universitario,No,0.0,No,Cuotas,371000,307.1,Computadora,10,4,2,106633,0,0,6.8,3,1,No,0
L02274,Data Analytics,57,CABA,Terciario,Si,45.0,No,Beca,126000,105.3,Celular,2,1,2,93728,0,1,,1,1,No,0
L03101,UX/UI,49,CABA,Secundario,Si,29.0,Si,Pago unico,354000,285.0,Computadora,4,2,4,93148,2,1,5.3,0,4,No,0
L01216,Programacion Web,40,Santa Fe,Secundario,Si,40.0,No,Cuotas,543000,444.9,Computadora,8,1,0,0,1,0,,13,0,Si,1
L02713,Producto Digital,27,Buenos Aires,Universitario,No,0.0,Si,Cuotas,369000,317.9,Computadora,23,7,10,183795,2,2,10.0,0,6,No,0
L01640,Python Inicial,26,Cordoba,Universitario,Si,57.0,No,Cuotas,277000,240.5,Computadora,12,3,3,83992,1,2,5.7,0,1,No,0
L02627,Programacion Web,29,Santa Fe,Universitario,Si,40.0,Si,Pago unico,443000,378.7,Computadora,11,4,3,92250,1,1,6.2,6,3,No,0
L02617,Programación Web,24,Buenos Aires,Terciario,Si,50.0,Si,Beca,122000,102.2,Celular,18,5,3,158507,0,2,9.8,0,6,No,0
L02658,Marketing Digital,41,CABA,Universitario,Si,,No,Cuotas,333000,288.7,Computadora,2,0,1,54619,0,1,7.9,5,1,Si,1
L01820,Prog. Web,18,CABA,Universitario,Si,26.0,No,Cuotas,514000,437.1,Celular,4,2,4,81670,1,1,6.9,0,3,No,0
L01078,Data Analytics,32,Santa Fe,Secundario,Si,32.0,No,Cuotas,467000,382.3,Computadora,5,9,3,57485,0,2,5.3,3,5,No,0
L02931,Python Inicial,19,Buenos Aires,Universitario,Si,49.0,No,Pago unico,227000,182.4,Celular,15,4,1,84763,0,1,,4,1,Si,1
L02300,Data Analytics,17,Cordoba,Universitario,No,0.0,Si,Cuotas,424000,362.6,Computadora,7,6,7,176600,3,2,8.0,2,10,No,0
L02956,Programacion Web,28,Cordoba,Posgrado,Si,32.0,No,Cuotas,497000,424.1,Computadora,17,4,0,75638,1,1,3.7,4,1,No,0
L01637,Python Inicial,17,CABA,Universitario,No,0.0,No,Pago unico,228000,187.0,Computadora,4,6,0,172910,0,1,7.9,1,5,No,0
L02978,Data Analytics,26,Buenos Aires,Secundario,No,0.0,No,Cuotas,481000,409.0,Celular,18,1,0,170378,1,2,7.5,1,2,No,0
L01084,Data Analytics,47,Santa Fe,Universitario,Si,37.0,No,Cuotas,466000,381.1,Computadora,5,5,0,100932,3,2,6.3,2,2,No,0
L01782,Programacion Web,19,Otra,Universitario,No,0.0,Si,Pago unico,408000,344.4,Celular,16,3,5,90166,2,1,6.5,2,2,No,0
L02121,Programacion Web,20,CABA,Universitario,No,0.0,No,Pago unico,423000,343.7,Celular,20,1,2,133750,2,0,6.2,2,5,No,0
L02176,UX/UI,27,CABA,Universitario,Si,33.0,Si,Cuotas,410000,332.2,Computadora,17,3,4,111466,3,1,7.4,3,4,No,0
L01970,Marketing Digital,26,Buenos Aires,Terciario,No,0.0,No,Cuotas,343000,276.0,Computadora,23,5,2,109958,5,2,9.6,8,7,No,0
L02591,Data Analytics,35,Cordoba,Universitario,No,0.0,Si,Cuotas,478000,383.0,Celular,5,8,4,154803,2,1,10.0,0,7,No,0
L01582,Marketing Digital,42,CABA,Universitario,Si,25.0,No,Cuotas,319000,270.3,Computadora,19,1,1,31251,0,0,,4,0,Si,1
L00083,UX/UI,23,CABA,Terciario,Si,43.0,No,Cuotas,397000,322.0,Computadora,16,4,0,59129,1,2,7.1,2,3,No,0
L01042,Marketing Digital,27,Otra,Terciario,No,0.0,No,Cuotas,334000,268.0,Computadora,9,6,5,153811,2,2,7.9,0,6,No,0
L02396,Data Analytics,28,Buenos Aires,Universitario,No,0.0,No,Cuotas,456000,388.8,Computadora,1,2,1,116599,0,2,8.3,4,3,No,0
L02304,Producto Digital,26,Santa Fe,Secundario,Si,36.0,Si,Pago unico,320000,266.2,Computadora,19,3,1,86140,0,1,5.4,1,0,Si,1
L02784,Producto Digital,36,Buenos Aires,Universitario,Si,44.0,No,Cuotas,388000,332.4,Computadora,11,4,2,39175,1,0,,5,0,Si,1
L02587,Data Analytics,51,CABA,Terciario,Si,31.0,Si,Pago unico,394000,328.8,Computadora,6,5,9,198897,3,2,6.0,0,9,No,0
L01019,Marketing Digital,23,CABA,Terciario,No,0.0,No,Pago unico,294000,255.2,Computadora,15,8,6,133147,4,2,10.0,0,3,No,0
L02677,Programacion Web,17,Buenos Aires,Universitario,Si,31.0,No,Cuotas,551000,454.4,Computadora,5,5,1,116785,1,1,8.3,4,6,No,0
L01028,Data Analytics,32,Cordoba,Universitario,Si,44.0,Si,Cuotas,468000,397.6,Computadora,23,7,6,170167,4,2,7.4,0,4,No,0
L02565,Programacion Web,54,Otra,Secundario,Si,43.0,Si,Cuotas,500000,409.7,Celular,20,0,1,6480,2,0,,12,0,Si,1
L00654,UX/UI,22,CABA,Secundario,Si,53.0,Si,Pago unico,344000,294.2,Computadora,14,1,1,0,0,0,,8,0,Si,1
L00879,Data Analytics,35,Otra,Universitario,Si,33.0,No,Cuotas,480000,415.4,Computadora,4,6,2,131172,0,2,6.2,0,5,No,0
L01735,Programacion Web,17,Buenos Aires,Secundario,No,0.0,No,Cuotas,493000,395.6,Computadora,11,2,2,22324,1,1,7.7,6,0,No,1
L00061,UX/UI,40,Santa Fe,Secundario,Si,52.0,No,Cuotas,411000,353.1,Computadora,6,4,3,126630,2,2,5.9,0,1,No,0
L02731,Data Analytics,64,CABA,Secundario,Si,41.0,No,Pago unico,364000,306.4,Celular,4,3,4,62165,0,1,7.2,4,3,No,0
L00111,Marketing Digital,34,Cordoba,Terciario,Si,48.0,Si,Cuotas,324000,265.0,Celular,11,1,4,127608,4,2,7.5,1,4,No,0
L03059,Data Analytics,23,Otra,Universitario,No,0.0,Si,Pago unico,373000,311.2,Computadora,9,3,5,53586,3,2,7.1,0,3,No,0
L02831,Data Analytics,27,Buenos Aires,Universitario,No,0.0,No,Pago unico,389000,314.2,Computadora,1,9,6,160128,2,2,7.1,2,7,No,0
L02521,Data Analytics,34,Mendoza,Terciario,Si,46.0,Si,Beca,53000,45.2,Celular,4,5,2,59845,0,1,9.0,1,0,No,0
L00491,Marketing Digital,26,CABA,Terciario,No,0.0,Si,Cuotas,312000,266.4,Celular,16,5,7,104271,1,2,8.6,6,8,No,0
L01662,Producto Digital,23,CABA,Secundario,No,0.0,Si,Beca,32000,26.5,Celular,16,4,1,75583,1,1,,0,1,No,0
L02309,Programacion Web,27,Cordoba,Universitario,No,0.0,No,Pago unico,417000,349.6,Computadora,19,5,5,131804,1,2,9.2,1,4,No,0
L00354,Programacion Web,31,Cordoba,Universitario,No,0.0,No,Pago unico,447000,376.7,Computadora,21,5,5,141850,1,2,7.5,2,3,No,0
L01540,Data Analytics,25,CABA,Secundario,Si,39.0,Si,Pago unico,360000,295.9,Computadora,4,3,4,74031,1,1,7.5,1,1,No,0
L00862,Marketing Digital,30,Buenos Aires,Secundario,Si,50.0,No,Cuotas,351000,287.6,Celular,9,2,3,67244,0,0,,14,0,No,1
L00499,Data Analytics,20,CABA,Universitario,No,0.0,Si,Beca,125000,103.9,Computadora,18,3,0,52597,0,1,,9,0,Si,1
L01296,Marketing Digital,33,CABA,Terciario,Si,42.0,Si,Cuotas,352000,295.3,Computadora,15,7,8,126786,0,2,8.1,2,7,No,0
L02891,UX/UI,31,Buenos Aires,Terciario,No,0.0,No,Cuotas,439000,377.4,Celular,13,2,7,157340,3,1,8.1,1,7,No,0
L02196,Python Inicial,42,Otra,Secundario,No,0.0,No,Pago unico,225000,180.3,Computadora,8,4,1,143513,1,2,7.2,0,6,No,0
L02049,Python Inicial,26,Buenos Aires,Secundario,No,0.0,No,Pago unico,221000,185.4,Computadora,1,2,2,82791,3,2,8.3,3,2,No,0
L01691,Programacion Web,27,Santa Fe,Terciario,Si,29.0,No,Cuotas,484000,413.4,Celular,1,7,3,97640,0,0,9.3,2,4,No,0
L01863,UX/UI,24,Otra,Secundario,Si,48.0,No,Beca,67000,55.8,Computadora,2,2,2,99526,6,2,7.1,6,1,No,0
L01472,Programacion Web,44,CABA,Secundario,Si,42.0,No,Pago unico,410000,336.4,Computadora,20,5,6,117293,6,2,7.8,0,2,No,0
L03169,UX/UI,27,CABA,Terciario,Si,39.0,No,Cuotas,394000,322.7,Computadora,17,3,2,42659,1,1,,7,0,Si,1
L02112,Marketing Digital,34,Buenos Aires,Universitario,Si,19.0,No,Cuotas,327000,264.8,Computadora,2,5,0,58715,3,1,7.5,0,1,No,0
L01277,Programacion Web,39,CABA,Terciario,Si,48.0,Si,Pago unico,420000,339.1,Celular,11,3,1,23479,0,1,7.7,4,0,Si,1
L01116,Programación Web,29,Cordoba,Posgrado,No,0.0,Si,Pago unico,444000,381.3,Celular,20,3,7,97536,2,2,10.0,1,3,No,0
L02980,Marketing Digital,42,CABA,Secundario,Si,43.0,Si,Beca,86000,69.2,Computadora,22,6,2,59264,2,1,,1,5,No,0
L02306,DATA ANALYTICS,36,Otra,Terciario,Si,30.0,Si,Cuotas,447000,367.8,Celular,19,9,2,148286,0,1,,1,2,No,0
L02436,Marketing Digital,23,Buenos Aires,Terciario,No,0.0,Si,Cuotas,314000,251.7,Computadora,16,7,4,158987,6,2,8.6,2,4,No,0
L02090,Mkt Digital,40,CABA,Universitario,Si,41.0,No,Pago unico,282000,227.2,Computadora,6,4,3,0,1,1,7.5,4,3,No,0
L00203,Data Analytics,26,CABA,Universitario,No,0.0,No,Cuotas,449000,386.1,Computadora,18,2,0,56479,1,1,7.7,7,1,No,0
L00374,ux/ui,17,Otra,Posgrado,No,0.0,No,Beca,47000,39.9,Computadora,4,0,0,112036,0,1,,4,1,No,0
L02280,Producto Digital,28,Cordoba,Secundario,Si,27.0,No,Pago unico,308000,260.5,Computadora,18,1,8,158893,1,2,9.5,1,6,No,0
L00549,UX/UI,17,Otra,Universitario,No,0.0,No,Beca,115000,94.1,Celular,0,1,3,20574,0,1,,12,0,No,1
L00328,UX/UI,25,Santa Fe,Secundario,No,0.0,No,Cuotas,408000,339.5,Celular,1,4,1,55926,0,2,,11,1,Si,1
L00142,Programacion Web,23,CABA,Universitario,Si,33.0,No,Cuotas,487000,408.2,Computadora,9,5,2,107689,2,2,6.9,0,3,No,0
L02264,Python Inicial,32,Otra,Terciario,Si,29.0,No,Beca,31000,25.1,Celular,22,5,4,115827,2,1,5.1,1,1,No,0
L01760,ux/ui,42,Otra,Secundario,Si,29.0,Si,Cuotas,441000,367.4,Celular,23,7,3,91607,2,2,,3,6,No,0
L00730,UX/UI,33,Otra,Secundario,Si,28.0,No,Cuotas,417000,348.5,Computadora,19,1,2,48974,0,1,,1,2,No,0
L03111,Python Inicial,31,Cordoba,Terciario,No,0.0,No,Pago unico,222000,183.4,Computadora,5,4,3,99702,1,1,6.3,3,4,No,0
L01022,Python Inicial,26,Buenos Aires,Posgrado,No,0.0,No,Pago unico,224000,184.7,Celular,11,3,2,67798,1,0,7.1,7,0,No,1
L00529,Programacion Web,17,Buenos Aires,Terciario,No,0.0,No,Cuotas,487000,416.7,Computadora,16,3,1,90844,1,0,6.6,2,3,No,0
L01593,Data Analytics,33,Santa Fe,Universitario,Si,27.0,Si,Beca,94000,76.0,Tablet,0,8,4,155297,0,1,7.4,3,5,No,0
L01153,Mkt Digital,36,Cordoba,Secundario,Si,29.0,Si,Cuotas,349000,279.5,Celular,15,3,5,140826,2,2,,1,9,No,0
L01196,Python Inicial,20,CABA,Universitario,No,0.0,No,Beca,65000,52.8,Computadora,20,4,2,130883,4,2,7.5,0,0,No,0
L01854,Programacion Web,23,CABA,Terciario,No,0.0,No,Cuotas,500000,420.0,Computadora,7,5,6,108878,1,2,8.1,2,2,No,0
L01130,UX/UI,32,Buenos Aires,Terciario,No,0.0,No,Pago unico,368000,295.7,Computadora,0,13,6,106762,3,2,7.6,1,2,No,0
L01579,Programacion Web,17,CABA,Posgrado,No,0.0,No,Pago unico,437000,357.2,Celular,5,2,2,50608,1,1,6.6,12,0,No,1
L02605,Python Inicial,19,CABA,Universitario,Si,33.0,Si,Cuotas,276000,221.7,Computadora,16,5,8,127337,1,1,5.3,2,5,No,0
L01615,Python Inicial,17,CABA,Posgrado,No,0.0,No,Cuotas,291000,245.8,Computadora,21,3,1,62060,0,1,5.5,6,0,No,1
L00718,Marketing Digital,17,Santa Fe,Terciario,No,0.0,No,Pago unico,283000,237.9,Celular,16,7,4,164037,0,2,7.1,1,3,No,0
L01471,Marketing Digital,44,CABA,Universitario,No,0.0,No,Pago unico,266000,221.3,Computadora,0,5,0,160850,2,2,8.3,0,10,No,0
L01347,UX/UI,33,Buenos Aires,Universitario,Si,,No,Cuotas,410000,330.9,Computadora,16,4,2,65437,0,2,,0,0,Si,1
L00957,Python Inicial,58,Buenos Aires,Terciario,Si,33.0,No,Cuotas,273000,232.2,Computadora,8,2,0,125801,1,2,7.9,2,0,Si,1
L01944,Python Inicial,22,Cordoba,Universitario,No,0.0,No,Cuotas,268000,222.8,Computadora,22,8,7,126598,2,1,6.2,5,5,No,0
L00583,Data Analytics,22,CABA,Secundario,Si,43.0,No,Pago unico,396000,330.8,Computadora,23,3,4,34417,0,1,,4,1,No,0
L00979,Programacion Web,38,Otra,Terciario,No,0.0,No,Cuotas,488000,418.2,Computadora,12,5,5,12428,1,1,,3,3,No,0
L02622,Data Analytics,20,CABA,Universitario,No,0.0,Si,Cuotas,435000,357.0,Celular,15,4,0,73693,1,2,,6,7,No,0
L03042,Producto Digital,19,Buenos Aires,Universitario,Si,41.0,No,Pago unico,322000,276.0,Celular,18,5,9,108904,0,1,6.9,1,3,No,0
L01065,Marketing Digital,35,Santa Fe,Terciario,Si,37.0,No,Cuotas,340000,278.4,Celular,18,5,0,129716,2,2,9.2,2,4,No,0
L01571,Python Inicial,36,CABA,Terciario,Si,39.0,No,Cuotas,288000,231.2,Celular,13,0,1,0,1,0,7.7,11,0,Si,1
L01107,Programacion Web,17,CABA,Universitario,Si,37.0,Si,Pago unico,415000,352.1,Computadora,17,3,10,153659,1,2,7.8,1,7,No,0
L02166,Python Inicial,37,Otra,Terciario,Si,31.0,No,Cuotas,275000,229.9,Computadora,16,8,1,104271,1,1,4.5,0,5,No,0
L02923,Marketing Digital,31,Buenos Aires,Universitario,Si,50.0,No,Pago unico,284000,237.6,Celular,16,2,5,15118,1,1,4.4,6,1,No,0
L00930,UX/UI,25,Buenos Aires,Universitario,Si,46.0,Si,Cuotas,437000,365.6,Computadora,14,3,4,119962,1,2,8.3,9,0,Si,1
L01519,Data Analytics,30,Santa Fe,Terciario,No,0.0,Si,Pago unico,383000,309.1,Computadora,19,4,5,85221,0,1,,9,4,No,0
L01569,Marketing Digital,23,Otra,Terciario,No,0.0,No,Pago unico,293000,247.7,Celular,15,4,5,84363,1,1,5.2,8,0,Si,1
L00617,UX / UI,32,CABA,Universitario,No,0.0,No,Cuotas,391000,334.1,Celular,21,4,1,535,0,0,6.0,7,0,Si,1
L02064,Marketing Digital,27,Santa Fe,Terciario,Si,45.0,No,Cuotas,321000,278.4,Tablet,16,1,0,22604,1,1,6.6,4,0,No,0
L01076,Data Analytics,19,Buenos Aires,Posgrado,No,0.0,No,Cuotas,438000,366.5,Computadora,9,2,0,68727,1,2,,2,1,Si,1
L00058,Programacion Web,53,Buenos Aires,Universitario,Si,40.0,Si,Pago unico,417000,357.8,Computadora,18,2,2,41556,1,1,6.5,4,6,No,0
L00122,Producto Digital,38,CABA,Secundario,Si,41.0,No,Pago unico,335000,268.5,Computadora,9,0,1,121361,0,1,8.9,0,1,No,0
L02256,UX/UI,21,Otra,Secundario,No,0.0,No,Cuotas,441000,355.5,Computadora,2,0,2,56232,0,0,,1,0,No,1
L00235,UX/UI,29,Mendoza,Universitario,No,0.0,No,Pago unico,354000,305.9,Celular,8,4,4,156334,0,1,6.7,3,3,No,0
L00472,Marketing Digital,49,CABA,Terciario,Si,54.0,No,Pago unico,281000,241.5,Computadora,22,2,0,0,0,0,,14,0,Si,1
L02578,Marketing Digital,36,CABA,Universitario,Si,40.0,Si,Pago unico,294000,239.0,Computadora,7,2,2,155147,2,0,8.7,2,3,No,0
L02789,UX/UI,24,Cordoba,Universitario,No,0.0,No,Cuotas,400000,343.6,Computadora,13,6,4,144086,4,2,6.7,1,3,No,0
L02780,Data Analytics,17,Buenos Aires,Universitario,No,0.0,No,Pago unico,384000,321.5,Computadora,3,4,7,77809,0,2,8.6,5,3,No,0
L03198,Programacion Web,30,Buenos Aires,Universitario,No,0.0,No,Pago unico,435000,350.0,Computadora,0,6,8,145872,2,1,9.6,0,5,No,0
L02533,Marketing Digital,36,CABA,Terciario,No,0.0,No,Cuotas,333000,273.1,Computadora,0,7,10,133659,7,1,8.1,0,7,No,0
L02824,Python Inicial,20,Cordoba,Secundario,Si,30.0,No,Cuotas,294000,244.6,Tablet,21,8,2,69926,0,1,,4,4,No,0
L02158,Producto  Digital,39,Santa Fe,Secundario,Si,28.0,No,Pago unico,320000,273.2,Computadora,21,7,2,84615,2,0,5.2,1,3,No,0
L01725,Data Analytics,28,Cordoba,Universitario,Si,45.0,No,Pago unico,370000,305.3,Computadora,6,5,2,117405,0,1,6.0,1,2,No,0
L01485,UX/UI,29,Mendoza,Secundario,No,0.0,Si,Cuotas,418000,343.4,Tablet,15,2,3,125542,1,1,8.0,10,2,No,0
L01355,Programacion Web,26,CABA,Terciario,No,0.0,No,Cuotas,510000,411.0,Celular,22,4,2,52858,1,2,5.7,3,0,Si,1
L02315,Producto Digital,21,Santa Fe,Terciario,Si,38.0,No,Cuotas,405000,335.7,Celular,22,5,0,13793,0,0,4.7,3,0,No,0
L02075,Python Inicial,26,Buenos Aires,Terciario,Si,42.0,No,Pago unico,236000,191.8,Computadora,2,3,0,31649,1,0,,4,2,No,0
L02674,Marketing Digital,17,Buenos Aires,Terciario,No,0.0,No,Cuotas,340000,289.2,Computadora,6,1,1,115398,1,0,8.9,1,6,No,0
L00706,Programacion Web,40,Santa Fe,Terciario,Si,38.0,No,Pago unico,449000,361.7,Computadora,8,7,1,131644,2,0,7.8,1,1,No,0
L00984,Data analytics ,33,Buenos Aires,Posgrado,Si,38.0,Si,Cuotas,468000,385.8,Celular,13,3,2,27745,2,0,,1,1,No,0
L00194,Marketing Digital,30,CABA,Secundario,No,0.0,No,Beca,48000,40.2,Celular,8,4,4,69138,3,0,,2,0,No,1
L02495,Programacion Web,42,Buenos Aires,Universitario,Si,44.0,No,Cuotas,503000,411.9,Computadora,11,5,5,64599,1,2,5.8,1,5,No,0
L00231,Data Analytics,49,Cordoba,Universitario,No,0.0,Si,Beca,96000,82.4,Celular,8,2,5,80133,0,2,7.0,1,4,No,0
L01275,Producto Digital,38,CABA,Terciario,Si,30.0,No,Beca,65000,54.2,Computadora,16,0,7,120293,0,2,6.3,0,4,No,0
L01712,UX/UI,17,Santa Fe,Universitario,No,0.0,No,Cuotas,411000,353.3,Computadora,15,6,6,175089,3,2,7.0,0,3,No,0
L02573,Data Analytics,40,Mendoza,Terciario,No,0.0,No,Cuotas,442000,378.3,Computadora,16,4,1,106464,1,2,,1,3,No,0
L03185,Producto Digital,38,CABA,Terciario,Si,37.0,No,Cuotas,401000,330.0,Computadora,13,6,3,96697,2,0,7.4,1,0,No,0
L00820,Producto Digital,24,Buenos Aires,Universitario,No,0.0,No,Beca,45000,38.4,Celular,21,2,1,61864,1,0,,1,1,No,0
L00526,Marketing Digital,31,CABA,Universitario,Si,46.0,Si,Cuotas,336000,283.4,Computadora,16,3,3,71382,1,2,7.6,1,1,No,0
L02258,Programacion Web,26,CABA,Terciario,No,0.0,No,Cuotas,541000,442.3,Computadora,17,6,4,190736,2,2,7.7,4,6,No,0
L00027,Data Analytics,17,Buenos Aires,Secundario,No,0.0,Si,Beca,61000,50.3,Tablet,5,2,3,146981,1,2,7.7,0,4,No,0
L00120,UX/UI,42,Buenos Aires,Terciario,Si,51.0,No,Beca,49000,40.0,Computadora,3,2,2,14723,0,1,3.8,3,0,No,1
L01087,Programacion Web,31,Cordoba,Universitario,No,0.0,Si,Cuotas,522000,425.0,Computadora,11,5,4,84592,3,2,7.1,0,3,No,0
L00413,Producto Digital,19,CABA,Secundario,No,0.0,No,Pago unico,319000,265.1,Celular,4,3,1,42744,0,1,,0,3,No,0
L00107,Marketing Digital,18,Santa Fe,Posgrado,Si,,Si,Cuotas,345000,280.2,Celular,14,3,6,106632,3,2,8.9,1,2,No,0
L03045,Programacion Web,47,Cordoba,Universitario,Si,47.0,No,Cuotas,538000,443.4,Celular,17,4,1,147543,1,2,7.7,1,10,No,0
L00477,Python Inicial,19,Cordoba,Secundario,No,0.0,No,Cuotas,270000,230.0,Tablet,3,11,3,147500,2,1,7.7,3,4,No,0
L00935,Data Analytics,23,CABA,Secundario,No,0.0,Si,Pago unico,386000,320.4,Computadora,17,7,6,144439,5,2,7.1,0,6,No,0
L01094,Programacion Web,28,CABA,Universitario,No,0.0,Si,Pago unico,443000,375.6,Celular,20,3,6,135128,1,1,,11,3,No,0
L02836,Programacion Web,27,CABA,Universitario,Si,32.0,Si,Cuotas,546000,469.7,Tablet,13,3,5,90188,4,2,9.3,0,1,No,0
L02123,Python Inicial,24,Buenos Aires,Universitario,No,0.0,No,Pago unico,229000,197.7,Computadora,8,6,1,109293,3,2,4.4,1,9,No,0
L03083,Producto Digital,17,Cordoba,Universitario,No,0.0,No,Beca,79000,68.6,Computadora,7,2,0,0,0,0,,14,0,Si,1
L02073,Data Analytics,17,Cordoba,Terciario,No,0.0,No,Cuotas,472000,394.3,Computadora,1,5,3,150283,1,2,6.7,1,4,No,0
L02470,Marketing Digital,26,CABA,Secundario,No,0.0,No,Cuotas,320000,264.2,Computadora,19,6,5,117029,2,2,7.7,4,1,No,0
L00716,UX / UI,22,Santa Fe,Secundario,Si,36.0,No,Pago unico,341000,290.5,Computadora,18,9,12,226121,7,2,10.0,0,8,No,0
L02115,Python Inicial,46,CABA,Secundario,Si,47.0,No,Pago unico,222000,188.3,Tablet,18,0,3,33101,0,1,,1,2,No,0
L01586,Data Analytics,50,Cordoba,Terciario,Si,50.0,No,Pago unico,387000,331.2,Computadora,6,3,2,71518,0,1,5.2,1,1,No,0
L01029,Producto Digital,28,CABA,Posgrado,No,0.0,No,Cuotas,383000,310.6,Computadora,23,5,0,47333,5,1,6.0,0,5,No,0
L03163,UX-UI,38,Santa Fe,Posgrado,Si,39.0,No,Cuotas,425000,360.5,Celular,0,0,2,6721,1,0,5.4,14,0,Si,1
L00247,UX/UI,42,Buenos Aires,Universitario,Si,60.0,No,Cuotas,416000,352.3,Celular,22,5,3,76612,1,2,6.7,0,5,No,0
L02335,Producto Digital,50,Otra,Universitario,Si,38.0,Si,Pago unico,318000,263.0,Computadora,7,9,16,244113,3,2,10.0,0,8,No,0
L00123,Programacion Web,17,Otra,Secundario,No,0.0,No,Cuotas,489000,420.8,Computadora,19,1,2,94058,0,1,9.2,2,2,No,0
L01047,UX/UI,42,Buenos Aires,Universitario,Si,34.0,No,Pago unico,345000,281.6,Computadora,9,3,3,160545,2,2,,5,5,No,0
L02170,Data Analytics,29,Otra,Terciario,No,0.0,Si,Cuotas,480000,408.7,Computadora,0,9,3,130006,1,2,6.3,0,6,No,0
L00037,UX/UI,23,Buenos Aires,Posgrado,No,0.0,No,Cuotas,407000,339.3,Computadora,13,4,1,78038,1,1,6.2,2,1,No,0
L00408,Python Inicial,17,Santa Fe,Universitario,No,0.0,Si,Pago unico,240000,199.4,Computadora,17,0,3,113371,0,2,,0,3,No,0
L00795,Producto Digital,31,CABA,Universitario,Si,25.0,Si,Cuotas,374000,308.5,Celular,10,4,2,89433,0,1,8.9,1,5,No,0
L02238,Data Analytics,42,Buenos Aires,Universitario,Si,35.0,Si,Pago unico,361000,305.4,Computadora,4,3,6,61855,1,1,,3,4,No,0
L00147,Data Analytics,23,Buenos Aires,Universitario,No,0.0,No,Beca,115000,96.1,Computadora,6,7,2,75896,0,1,4.1,2,1,No,0
L00470,Programacion Web,50,Buenos Aires,Posgrado,Si,44.0,No,Pago unico,426000,352.0,Celular,10,3,7,110676,0,1,8.6,2,6,No,0
L02950,Producto Digital,25,Buenos Aires,Posgrado,No,0.0,No,Pago unico,336000,277.0,Computadora,23,3,3,131686,1,2,7.7,1,4,No,0
L03138,Data Analytics,38,CABA,Universitario,Si,45.0,No,Cuotas,467000,383.0,Computadora,16,3,2,131432,1,2,,1,0,No,1
L02764,DATA ANALYTICS,44,Cordoba,Secundario,Si,39.0,No,Pago unico,367000,310.2,Computadora,10,1,2,54960,2,0,3.8,14,0,Si,1
L02539,UX/UI,31,Buenos Aires,Terciario,Si,49.0,Si,Cuotas,395000,322.1,Computadora,14,3,0,45028,0,0,4.2,14,0,No,1
L00953,Prog. Web,27,Buenos Aires,Secundario,No,0.0,No,Pago unico,409000,333.0,Computadora,6,5,5,72265,0,2,7.3,1,5,No,0
L01080,Data Analytics,26,Buenos Aires,Universitario,No,0.0,Si,Beca,98000,84.5,Celular,5,6,4,87573,2,2,10.0,0,5,No,0
L00066,Producto Digital,17,Buenos Aires,Universitario,No,0.0,Si,Cuotas,374000,309.2,Computadora,14,4,2,73485,1,0,6.6,0,3,No,0
L00622,Python Inicial,28,Santa Fe,Terciario,Si,31.0,No,Cuotas,277000,227.8,Celular,15,3,3,61919,1,0,,14,0,Si,1
L02404,Python Inicial,3,Mendoza,Secundario,No,0.0,No,Cuotas,290000,236.3,Computadora,13,2,1,108505,2,1,6.8,10,2,Si,1
L02415,Producto Digital,31,Buenos Aires,Terciario,No,0.0,Si,Pago unico,307000,261.5,Celular,20,3,2,32596,3,1,,1,3,No,0
L00959,Programacion Web,31,Cordoba,Terciario,Si,44.0,No,Cuotas,504000,424.0,Celular,12,4,2,79136,0,0,,8,0,No,1
L02289,Marketing Digital,17,Otra,Universitario,Si,42.0,Si,Cuotas,339000,291.4,Computadora,15,4,0,496,0,0,5.6,7,2,No,0
L02808,Python Inicial,21,Buenos Aires,Secundario,No,0.0,Si,Cuotas,270000,232.4,Computadora,23,1,2,170779,8,2,7.3,0,7,No,0
L00030,Prog. Web,41,CABA,Universitario,Si,46.0,No,Cuotas,519000,434.6,Celular,7,4,5,98514,1,2,6.5,2,6,No,0
L02369,Marketing Digital,36,Cordoba,Universitario,No,0.0,No,Beca,61000,49.3,Computadora,19,3,1,57135,0,2,7.9,2,6,No,0
L01815,Programacion Web,48,Santa Fe,Universitario,Si,57.0,No,Beca,133000,110.5,Computadora,7,1,0,59699,0,1,4.2,7,0,Si,1
L00503,Producto Digital,32,Santa Fe,Terciario,Si,41.0,No,Cuotas,377000,304.3,Computadora,14,5,2,96863,1,0,,1,4,No,0
L00312,Python Inicial,49,Cordoba,Universitario,Si,36.0,No,Cuotas,271000,227.7,Celular,4,6,3,88829,1,1,7.1,1,8,No,0
L01990,Data Analytics,29,Otra,Secundario,No,0.0,Si,Cuotas,467000,397.6,Celular,17,6,2,148676,1,2,7.7,1,1,No,0
L02332,Marketing Digital,30,Mendoza,Posgrado,Si,35.0,No,Cuotas,310000,255.7,Computadora,7,11,4,102137,1,2,7.1,1,5,No,0
L02433,Data Analytics,24,Cordoba,Universitario,No,0.0,No,Cuotas,473000,379.3,Computadora,23,3,2,108612,1,2,5.8,0,2,No,0
L01550,Programacion Web,36,CABA,Universitario,Si,39.0,No,Pago unico,419000,344.7,Computadora,0,3,3,69789,2,0,7.2,3,2,No,0
L02929,Programacion Web,40,CABA,Terciario,Si,10.0,No,Cuotas,515000,423.7,Computadora,15,4,0,0,2,0,,14,0,Si,1
L00639,Data Analytics,17,Santa Fe,Terciario,No,0.0,Si,Cuotas,427000,364.2,Computadora,1,7,8,146545,4,2,9.0,1,3,No,0
L01228,Data Analytics,30,CABA,Universitario,No,0.0,No,Beca,21000,17.0,Celular,12,5,4,43937,2,1,,7,1,No,1
L02542,Marketing Digital,17,Otra,Terciario,No,0.0,Si,Cuotas,322000,267.7,Computadora,8,9,12,215190,1,2,7.9,1,4,No,0
L02152,Data Analytics,26,Otra,Secundario,No,0.0,No,Cuotas,462000,389.6,Celular,20,3,3,28565,1,0,8.2,2,1,No,0
L01627,Data Analytics,17,CABA,Universitario,Si,32.0,No,Pago unico,399000,332.0,Computadora,19,4,3,23420,2,1,,2,1,No,0
L00658,Producto Digital,34,CABA,Universitario,Si,38.0,No,Cuotas,389000,321.3,Celular,1,4,1,16022,1,1,7.3,14,0,No,1
L00854,Programacion Web,33,CABA,Secundario,Si,49.0,No,Cuotas,488000,417.1,Tablet,3,4,4,47502,0,1,,3,2,No,0
L02833,Producto Digital,21,Buenos Aires,Secundario,No,0.0,No,Cuotas,366000,308.5,Tablet,9,4,4,158779,0,2,8.9,4,4,No,0
L00130,UX-UI,24,Otra,Universitario,Si,42.0,Si,Cuotas,396000,338.6,Computadora,12,10,6,180952,3,2,6.6,6,4,No,0
L00647,Producto Digital,21,Buenos Aires,Universitario,No,0.0,Si,Beca,8000,6.6,Computadora,17,10,4,128285,4,2,8.3,2,6,No,0
L00140,Marketing Digital,21,Cordoba,Secundario,No,0.0,No,Beca,91000,75.6,Computadora,6,3,2,55817,0,1,,0,0,No,1
L01564,Marketing Digital,18,Santa Fe,Universitario,No,0.0,No,Pago unico,265000,215.2,Celular,19,1,2,15993,1,1,5.3,5,1,No,0
L02507,Marketing Digital,39,Buenos Aires,Secundario,Si,53.0,No,Cuotas,323000,269.3,Computadora,15,3,1,66165,0,2,,14,0,Si,1
L00532,Python Inicial,18,Cordoba,Universitario,No,0.0,No,Cuotas,262000,223.0,Computadora,21,2,3,79460,0,2,5.7,2,3,No,0
L01756,UX/UI,38,CABA,Terciario,Si,40.0,No,Cuotas,403000,331.3,Tablet,16,3,8,130637,2,2,8.8,2,5,No,0
L00034,Marketing Digital,27,CABA,Universitario,No,0.0,No,Beca,16000,13.2,Computadora,5,1,0,14663,0,1,,13,0,No,1
L00896,Python Inicial,24,Otra,Universitario,Si,42.0,No,Cuotas,260000,225.6,Computadora,4,4,4,149820,0,2,7.8,1,5,No,0
L02595,Marketing Digital,25,CABA,Secundario,No,0.0,No,Cuotas,315000,259.4,Computadora,18,4,2,60795,1,1,7.1,0,1,No,0
L01128,Producto Digital,19,CABA,Universitario,No,0.0,No,Beca,86000,71.0,Computadora,14,4,5,75487,2,2,5.7,2,5,No,0
L00584,Marketing Digital,21,CABA,Terciario,No,0.0,No,Cuotas,338000,283.0,Computadora,7,9,5,193904,1,2,5.1,0,3,No,0
L00160,Python Inicial,22,CABA,Universitario,Si,49.0,Si,Cuotas,266000,220.7,Computadora,12,4,2,85577,0,2,5.7,2,2,No,0
L01099,Python Inicial,33,CABA,Universitario,No,0.0,No,Cuotas,276000,234.6,Celular,2,6,5,108506,1,1,8.8,1,6,No,0
L01580,Programacion Web,55,Buenos Aires,Universitario,Si,29.0,No,Cuotas,506000,411.7,Celular,14,4,2,140958,1,0,6.8,2,1,No,0
L00132,Marketing Digital,35,CABA,Terciario,No,0.0,No,Pago unico,268000,216.1,Computadora,2,2,3,38098,0,1,6.7,0,1,No,0
L01978,Python Inicial,23,CABA,Posgrado,Si,41.0,No,Beca,16000,13.6,Computadora,2,6,1,95210,1,0,7.7,4,1,No,0
L00551,Producto Digital,58,Buenos Aires,Secundario,Si,52.0,No,Cuotas,362000,292.6,Computadora,18,3,2,97492,3,2,8.0,2,0,Si,1
L00856,Marketing Digital,32,Buenos Aires,Terciario,Si,40.0,No,Pago unico,281000,229.4,Celular,9,1,2,74090,1,0,6.4,2,1,No,0
L01668,Data Analytics,17,Buenos Aires,Universitario,No,0.0,Si,Beca,110000,91.0,Celular,5,3,4,73336,1,1,8.1,2,3,No,0
L01657,Data Analytics,19,Otra,Terciario,No,0.0,No,Pago unico,399000,329.1,Computadora,9,5,2,134964,0,2,5.6,4,5,No,0
L01393,Data Analytics,53,Cordoba,Universitario,Si,38.0,No,Cuotas,434000,349.9,Celular,0,2,3,136043,1,2,7.7,0,3,No,0
L01106,Marketing Digital,30,CABA,Universitario,Si,37.0,No,Cuotas,344000,294.2,Celular,22,3,2,120587,0,0,,5,1,No,1
L00986,Python Inicial,38,CABA,Terciario,No,0.0,No,Cuotas,279000,240.8,Computadora,2,4,5,81625,1,1,7.4,1,1,No,0
L00855,Programacion Web,29,CABA,Universitario,No,0.0,Si,Cuotas,534000,452.7,Celular,12,0,4,56391,0,0,,5,0,Si,1
L02597,Programacion Web,32,Mendoza,Secundario,No,0.0,No,Pago unico,438000,353.2,Computadora,9,1,2,27646,0,0,,2,2,No,0
L02901,Producto Digital,33,Santa Fe,Secundario,Si,39.0,Si,Cuotas,372000,322.0,Celular,5,3,5,42912,0,1,9.3,0,3,No,0
L00809,Producto Digital,21,Otra,Posgrado,Si,25.0,No,Cuotas,375000,305.3,Computadora,7,5,3,141147,1,2,,1,2,No,0
L01734,Python Inicial,35,CABA,Terciario,No,0.0,No,Beca,19000,15.9,Tablet,12,5,4,64004,0,1,5.6,2,4,No,0
L00044,Marketing Digital,52,Otra,Secundario,Si,41.0,No,Cuotas,328000,263.5,Computadora,17,6,5,138965,3,2,6.9,2,3,No,0
L01058,Marketing Digital,31,Otra,Universitario,No,0.0,No,Beca,37000,30.5,Celular,16,4,2,80238,1,2,4.4,2,4,No,0
L01322,Producto Digital,27,Buenos Aires,Universitario,Si,47.0,No,Pago unico,311000,259.2,Celular,9,6,4,75859,1,2,,6,0,No,1
L02481,UX/UI,23,CABA,Universitario,Si,41.0,No,Pago unico,337000,271.8,Computadora,18,7,1,52145,0,2,,14,0,Si,1
L02752,Producto Digital,35,Buenos Aires,Terciario,Si,34.0,Si,Pago unico,331000,265.0,Computadora,3,1,0,49887,1,0,,2,3,No,0
L01770,Producto Digital,41,CABA,Terciario,No,0.0,Si,Cuotas,391000,323.9,Computadora,20,1,0,31698,0,1,7.4,11,3,No,0
L02102,UX/UI,33,Buenos Aires,Terciario,Si,27.0,Si,Cuotas,435000,369.7,Computadora,5,8,6,159718,0,2,8.8,1,7,No,0
L01329,Marketing Digital,17,CABA,Universitario,Si,41.0,No,Beca,39000,32.5,Computadora,5,3,1,22312,1,0,,1,0,Si,1
L03014,Data Analytics,17,CABA,Secundario,No,0.0,Si,Cuotas,458000,378.2,Computadora,15,6,2,153528,3,2,6.7,5,6,No,0
L02352,Data Analytics,22,Buenos Aires,Secundario,No,0.0,Si,Cuotas,430000,349.0,Tablet,12,7,8,209072,6,2,7.9,0,8,No,0
L01161,Prog. Web,21,Mendoza,Secundario,No,0.0,Si,Cuotas,540000,448.1,Computadora,1,8,3,103557,4,2,8.0,2,3,No,0
L01387,Programacion Web,40,Buenos Aires,Secundario,Si,38.0,Si,Beca,65000,55.6,Computadora,23,5,0,0,0,0,,10,0,Si,1
L02357,Producto Digital,41,CABA,Terciario,Si,46.0,No,Beca,97000,84.2,Celular,2,2,4,98588,1,1,5.3,3,0,Si,1
L01192,Programacion Web,19,Cordoba,Posgrado,No,0.0,No,Pago unico,428000,344.7,Celular,11,4,0,77038,1,2,8.4,1,3,No,0
L00813,Producto Digital,30,Otra,Posgrado,Si,42.0,Si,Pago unico,315000,252.1,Celular,6,3,1,84542,1,0,6.7,14,2,No,0
L00657,Producto Digital,25,Mendoza,Posgrado,No,0.0,No,Cuotas,361000,299.8,Computadora,4,4,2,111237,1,2,,2,6,No,0
L03027,Prog. Web,25,CABA,Universitario,No,0.0,No,Beca,30000,24.1,Computadora,2,3,6,166691,0,2,9.4,1,6,No,0
L02132,Producto Digital,22,Otra,Universitario,No,0.0,No,Cuotas,374000,304.1,Computadora,15,3,1,23459,2,2,,2,3,No,0
L02822,Programacion Web,18,CABA,Terciario,No,0.0,No,Cuotas,544000,461.7,Celular,16,5,2,48574,2,0,,3,1,No,0
L00392,Programacion Web,32,CABA,Secundario,Si,23.0,No,Beca,12000,9.9,Computadora,5,6,5,135228,3,1,8.5,2,6,No,0
L00237,Programacion Web,29,Cordoba,Terciario,No,0.0,No,Beca,117000,98.4,Tablet,18,5,1,95653,1,0,7.2,5,2,No,0
L01184,UX/UI,23,Buenos Aires,Universitario,Si,34.0,No,Cuotas,422000,346.6,Computadora,15,5,4,114840,4,1,6.6,0,8,No,0
L01461,UX/UI,34,Buenos Aires,Terciario,No,0.0,Si,Pago unico,352000,292.2,Computadora,19,8,8,177213,5,2,9.1,2,6,No,0
L00944,Data Analytics,27,CABA,Terciario,No,0.0,Si,Beca,65000,56.1,Computadora,0,8,5,147217,3,1,8.1,0,5,No,0
L00447,Python Inicial,34,Otra,Terciario,No,0.0,Si,Pago unico,223000,193.0,Computadora,21,5,1,104968,2,1,7.7,0,6,No,0
L02314,UX/UI,40,Buenos Aires,Universitario,Si,33.0,No,Beca,27000,22.1,Computadora,11,3,3,80749,0,2,7.8,2,2,No,0
L01609,Data Analytics,30,Cordoba,Terciario,No,0.0,Si,Pago unico,393000,339.8,Computadora,14,4,3,109787,1,1,5.8,0,1,No,0
L00009,Marketing Digital,21,CABA,Secundario,Si,30.0,No,Cuotas,315000,263.4,Celular,1,6,2,87671,0,0,7.5,9,3,No,0
L02889,Programacion Web,29,Cordoba,Terciario,No,0.0,Si,Pago unico,421000,362.1,Computadora,2,7,0,59919,2,1,,1,2,No,0
L02531,Data Analytics,25,Santa Fe,Secundario,No,0.0,No,Beca,50000,40.7,Computadora,10,2,0,69020,0,2,6.3,0,4,No,0
L00568,Marketing Digital,37,Buenos Aires,Secundario,No,0.0,No,Beca,63000,53.1,Computadora,20,8,5,174283,3,2,7.3,1,8,No,0
L01687,Python Inicial,20,Santa Fe,Secundario,Si,,No,Cuotas,264000,225.7,Computadora,8,2,5,113754,1,0,4.5,0,2,No,0
L01743,Marketing Digital,30,CABA,Universitario,No,0.0,No,Pago unico,287000,237.6,Celular,4,3,5,91954,2,2,7.1,1,2,No,0
L00618,Python Inicial,36,CABA,Terciario,Si,52.0,No,Cuotas,287000,234.6,Tablet,2,1,1,29906,2,0,4.8,1,0,Si,1
L02798,Python Inicial,17,CABA,Terciario,Si,38.0,Si,Beca,39000,32.8,Celular,19,2,3,69449,0,1,5.7,1,1,Si,1
L02000,Python Inicial,37,Cordoba,Secundario,Si,39.0,No,Cuotas,268000,215.4,Celular,18,2,2,113516,1,1,,1,4,No,0
L00884,Python Inicial,33,Otra,Secundario,No,0.0,Si,Beca,17000,14.1,Tablet,12,3,0,12999,0,1,6.6,2,1,No,0
L01034,Marketing Digital,31,Buenos Aires,Posgrado,No,0.0,No,Pago unico,285000,238.9,Computadora,12,9,8,155280,2,2,7.1,2,2,No,0
L02598,UX/UI,46,CABA,Secundario,Si,37.0,No,Beca,84000,68.0,Celular,11,2,1,46487,1,1,8.7,10,0,Si,1
L01209,Programacion Web,42,Otra,Terciario,Si,50.0,No,Cuotas,505000,434.8,Computadora,2,6,4,137120,1,2,6.4,4,1,No,0
L01888,Programacion Web,28,Cordoba,Secundario,No,0.0,No,Cuotas,508000,409.4,Celular,5,4,2,168133,2,1,6.1,2,3,No,0
L00484,UX-UI,26,Buenos Aires,Universitario,No,0.0,No,Pago unico,344000,295.7,Computadora,18,4,3,36456,1,0,8.1,3,2,No,0
L01592,UX/UI,32,CABA,Universitario,Si,36.0,No,Cuotas,435000,350.5,Celular,5,5,2,77505,2,1,,8,0,No,1
L01307,Programacion Web,32,CABA,Secundario,Si,49.0,No,Cuotas,519000,450.3,Computadora,21,5,1,21552,1,0,4.3,4,0,No,1
L02051,Data Analytics,39,Otra,Universitario,Si,43.0,Si,Cuotas,467000,401.8,Celular,20,0,2,31619,0,0,,10,0,No,0
L01062,Python Inicial,36,Cordoba,Universitario,Si,33.0,No,Cuotas,295000,237.6,Celular,14,8,2,86519,4,1,,3,3,No,0
L00222,UX/UI,22,CABA,Terciario,Si,45.0,No,Cuotas,420000,361.6,Tablet,1,5,2,42639,1,1,9.5,1,1,No,0
L00046,UX/UI,26,Mendoza,Secundario,No,0.0,Si,Cuotas,396000,317.4,Celular,14,3,2,36619,4,2,,10,0,No,1
L00215,Data Analytics,30,CABA,Terciario,No,0.0,No,Cuotas,478000,408.5,Celular,17,8,3,83256,0,2,5.8,8,0,No,1
L00667,Programacion Web,31,CABA,Universitario,No,0.0,No,Cuotas,499000,401.1,Computadora,23,5,3,192498,5,1,9.0,0,7,No,0
L01443,Data Analytics,17,Santa Fe,Universitario,Si,31.0,Si,Pago unico,378000,311.4,Tablet,19,0,3,17643,1,2,6.5,1,1,No,0
L02122,Programacion Web,50,Mendoza,Terciario,Si,48.0,No,Cuotas,536000,444.0,Computadora,14,2,3,98947,2,2,,1,0,Si,1
L02441,Data Analytics,23,CABA,Posgrado,No,0.0,Si,Cuotas,447000,385.9,Computadora,5,6,1,141112,1,2,8.2,1,5,No,0
L01112,Python Inicial,39,CABA,Secundario,No,0.0,No,Cuotas,285000,245.2,Computadora,1,3,3,96058,1,1,,2,2,No,0
L02632,Producto Digital,32,Buenos Aires,Secundario,No,0.0,No,Cuotas,400000,342.5,Computadora,23,3,3,58000,0,1,7.7,8,0,No,1
L00661,UX/UI,39,Buenos Aires,Terciario,Si,34.0,No,Beca,27000,22.1,Computadora,22,1,2,71338,1,1,,5,0,Si,1
L02328,Producto Digital,45,CABA,Universitario,Si,37.0,No,Beca,7000,6.0,Computadora,19,2,3,96586,2,1,8.4,1,2,No,0
L01429,Python Inicial,22,CABA,Secundario,No,0.0,No,Cuotas,297000,240.9,Tablet,4,0,3,118411,4,1,7.0,5,4,No,0
L02438,Programacion Web,31,Buenos Aires,Terciario,No,0.0,Si,Pago unico,410000,355.8,Computadora,11,3,7,129775,3,2,9.9,0,10,No,0
L01865,Producto Digital,36,Cordoba,Universitario,Si,34.0,No,Cuotas,410000,328.8,Celular,0,9,2,137975,0,2,7.9,1,4,No,0
L01617,Programacion Web,28,CABA,Terciario,No,0.0,Si,Pago unico,412000,347.8,Celular,23,8,5,135902,3,1,8.7,1,6,No,0
L03044,Producto Digital,44,Cordoba,Terciario,Si,46.0,Si,Beca,24000,19.6,Celular,8,4,5,97171,2,2,8.7,1,4,No,0
L00466,Data Analytics,34,Buenos Aires,Secundario,Si,53.0,Si,Cuotas,468000,393.2,Computadora,17,1,2,15179,0,1,7.1,1,4,No,0
L02012,python inicial,26,Santa Fe,Universitario,No,0.0,No,Cuotas,279000,232.2,Celular,11,1,1,55604,0,1,5.4,14,0,No,0
L02058,Data Analytics,36,CABA,Terciario,Si,29.0,Si,Pago unico,361000,299.5,Celular,23,8,5,147681,0,2,5.8,1,7,No,0
L01073,Data Analytics,41,CABA,Terciario,Si,44.0,No,Cuotas,454000,370.0,Celular,22,3,1,98405,1,2,5.7,2,1,No,0
L00806,UX/UI,23,Santa Fe,Posgrado,No,0.0,No,Cuotas,401000,328.4,Computadora,16,9,6,187056,5,1,9.8,0,3,No,0
L01877,Programacion Web,30,Buenos Aires,Secundario,Si,45.0,Si,Pago unico,442000,379.2,Tablet,5,2,1,73472,1,2,5.7,4,2,No,0
L01131,Python Inicial,31,Otra,Universitario,No,0.0,No,Pago unico,228000,191.3,Celular,9,2,4,76836,0,0,7.6,7,0,No,1
L01233,Data Analytics,39,CABA,Universitario,No,0.0,No,Beca,52000,42.7,Tablet,18,5,6,153932,1,2,7.5,1,5,No,0
L02254,UX/UI,21,Mendoza,Terciario,Si,32.0,No,Cuotas,399000,334.0,Computadora,4,5,6,77489,1,2,6.5,3,2,No,0
L01474,Data Analytics,64,Cordoba,Terciario,Si,37.0,No,Beca,39000,31.9,Celular,2,2,5,139073,0,2,8.3,1,4,No,0
L01360,Python Inicial,30,Buenos Aires,Universitario,Si,46.0,Si,Pago unico,228000,197.4,Celular,16,3,4,152845,2,1,5.2,1,4,No,0
L02730,Programacion Web,26,Buenos Aires,Terciario,No,0.0,No,Beca,38000,32.1,Computadora,8,3,2,145307,2,2,7.9,1,8,No,0
L00642,Programacion Web,23,Cordoba,Universitario,Si,18.0,No,Pago unico,422000,358.0,Computadora,12,5,6,107306,5,2,,1,0,No,1
L01827,Marketing Digital,35,Mendoza,Posgrado,Si,35.0,Si,Pago unico,266000,224.0,Celular,0,9,7,143228,6,2,8.9,1,8,No,0
L01288,Programacion Web,32,Otra,Universitario,No,0.0,No,Cuotas,523000,441.3,Celular,22,5,2,122604,3,2,8.8,1,2,No,0
L02872,Programacion Web,26,Buenos Aires,Universitario,No,0.0,No,Cuotas,526000,430.5,Computadora,8,2,3,18107,3,1,6.0,2,1,No,0
L01851,Python Inicial,32,Buenos Aires,Secundario,Si,31.0,No,Beca,66000,56.4,Computadora,21,3,4,29110,2,0,3.8,2,0,Si,1
L03128,Marketing Digital,29,Santa Fe,Terciario,Si,36.0,No,Pago unico,279000,225.0,Computadora,0,2,4,103624,1,2,7.3,1,3,No,0
L02547,Data Analytics,48,CABA,Universitario,Si,45.0,Si,Cuotas,452000,366.7,Computadora,11,5,1,147813,0,2,6.4,2,8,No,0
L00117,Data Analytics,32,CABA,Universitario,Si,47.0,Si,Cuotas,458000,368.0,Computadora,18,7,6,123962,2,2,6.4,0,4,No,0
L00430,Producto Digital,22,Cordoba,Secundario,No,0.0,No,Beca,105000,89.4,Computadora,15,2,3,168514,1,2,8.4,2,5,No,0
L00574,Marketing Digital,17,Buenos Aires,Terciario,No,0.0,No,Cuotas,334000,285.1,Tablet,22,3,2,146347,3,2,6.0,3,7,No,0
L03199,Marketing Digital,38,CABA,Terciario,No,0.0,Si,Cuotas,313000,253.4,Computadora,12,2,3,60429,1,1,5.7,1,2,No,0
L02114,Data Analytics,43,Buenos Aires,Universitario,No,0.0,No,Cuotas,435000,369.3,Celular,16,2,3,5562,0,0,6.0,10,1,Si,1
L00456,Data Analytics,24,CABA,Terciario,No,0.0,No,Cuotas,471000,386.6,Computadora,19,9,5,144682,1,1,8.3,1,3,No,0
L00591,UX/UI,35,Otra,Universitario,Si,47.0,Si,Cuotas,407000,326.7,Computadora,22,3,3,105384,1,2,7.1,1,2,No,0
L00520,Data Analytics,28,CABA,Terciario,Si,43.0,No,Cuotas,468000,394.5,Tablet,9,1,1,27857,1,1,,8,0,No,1
L02652,Programacion Web,17,CABA,Universitario,Si,36.0,No,Pago unico,408000,337.3,Tablet,20,10,10,131243,1,2,9.1,0,5,No,0
L00397,Programacion Web,58,Buenos Aires,Terciario,Si,46.0,Si,Cuotas,516000,415.0,Computadora,5,6,4,150185,2,1,8.7,1,4,No,0
L00560,ux/ui,30,CABA,Universitario,Si,39.0,No,Cuotas,417000,340.3,Celular,5,2,4,90662,1,1,6.8,3,2,No,0
L00443,Python Inicial,22,Buenos Aires,Universitario,Si,25.0,Si,Cuotas,270000,220.0,Celular,17,6,8,157737,2,2,7.4,0,10,No,0
L03119,Python Inicial,28,Buenos Aires,Terciario,No,0.0,Si,Cuotas,271000,234.9,Computadora,19,2,4,146734,1,1,6.5,1,0,No,0
L00749,ux/ui,41,CABA,Terciario,Si,36.0,No,Pago unico,354000,294.3,Computadora,3,6,11,156611,1,2,6.7,1,7,No,0
L02224,Programacion Web,19,Santa Fe,Terciario,No,0.0,No,Cuotas,486000,420.7,Computadora,3,2,1,193844,0,2,,1,5,No,0
L00398,Python inicial,19,Buenos Aires,Secundario,Si,38.0,Si,Beca,9000,7.4,Celular,18,5,3,4025,1,0,,3,0,Si,1
L00094,Python Inicial,18,Buenos Aires,Universitario,No,0.0,Si,Cuotas,290000,232.4,Computadora,3,9,1,110931,2,2,8.1,1,0,No,0
L03055,UX/UI,28,Buenos Aires,Universitario,No,0.0,No,Beca,109000,88.2,Computadora,21,1,1,63401,2,2,8.0,0,7,No,0
L01344,UX / UI,34,Otra,Universitario,No,0.0,No,Pago unico,367000,301.6,Computadora,23,7,2,97926,2,1,6.8,1,3,No,0
L00956,Data Analytics,22,Otra,Universitario,No,0.0,No,Pago unico,361000,295.5,Celular,0,4,1,28722,2,1,5.4,2,1,No,0
L01522,Data Analytics,33,Otra,Terciario,No,0.0,No,Cuotas,480000,402.5,Computadora,16,3,1,92344,0,2,7.3,5,6,No,0
L02809,Producto Digital,25,Cordoba,Universitario,Si,43.0,Si,Beca,48000,39.7,Tablet,2,2,5,80843,0,1,8.7,0,7,No,0
L00125,Programacion Web,36,Cordoba,Universitario,Si,50.0,Si,Pago unico,409000,343.0,Computadora,10,2,4,84199,1,2,6.8,4,0,No,0
L01059,Data Analytics,37,Buenos Aires,Universitario,Si,43.0,Si,Pago unico,360000,296.6,Computadora,20,1,6,17360,1,0,,4,3,No,0
L01253,Python Inicial,30,CABA,Terciario,Si,45.0,Si,Pago unico,242000,201.5,Computadora,23,2,4,75063,0,0,,5,1,No,0
L01375,Programacion Web,29,CABA,Secundario,Si,48.0,Si,Cuotas,499000,432.7,Celular,17,5,5,104041,1,2,8.8,1,1,No,0
L00321,Python Inicial,26,Cordoba,Secundario,Si,40.0,Si,Cuotas,284000,231.8,Computadora,15,3,0,26045,2,1,,10,0,Si,1
L00364,Python Inicial,17,CABA,Secundario,Si,26.0,No,Cuotas,282000,239.5,Computadora,15,3,4,157406,1,2,7.3,2,8,No,0
L00449,Mkt Digital,20,CABA,Terciario,No,0.0,No,Cuotas,340000,286.1,Celular,11,3,3,56953,0,1,,5,3,No,0
L01134,Python Inicial,28,CABA,Terciario,No,0.0,No,Beca,76000,63.0,Computadora,2,4,1,9747,1,0,,4,0,Si,1
L01377,Marketing Digital,22,CABA,Secundario,No,0.0,Si,Pago unico,292000,243.1,Computadora,16,8,7,159219,2,2,9.2,0,4,No,0
L01055,Programacion Web,27,Buenos Aires,Universitario,Si,35.0,No,Beca,126000,101.6,Celular,23,4,4,110681,2,2,8.6,4,5,No,0
L02796,Programacion Web,21,Buenos Aires,Universitario,No,0.0,No,Beca,7000,6.1,Computadora,3,3,3,38535,0,1,4.5,5,3,No,0
L01081,Producto Digital,28,CABA,Terciario,No,0.0,Si,Cuotas,398000,325.7,Computadora,13,8,6,102741,3,2,5.6,1,8,No,0
L01298,Python Inicial,37,CABA,Secundario,No,0.0,No,Beca,41000,34.3,Computadora,7,7,8,142032,1,2,8.2,0,10,No,0
L01176,Data Analytics,40,Otra,Terciario,Si,32.0,No,Beca,102000,88.3,Celular,12,6,4,93391,2,2,4.7,1,0,Si,1
L03173,Marketing Digital,24,CABA,Terciario,No,0.0,No,Pago unico,269000,222.8,Celular,22,6,7,106123,4,1,6.6,1,4,No,0
L02602,Marketing Digital,36,CABA,Secundario,Si,39.0,Si,Cuotas,333000,278.2,Computadora,1,2,7,108129,0,2,,0,3,No,0
L00717,Python Inicial,54,CABA,Terciario,No,0.0,Si,Cuotas,299000,254.1,Computadora,14,6,6,160070,2,2,8.1,1,8,No,0
L00480,Python Inicial,37,CABA,Terciario,Si,38.0,No,Cuotas,296000,247.2,Tablet,1,4,2,117456,2,1,6.1,1,4,No,0
L01409,UX/UI,28,CABA,Secundario,Si,43.0,No,Pago unico,357000,292.5,Computadora,1,6,6,86539,2,1,7.0,5,1,No,0
L02281,Data Analytics,31,Buenos Aires,Terciario,Si,49.0,No,Cuotas,470000,381.6,Computadora,0,3,3,129813,0,2,7.6,8,3,No,0
L00998,Programacion Web,17,Mendoza,Terciario,No,0.0,Si,Cuotas,535000,450.6,Computadora,11,3,2,48675,3,1,5.0,2,2,No,0
L02728,Prog. Web,17,Santa Fe,Secundario,No,0.0,No,Beca,100000,86.9,Celular,19,4,3,0,2,0,,14,0,No,1
L01358,Programacion Web,28,Buenos Aires,Terciario,Si,40.0,Si,Pago unico,433000,373.7,Tablet,8,3,3,110522,1,2,7.2,3,2,No,0
L03028,Python Inicial,28,Santa Fe,Universitario,No,0.0,Si,Pago unico,222000,181.6,Celular,17,1,4,170739,2,1,8.4,3,5,No,0
L01453,UX-UI,31,Santa Fe,Terciario,Si,32.0,Si,Cuotas,427000,361.3,Celular,7,6,7,164556,3,2,6.7,999,7,No,0
L01625,Producto Digital,35,Cordoba,Universitario,No,0.0,No,Pago unico,313000,260.4,Computadora,23,9,4,185891,1,1,7.3,0,8,No,0
L00575,Programacion Web,22,Buenos Aires,Universitario,No,0.0,Si,Pago unico,438000,371.3,Computadora,21,5,8,176799,0,2,6.6,0,4,No,0
L01336,Marketing Digital,33,Otra,Universitario,Si,54.0,No,Cuotas,333000,277.2,Computadora,15,6,2,77997,1,1,,2,3,No,0
L00414,Marketing Digital,32,CABA,Universitario,Si,31.0,Si,Cuotas,328000,275.7,Computadora,0,3,3,104779,1,1,,0,4,No,0
L01957,Programacion Web,34,CABA,Universitario,Si,21.0,Si,Cuotas,488000,393.0,Computadora,11,2,4,113571,0,2,6.5,1,3,No,0
L02667,Programacion Web,40,Mendoza,Terciario,No,0.0,Si,Pago unico,451000,370.3,Computadora,20,10,8,203233,7,2,6.9,0,7,No,0
L02554,Prog. Web,24,Buenos Aires,Terciario,Si,58.0,Si,Pago unico,447000,378.8,Computadora,15,6,3,105081,1,2,7.4,1,3,No,0
L00895,Python Inicial,24,CABA,Universitario,No,0.0,Si,Pago unico,234000,191.1,Celular,17,7,4,89413,1,2,6.7,2,4,No,0
L02670,Programacion Web,25,CABA,Posgrado,No,0.0,Si,Pago unico,423000,352.9,Computadora,11,4,2,47127,3,0,6.6,14,0,No,0
L02362,Python Inicial,46,Buenos Aires,Secundario,Si,30.0,No,Pago unico,246000,208.6,Celular,16,3,2,64985,1,2,,2,1,No,0
L02169,Programación Web,38,CABA,Posgrado,No,0.0,No,Beca,72000,60.5,Computadora,14,1,3,110292,1,1,6.1,14,0,Si,1
L01105,Python Inicial,27,Buenos Aires,Universitario,No,0.0,No,Cuotas,278000,233.8,Computadora,10,4,1,78356,2,0,,0,0,No,0
L02512,Producto Digital,48,CABA,Posgrado,Si,53.0,No,Cuotas,410000,348.3,Computadora,21,3,2,98149,0,1,9.2,3,2,No,0
L00389,Marketing Digital,31,CABA,Terciario,No,0.0,No,Pago unico,288000,245.1,Celular,4,5,6,93051,1,1,,2,1,No,0
L00863,Data Analytics,25,CABA,Terciario,No,0.0,No,Cuotas,430000,345.8,Computadora,17,7,6,124796,1,2,5.9,0,1,No,0
L02883,Data Analytics,27,CABA,Universitario,Si,36.0,No,Cuotas,466000,373.0,Computadora,11,4,4,97196,1,2,9.0,4,6,No,0
L01660,Programacion Web,36,CABA,Secundario,Si,27.0,Si,Cuotas,547000,467.1,Computadora,14,7,3,146373,0,2,7.0,1,4,No,0
L01011,Marketing Digital,17,Buenos Aires,Terciario,No,0.0,No,Cuotas,324000,267.1,Celular,7,4,2,43797,0,0,7.6,5,0,No,0
L01115,Python Inicial,32,Santa Fe,Secundario,Si,28.0,No,Pago unico,245000,203.2,Computadora,11,4,3,112403,3,1,8.6,2,7,No,0
L02676,Producto Digital,34,Santa Fe,Universitario,Si,43.0,No,Pago unico,321000,261.8,Computadora,9,1,3,62114,1,1,5.2,1,4,No,0
L02368,Data Analytics,42,CABA,Posgrado,No,0.0,No,Cuotas,459000,373.4,Computadora,1,6,7,48248,0,1,,1,1,No,0
L01968,Programacion Web,31,CABA,Secundario,Si,26.0,No,Cuotas,521000,422.3,Computadora,8,4,1,155023,0,0,8.2,3,5,No,0
L00363,Python Inicial,31,CABA,Universitario,Si,34.0,No,Pago unico,236000,196.4,Celular,15,2,3,71553,0,1,8.4,3,3,No,0
L02076,Mkt Digital,32,CABA,Secundario,No,0.0,No,Cuotas,320000,272.6,Celular,7,2,1,0,0,0,,3,1,No,0
L00017,UX/UI,22,Cordoba,Secundario,Si,28.0,Si,Cuotas,439000,371.5,Computadora,12,3,2,82847,1,1,4.4,2,5,No,0
L02323,Data Analytics,37,CABA,Secundario,Si,46.0,Si,Pago unico,385000,332.9,Celular,1,2,0,0,1,0,,8,0,No,1
L01981,Producto Digital,29,Buenos Aires,Posgrado,No,0.0,No,Pago unico,324000,264.2,Computadora,20,1,3,5548,0,1,,0,0,No,0
L03114,Marketing Digital,27,CABA,Universitario,Si,32.0,Si,Cuotas,334000,281.8,Celular,16,3,1,24773,1,1,5.8,4,1,Si,1
L01480,Data Analytics,25,CABA,Secundario,Si,20.0,No,Beca,31000,25.4,Computadora,18,1,0,48454,1,1,6.8,4,2,No,0
L02982,Marketing Digital,41,Buenos Aires,Universitario,Si,32.0,No,Cuotas,350000,286.3,Computadora,10,4,4,168901,2,2,9.3,0,5,No,0
L02297,Python Inicial,34,Buenos Aires,Secundario,No,0.0,No,Cuotas,284000,230.1,Celular,10,3,3,36399,0,2,5.5,2,3,No,0
L00417,Python Inicial,17,Cordoba,Terciario,No,0.0,No,Cuotas,284000,227.5,Computadora,14,3,3,107370,5,2,9.2,1,3,No,0
L01648,Marketing Digital,31,Buenos Aires,Secundario,Si,45.0,No,Cuotas,316000,265.3,Computadora,23,3,8,93524,3,1,9.3,2,10,No,0
L00381,Data Analytics,36,CABA,Terciario,Si,46.0,No,Cuotas,476000,401.5,Celular,4,3,2,23555,0,1,,1,0,Si,1
L00615,Python Inicial,21,Otra,Universitario,Si,,No,Cuotas,275000,237.3,Computadora,7,2,0,931,0,1,,14,0,Si,1
L01762,Producto Digital,18,Buenos Aires,Terciario,Si,,No,Beca,59000,47.5,Tablet,5,6,4,127510,2,2,5.9,1,6,No,0
L02108,Prog. Web,45,Cordoba,Universitario,Si,51.0,Si,Pago unico,442000,377.4,Computadora,2,5,5,109555,0,2,7.4,0,11,No,0
L00546,UX/UI,39,Buenos Aires,Secundario,Si,46.0,No,Pago unico,335000,274.6,Computadora,15,6,4,165544,1,1,,2,5,No,0
L03017,Programacion Web,17,CABA,Terciario,Si,31.0,No,Beca,11000,9.5,Computadora,17,3,0,86859,0,1,2.5,0,1,No,1
L01389,Producto Digital,19,Buenos Aires,Posgrado,No,0.0,Si,Cuotas,402000,349.5,Computadora,20,2,5,68981,2,2,7.5,2,3,No,0
L01197,Programacion Web,38,Buenos Aires,Universitario,Si,27.0,Si,Cuotas,505000,407.4,Computadora,16,8,9,175925,4,2,9.2,1,3,No,0
L01967,Programacion Web,29,CABA,Terciario,Si,24.0,No,Cuotas,538000,432.3,Computadora,6,2,3,0,0,0,5.3,14,0,Si,1
L01853,Marketing Digital,21,CABA,Secundario,No,0.0,Si,Cuotas,342000,296.6,Celular,22,8,5,198757,3,2,6.8,0,13,No,0
L02649,UX/UI,18,Santa Fe,Posgrado,No,0.0,No,Cuotas,427000,356.3,Celular,2,8,3,91912,0,0,7.4,8,5,No,0
L02193,Producto Digital,34,CABA,Terciario,Si,36.0,Si,Beca,107000,85.9,Tablet,7,4,3,126364,2,2,8.9,999,2,No,0
L00760,Python Inicial,29,Cordoba,Secundario,No,0.0,No,Cuotas,297000,245.4,Computadora,10,3,0,125963,0,1,5.1,1,2,No,0
L01243,Producto Digital,30,Buenos Aires,Universitario,No,0.0,Si,Beca,95000,77.7,Celular,5,5,2,94613,1,2,,1,2,No,0
L00325,UX/UI,28,Buenos Aires,Posgrado,No,0.0,No,Beca,59000,49.8,Computadora,9,3,2,102369,1,1,8.4,2,4,No,0
L00001,Data Analytics,29,Otra,Posgrado,Si,33.0,No,Cuotas,429000,365.3,Computadora,15,8,4,89543,1,0,,10,1,No,0
L03022,UX/UI,21,CABA,Secundario,Si,36.0,No,Cuotas,398000,340.3,Computadora,21,7,4,89183,0,2,6.4,2,6,No,0
L03058,Marketing Digital,20,Santa Fe,Universitario,No,0.0,No,Beca,26000,21.9,Computadora,4,4,4,41603,0,0,,6,0,Si,1
L01739,Data Analytics,31,Buenos Aires,Terciario,Si,42.0,No,Cuotas,438000,353.4,Computadora,4,3,2,124072,1,1,6.9,0,1,No,0
L02440,Programación Web,37,CABA,Secundario,Si,34.0,No,Beca,8000,6.7,Computadora,7,0,2,56645,1,0,,2,0,Si,1
L01882,Data Analytics,27,Santa Fe,Secundario,Si,29.0,No,Pago unico,394000,331.7,Celular,11,9,4,133731,2,2,6.3,1,3,No,0
L02190,Python Inicial,39,Buenos Aires,Universitario,Si,48.0,No,Cuotas,284000,239.5,Computadora,12,2,0,108645,0,2,8.5,3,4,No,0
L02018,Marketing Digital,26,Santa Fe,Terciario,No,0.0,No,Beca,22000,17.9,Computadora,0,5,6,105049,2,2,6.1,2,5,No,0
L01030,marketing digital,24,Otra,Secundario,No,0.0,No,Pago unico,290000,234.0,Computadora,16,5,3,123543,4,1,,0,5,No,0
L02628,Programacion Web,24,CABA,Universitario,No,0.0,Si,Pago unico,442000,365.4,Computadora,9,3,2,92236,2,1,7.4,1,3,No,0
L01604,Producto Digital,17,Otra,Secundario,No,0.0,Si,Cuotas,367000,314.3,Celular,4,1,1,53284,2,1,6.0,0,2,No,0
L01594,Python Inicial,27,CABA,Universitario,No,0.0,Si,Cuotas,296000,255.0,Celular,17,8,1,105077,4,1,8.4,1,3,No,0
L02952,Data Analytics,21,Otra,Universitario,No,0.0,No,Cuotas,457000,375.3,Tablet,6,5,5,146989,2,2,8.3,4,3,No,0
L02651,Marketing Digital,17,Cordoba,Universitario,Si,24.0,No,Pago unico,288000,244.4,Celular,22,0,2,44372,1,0,6.2,3,5,No,0
L01090,Python Inicial,25,Buenos Aires,Universitario,Si,,Si,Cuotas,267000,220.6,Computadora,4,5,4,116173,2,2,7.1,0,5,No,0
L03040,Python Inicial,28,CABA,Universitario,Si,43.0,No,Pago unico,224000,188.9,Computadora,6,3,0,100497,1,2,9.4,1,4,No,0
L00803,Python inicial,31,Santa Fe,Universitario,No,0.0,No,Cuotas,295000,242.4,Computadora,13,3,2,107326,2,2,5.5,3,4,No,0
L03159,Programacion Web,30,CABA,Universitario,No,0.0,Si,Cuotas,508000,436.4,Computadora,16,3,5,76160,2,1,,1,1,No,1
L00873,Marketing Digital,41,Buenos Aires,Terciario,Si,43.0,No,Cuotas,321000,267.7,Computadora,4,4,4,85459,0,1,,4,1,No,0
L02810,Producto Digital,20,Cordoba,Secundario,No,0.0,Si,Beca,73000,58.8,Tablet,13,4,9,160774,2,1,7.6,0,2,No,0
L02827,UX/UI,26,Mendoza,Universitario,Si,29.0,Si,Pago unico,346000,280.7,Computadora,12,4,3,83447,2,1,7.8,2,1,No,0
L03186,Python Inicial,46,Otra,Secundario,No,0.0,Si,Cuotas,282000,239.7,Computadora,21,2,1,39330,0,1,6.8,12,0,Si,1
L03200,Data Analytics,26,Buenos Aires,Universitario,No,0.0,Si,Pago unico,399000,321.8,Computadora,20,6,6,126343,3,2,8.8,0,6,No,0
L00376,Data Analytics,30,Buenos Aires,Universitario,Si,37.0,No,Beca,109000,88.4,Computadora,12,1,2,20106,0,1,5.2,7,1,No,1
L03155,Marketing Digital,49,Cordoba,Universitario,Si,41.0,No,Cuotas,344000,278.5,Computadora,2,7,5,169169,0,1,9.2,1,5,No,0
L01565,Data Analytics,40,CABA,Terciario,Si,45.0,Si,Cuotas,480000,385.5,Computadora,6,4,4,153054,2,2,8.0,1,2,No,0
L01060,UX/UI,37,CABA,Universitario,Si,42.0,Si,Cuotas,442000,376.0,Computadora,11,6,3,108850,1,1,,2,2,No,0
L01862,UX/UI,46,Buenos Aires,Secundario,Si,56.0,No,Cuotas,414000,336.4,Computadora,12,6,1,32815,1,0,3.3,4,0,Si,1
L02119,Programacion Web,35,Buenos Aires,Terciario,No,0.0,Si,Beca,126000,102.4,Computadora,16,5,4,102885,1,2,8.9,4,5,No,0
L02465,Programacion Web,29,Santa Fe,Secundario,No,0.0,No,Cuotas,519000,445.1,Celular,19,4,3,67819,1,1,5.6,5,2,No,0
L00284,Marketing Digital,45,Otra,Universitario,Si,48.0,No,Pago unico,290000,237.1,Tablet,9,1,2,5906,2,2,6.5,3,2,No,0
L00631,Programacion Web,40,CABA,Posgrado,No,0.0,No,Cuotas,488000,411.7,Tablet,12,1,1,32799,0,1,6.5,10,0,No,1
L02975,Marketing Digital,23,Buenos Aires,Terciario,No,0.0,No,Cuotas,337000,284.0,Celular,2,7,4,163157,1,0,7.9,2,3,No,0
L00866,Data Analytics,17,Buenos Aires,Secundario,Si,33.0,No,Cuotas,422000,351.5,Computadora,12,3,1,66825,0,0,,0,3,No,0
L02903,python inicial,54,Buenos Aires,Secundario,Si,43.0,Si,Cuotas,284000,237.9,Computadora,20,2,2,51115,0,0,8.3,3,3,No,0
L02517,Data Analytics,38,Cordoba,Terciario,No,0.0,Si,Cuotas,421000,344.1,Computadora,8,4,6,137984,1,2,9.5,1,3,No,0
L02886,Programacion Web,26,Otra,Terciario,No,0.0,No,Pago unico,414000,332.3,Computadora,23,3,4,91615,3,2,9.5,1,5,No,0
L02042,Programacion Web,36,CABA,Universitario,Si,32.0,No,Cuotas,504000,406.7,Computadora,12,3,7,125758,5,1,7.6,1,6,No,0
L01765,Programacion Web,46,CABA,Universitario,No,0.0,No,Cuotas,550000,465.9,Computadora,14,6,5,128520,3,2,,1,4,No,0
L01929,Marketing Digital,30,CABA,Secundario,No,0.0,No,Pago unico,291000,242.5,Computadora,3,2,11,129683,1,2,8.2,1,12,No,0
L01914,producto digital,17,Buenos Aires,Terciario,No,0.0,No,Beca,53000,45.6,Computadora,7,4,5,63151,1,0,9.7,2,5,No,0
L01097,Python Inicial,22,Buenos Aires,Secundario,Si,52.0,No,Cuotas,296000,253.1,Computadora,4,6,4,28780,1,1,,5,5,No,0
L01692,Programacion Web,17,Buenos Aires,Secundario,No,0.0,Si,Cuotas,480000,409.0,Computadora,16,4,0,84514,1,1,,6,0,Si,1
L02968,Producto Digital,31,Otra,Universitario,Si,45.0,No,Cuotas,413000,332.5,Computadora,0,3,1,97268,0,2,,1,0,No,0
L02231,Marketing Digital,27,Buenos Aires,Universitario,Si,28.0,No,Cuotas,335000,281.1,Computadora,20,3,8,164519,4,2,8.8,0,7,No,0
L00148,Programacion Web,150,CABA,Universitario,Si,51.0,Si,Cuotas,545000,471.8,Computadora,6,3,4,78124,1,2,6.6,2,6,No,0
L01462,Data Analytics,30,CABA,Universitario,Si,30.0,No,Cuotas,453000,366.5,Computadora,22,3,3,96099,1,2,7.8,1,2,No,0
L02801,Python Inicial,32,CABA,Universitario,No,0.0,No,Cuotas,288000,245.9,Computadora,15,3,2,89574,1,2,7.1,1,3,No,0
L00632,Marketing Digital,30,CABA,Universitario,Si,45.0,No,Pago unico,274000,236.7,Celular,18,5,2,39380,0,2,4.3,0,2,No,0
L01995,Programacion Web,24,Buenos Aires,Universitario,No,0.0,No,Cuotas,519000,445.1,Computadora,13,3,3,99687,0,2,7.1,7,0,Si,1
L00351,Data Analytics,27,CABA,Secundario,Si,15.0,No,Pago unico,385000,320.2,Celular,2,3,1,80220,1,0,,7,1,No,0
L02776,Marketing Digital,41,Cordoba,Terciario,No,0.0,Si,Pago unico,266000,221.0,Computadora,22,5,3,132837,4,2,7.1,2,3,No,0
L01321,Programacion Web,24,Santa Fe,Terciario,Si,40.0,No,Cuotas,502000,418.5,Computadora,14,4,1,44441,1,1,,6,0,Si,1
L02637,Producto Digital,19,Mendoza,Universitario,No,0.0,No,Cuotas,376000,322.2,Celular,17,8,3,89191,1,2,6.1,4,7,No,0
L00566,UX/UI,32,CABA,Universitario,Si,22.0,Si,Cuotas,417000,347.2,Celular,19,3,3,110423,4,2,7.3,0,0,No,0
L00483,Data Analytics,42,Otra,Terciario,Si,33.0,Si,Cuotas,442000,359.0,Tablet,5,1,6,200209,2,2,8.2,0,3,No,0
L02993,Marketing Digital,35,CABA,Secundario,Si,25.0,Si,Cuotas,331000,283.6,Computadora,5,2,2,23844,0,0,,3,7,No,0
L02386,Python Inicial,31,Buenos Aires,Universitario,Si,55.0,No,Cuotas,285000,242.4,Celular,16,6,1,67686,0,1,,3,1,No,1
L02665,Marketing Digital,40,Buenos Aires,Secundario,No,0.0,Si,Pago unico,290000,244.7,Computadora,1,4,4,125318,3,0,7.1,1,6,No,0
L01448,UX/UI,26,Buenos Aires,Posgrado,No,0.0,Si,Pago unico,353000,300.9,Computadora,13,2,3,87808,0,2,,0,2,No,0
L02795,Data Analytics,37,Otra,Posgrado,Si,23.0,No,Cuotas,427000,370.5,Computadora,16,1,4,102800,0,1,8.2,0,6,No,0
L00128,Python Inicial,18,Santa Fe,Universitario,No,0.0,Si,Cuotas,292000,240.8,Computadora,9,8,15,247741,1,2,8.9,0,4,No,0
L00579,Data Analytics,35,CABA,Secundario,Si,38.0,No,Beca,13000,11.1,Computadora,0,1,0,0,1,0,,14,0,No,1
L02664,Data Analytics,25,Cordoba,Terciario,No,0.0,Si,Pago unico,367000,297.7,Computadora,9,6,4,162954,1,2,7.0,1,6,No,0
L02146,producto digital,37,Buenos Aires,Terciario,No,0.0,No,Pago unico,323000,272.3,Computadora,18,6,3,88680,0,1,8.0,1,2,No,0
L00544,Data Analytics,35,Buenos Aires,Universitario,No,0.0,Si,Beca,64000,53.3,Celular,11,2,0,42282,3,1,,12,0,Si,1
L02299,Python Inicial,27,Otra,Secundario,No,0.0,No,Beca,31000,25.3,Computadora,9,2,4,92193,0,0,4.3,5,1,No,0
L02902,Data Analytics,17,Santa Fe,Universitario,No,0.0,Si,Cuotas,428000,346.7,Celular,20,3,2,66008,1,2,5.9,0,1,No,0
L02777,Producto Digital,46,CABA,Terciario,Si,31.0,No,Pago unico,310000,260.3,Celular,23,2,4,94686,2,2,4.9,4,6,No,0
L00356,Marketing Digital,28,Cordoba,Terciario,No,0.0,Si,Cuotas,352000,304.9,Tablet,3,8,6,185757,4,2,9.7,1,4,No,0
L02367,Data Analytics,17,CABA,Secundario,No,0.0,No,Cuotas,423000,341.0,Celular,5,6,3,51926,0,1,,0,3,No,0
L02983,Programacion Web,46,CABA,Universitario,Si,42.0,No,Cuotas,485000,389.5,Computadora,9,3,1,58621,1,2,5.7,1,0,No,0
L02434,Marketing Digital,32,Buenos Aires,Terciario,Si,38.0,No,Cuotas,312000,254.0,Celular,7,3,1,95293,2,2,6.4,1,4,No,0
L02967,Python Inicial,28,Cordoba,Terciario,No,0.0,No,Cuotas,291000,239.5,Celular,0,4,5,108951,0,1,8.8,0,1,No,0
L01520,Prog. Web,30,CABA,Secundario,Si,47.0,No,Pago unico,430000,363.2,Tablet,0,6,4,74514,1,2,,7,2,No,0
L01035,Python Inicial,20,Mendoza,Universitario,No,0.0,Si,Pago unico,221000,177.2,Celular,2,9,6,146810,0,2,6.9,0,11,No,0
L00054,UX/UI,19,Buenos Aires,Posgrado,No,0.0,No,Cuotas,447000,360.1,Computadora,9,1,6,87978,2,1,6.8,1,4,No,0
L00746,UX / UI,21,Buenos Aires,Terciario,No,0.0,No,Pago unico,338000,287.4,Tablet,1,10,4,183908,7,2,7.5,0,11,No,0
L02255,Data Analytics,27,Buenos Aires,Universitario,Si,52.0,No,Cuotas,442000,373.6,Celular,14,2,2,145892,1,0,5.8,2,2,No,0
L01241,Python Inicial,52,Otra,Secundario,Si,29.0,Si,Cuotas,288000,237.4,Celular,14,7,1,79419,3,2,5.8,0,5,No,0
L01190,Data Analytics,20,Cordoba,Terciario,No,0.0,Si,Cuotas,467000,398.1,Celular,2,1,0,29464,2,0,,1,1,No,0
L00457,Producto Digital,26,CABA,Terciario,No,0.0,No,Cuotas,372000,302.5,Computadora,4,3,1,40445,1,0,7.6,13,1,No,0
L02928,Programacion Web,45,Santa Fe,Posgrado,Si,56.0,Si,Beca,87000,71.0,Computadora,1,3,4,75495,0,2,6.6,9,2,No,0
L03062,UX/UI,46,Buenos Aires,Universitario,Si,39.0,No,Pago unico,342000,294.6,Computadora,9,1,2,19522,2,0,,2,0,No,0
L02569,Marketing Digital,23,CABA,Universitario,No,0.0,No,Cuotas,339000,272.8,Celular,6,3,1,74184,1,1,8.7,5,1,No,0
L01282,Marketing Digital,31,CABA,Secundario,No,0.0,Si,Beca,75000,61.6,Computadora,8,4,11,124104,3,1,6.6,1,4,No,0
L00634,Marketing Digital,28,Buenos Aires,Secundario,No,0.0,Si,Cuotas,312000,252.4,Computadora,18,4,6,146072,0,2,6.4,1,2,No,0
L02385,Data Analytics,21,Cordoba,Secundario,No,0.0,No,Pago unico,398000,337.3,Computadora,9,4,4,76998,0,1,8.6,0,8,No,0
L02897,Data Analytics,20,Cordoba,Universitario,No,0.0,No,Cuotas,446000,376.7,Tablet,19,3,1,0,0,0,,14,0,Si,1
L02879,data analytics,28,Buenos Aires,Secundario,Si,45.0,Si,Pago unico,388000,332.8,Celular,8,3,2,118493,0,2,7.8,4,3,No,0
L01776,Data Analytics,32,CABA,Terciario,No,0.0,Si,Cuotas,443000,356.7,Computadora,10,0,0,93121,0,1,8.6,3,2,No,0
L03160,Producto Digital,26,Buenos Aires,Terciario,No,0.0,Si,Cuotas,371000,304.5,Celular,5,3,1,20028,0,0,,6,0,Si,1
L00695,Python Inicial,23,Otra,Terciario,No,0.0,No,Cuotas,289000,232.3,Celular,22,1,2,44182,0,0,,3,1,No,0
L00613,Python Inicial,33,Buenos Aires,Universitario,No,0.0,Si,Cuotas,268000,218.4,Computadora,2,8,2,160892,0,2,7.4,4,2,No,0
L03087,Marketing Digital,38,Buenos Aires,Universitario,No,0.0,No,Cuotas,326000,269.7,Celular,16,3,4,0,1,1,6.8,3,3,No,0
L00465,Programacion Web,31,CABA,Secundario,Si,48.0,Si,Pago unico,410000,346.7,Computadora,15,4,0,96348,0,1,8.2,0,1,No,0
L02960,Producto Digital,28,Buenos Aires,Terciario,Si,46.0,Si,Pago unico,329000,269.9,Celular,13,4,1,0,0,0,,1,0,Si,1
L02800,Python Inicial,29,CABA,Universitario,No,0.0,Si,Pago unico,241000,196.3,Celular,0,1,3,2321,1,0,,6,0,No,1
L01466,Data Analytics,23,Cordoba,Secundario,No,0.0,No,Pago unico,374000,299.8,Computadora,21,7,5,93543,0,1,,1,2,No,0
L01477,Producto Digital,43,Otra,Terciario,Si,45.0,No,Cuotas,404000,329.0,Celular,14,3,1,49266,1,0,6.3,3,1,No,0
L01504,python inicial,43,Buenos Aires,Secundario,Si,,No,Cuotas,272000,228.2,Computadora,9,2,1,34422,2,0,,5,0,Si,1
L01800,Python Inicial,31,CABA,Terciario,No,0.0,Si,Pago unico,231000,185.6,Celular,20,0,3,142692,2,2,5.9,0,9,No,0
L01631,Prog. Web,27,Buenos Aires,Secundario,No,0.0,No,Cuotas,483000,386.8,Celular,17,3,4,151061,1,1,7.9,2,3,No,0
L00405,Data Analytics,17,Cordoba,Terciario,No,0.0,No,Pago unico,358000,291.4,Computadora,14,2,1,51730,0,2,6.9,5,1,No,0
L02549,Marketing Digital,17,Buenos Aires,Universitario,No,0.0,No,Cuotas,326000,269.9,Computadora,6,2,1,22980,0,0,,0,1,No,0
L01124,Data Analytics,26,Mendoza,Posgrado,Si,40.0,No,Pago unico,397000,324.6,Computadora,20,6,5,135483,1,2,7.4,4,4,No,0
L02837,Marketing Digital,39,Mendoza,Universitario,Si,21.0,Si,Pago unico,287000,245.3,Computadora,13,5,6,207658,2,2,7.8,2,4,No,0
L01272,Data Analytics,47,Cordoba,Posgrado,No,0.0,No,Cuotas,426000,368.7,Computadora,19,6,3,109782,0,2,9.8,1,7,No,0
L00197,Producto Digital,31,CABA,Terciario,Si,38.0,Si,Cuotas,404000,337.5,Celular,6,3,3,73305,0,2,,1,4,No,0
L03050,Programacion Web,32,Buenos Aires,Universitario,No,0.0,Si,Pago unico,424000,364.9,Computadora,5,2,9,136134,2,2,7.2,0,7,No,0
L01269,Python Inicial,23,CABA,Secundario,No,0.0,No,Cuotas,298000,250.3,Tablet,0,1,4,108020,1,0,7.6,8,1,No,0
L01884,Programacion Web,21,Santa Fe,Universitario,Si,41.0,No,Cuotas,480000,416.3,Tablet,2,2,1,67815,1,1,6.5,14,0,Si,1
L00882,Marketing Digital,17,Buenos Aires,Terciario,Si,44.0,Si,Cuotas,343000,287.1,Celular,16,2,1,71072,1,1,6.9,2,3,No,0
L01353,Programacion Web,26,Buenos Aires,Universitario,No,0.0,Si,Beca,57000,46.1,Computadora,23,3,1,35541,0,1,,1,2,Si,1
L02575,UX/UI,24,CABA,Terciario,No,0.0,Si,Cuotas,439000,372.5,Computadora,2,7,9,215732,5,1,9.7,0,12,No,0
L01715,marketing digital,39,CABA,Terciario,Si,31.0,No,Beca,40000,32.1,Celular,5,3,2,54591,2,1,6.3,5,0,Si,1
L02553,Programacion Web,41,Santa Fe,Terciario,Si,32.0,Si,Cuotas,484000,407.2,Celular,1,3,2,0,2,0,,2,0,No,1
L01416,Data Analytics,33,CABA,Universitario,No,0.0,Si,Cuotas,421000,348.8,Computadora,3,7,4,58528,2,1,6.9,2,3,No,0
L03025,Data Analytics,26,CABA,Terciario,Si,34.0,No,Pago unico,388000,331.2,Celular,11,3,3,126595,3,1,8.3,1,6,No,0
L01495,Data Analytics,30,Buenos Aires,Terciario,Si,36.0,Si,Beca,65000,55.5,Computadora,12,5,0,3068,0,0,,8,0,Si,1
L03164,Python Inicial,25,CABA,Universitario,No,0.0,No,Cuotas,292000,249.2,Celular,15,6,5,112487,0,2,8.2,2,3,No,0
L00824,Python Inicial,17,Mendoza,Terciario,No,0.0,No,Cuotas,285000,234.4,Computadora,20,2,1,85701,1,1,5.0,0,2,No,0
L02301,Data Analytics,35,Mendoza,Universitario,Si,35.0,No,Pago unico,387000,312.1,Computadora,15,4,3,76950,0,2,7.6,1,3,No,0
L02875,Data Analytics,52,Buenos Aires,Terciario,Si,25.0,No,Beca,54000,45.5,Celular,4,3,2,80410,0,0,,3,0,Si,1
L00792,UX/UI,17,CABA,Posgrado,Si,34.0,Si,Pago unico,345000,289.4,Celular,11,9,3,122194,5,2,5.7,0,4,No,0
L00713,Data Analytics,25,Otra,Posgrado,Si,44.0,No,Pago unico,376000,307.6,Tablet,3,5,2,62595,1,1,,7,0,No,1
L01849,Marketing Digital,23,CABA,Secundario,No,0.0,No,Cuotas,337000,287.4,Celular,23,2,4,113196,4,2,,3,0,No,1
L01510,Data Analytics,37,CABA,Universitario,No,0.0,Si,Pago unico,392000,339.6,Computadora,8,4,11,204666,2,1,8.6,0,4,No,0
L00719,Marketing Digital,19,CABA,Universitario,No,0.0,Si,Cuotas,328000,277.7,Computadora,8,2,6,143523,4,2,6.9,0,2,No,0
L03157,Marketing Digital,32,Santa Fe,Terciario,No,0.0,No,Cuotas,353000,284.3,Celular,15,5,5,112552,1,2,8.2,1,6,No,0
L02455,programacion web,27,Santa Fe,Terciario,No,0.0,Si,Cuotas,484000,392.2,Computadora,7,3,6,218830,2,1,7.3,1,6,No,0
L01159,data analytics,34,Santa Fe,Universitario,No,0.0,No,Cuotas,479000,408.5,Computadora,21,5,2,67242,2,2,7.8,0,5,No,0
L01232,Producto Digital,31,Cordoba,Universitario,No,0.0,No,Beca,22000,18.0,Celular,17,1,1,85765,3,2,5.1,0,0,Si,1
L02316,Producto Digital,17,Otra,Posgrado,No,0.0,Si,Pago unico,328000,268.3,Celular,14,1,1,89470,1,2,7.0,7,8,No,0
L03098,Programacion Web,30,Santa Fe,Universitario,No,0.0,No,Pago unico,415000,360.0,Computadora,17,4,2,126628,1,1,7.4,1,1,No,0
L01959,Data Analytics,22,Buenos Aires,Posgrado,No,0.0,No,Cuotas,447000,359.1,Computadora,0,3,5,60519,2,0,,5,2,No,0
L01258,Programacion Web,24,CABA,Universitario,No,0.0,No,Pago unico,446000,382.6,Celular,22,6,7,150322,5,2,9.7,0,5,No,0
L01222,Python Inicial,24,Buenos Aires,Secundario,Si,42.0,Si,Pago unico,234000,188.7,Computadora,18,3,2,105593,1,2,6.8,3,8,No,0
L02005,Producto Digital,25,Santa Fe,Secundario,Si,33.0,No,Cuotas,379000,324.9,Celular,3,4,2,102250,1,1,9.4,1,2,No,0
L03189,Python Inicial,22,Santa Fe,Universitario,Si,36.0,Si,Cuotas,283000,237.3,Computadora,9,8,6,174406,0,2,10.0,1,4,No,0
L01181,Data Analytics,23,Buenos Aires,Secundario,No,0.0,Si,Cuotas,462000,398.3,Computadora,10,4,7,103111,0,2,7.3,2,5,No,0
L03095,UX/UI,17,CABA,Secundario,Si,28.0,No,Cuotas,432000,350.8,Computadora,13,1,3,10744,1,0,5.6,10,0,No,1
L02151,Marketing Digital,36,Buenos Aires,Terciario,Si,44.0,Si,Cuotas,341000,278.5,Computadora,14,1,1,59103,2,1,6.0,0,3,No,0
L02613,Producto Digital,30,Santa Fe,Universitario,Si,39.0,No,Pago unico,327000,264.9,Computadora,13,3,0,7486,0,1,5.1,3,1,No,0
L03118,Producto Digital,17,CABA,Secundario,Si,43.0,No,Pago unico,318000,270.7,Celular,12,3,2,68748,1,2,,1,3,No,0
L01247,UX/UI,29,CABA,Terciario,Si,45.0,No,Pago unico,363000,312.3,Celular,0,10,6,169615,5,2,10.0,0,12,No,0
L02239,Data Analytics,29,CABA,Universitario,Si,41.0,No,Pago unico,364000,295.9,Computadora,15,5,6,105861,4,2,9.1,1,6,No,0
L03165,Data Analytics,23,Buenos Aires,Secundario,Si,56.0,Si,Pago unico,393000,335.6,Celular,2,4,3,115025,0,1,6.9,1,2,No,0
L00010,Programacion Web,32,CABA,Universitario,Si,48.0,No,Pago unico,443000,379.8,Tablet,22,5,3,136480,0,2,9.0,4,3,No,0
L01619,Producto Digital,35,Otra,Secundario,Si,31.0,Si,Cuotas,400000,323.3,Computadora,5,5,4,116553,2,2,5.0,1,6,No,0
L02526,UX/UI,46,Santa Fe,Secundario,Si,35.0,Si,Pago unico,341000,275.2,Computadora,16,7,7,173789,9,2,8.5,0,1,No,0
L01285,Python Inicial,32,CABA,Universitario,No,0.0,No,Cuotas,267000,218.7,Computadora,17,2,4,106909,1,2,6.6,1,5,No,0
L02647,Data Analytics,30,CABA,Terciario,Si,21.0,No,Cuotas,445000,382.6,Computadora,3,1,1,22184,1,2,4.8,0,3,No,0
L01741,Producto Digital,33,Buenos Aires,Secundario,No,0.0,No,Pago unico,321000,277.5,Tablet,11,2,1,51546,1,0,,2,0,No,0
L01769,Data Analytics,25,CABA,Posgrado,No,0.0,No,Pago unico,377000,322.5,Computadora,2,6,1,126044,0,1,5.7,1,5,No,0
L01869,Programacion Web,21,Cordoba,Terciario,No,0.0,Si,Cuotas,502000,415.8,Computadora,2,0,3,90446,1,2,,4,2,No,0
L02320,Python Inicial,21,Otra,Universitario,No,0.0,No,Cuotas,277000,233.6,Computadora,3,7,6,170608,6,2,8.4,0,8,No,0
L01171,UX/UI,50,CABA,Posgrado,Si,32.0,No,Pago unico,336000,281.0,Tablet,17,5,10,102994,2,2,9.2,2,6,No,0
L00135,Data Analytics,41,Otra,Terciario,Si,29.0,No,Pago unico,388000,325.3,Celular,20,4,0,68481,0,2,,1,4,No,0
L02962,programacion web,43,CABA,Secundario,No,0.0,No,Beca,79000,65.0,Celular,11,1,3,66949,2,2,6.4,4,4,No,0
L00964,Data Analytics,35,Buenos Aires,Terciario,No,0.0,No,Beca,55000,45.4,Celular,10,5,0,0,1,0,7.5,14,4,No,0
L01841,Programacion Web,27,CABA,Universitario,Si,32.0,No,Cuotas,545000,439.0,Computadora,20,3,7,113962,4,2,7.5,0,1,No,0
L00543,Python Inicial,17,Cordoba,Universitario,No,0.0,No,Beca,32000,26.6,Computadora,18,5,2,38902,1,1,5.7,3,0,No,1
L00494,Marketing Digital,37,Cordoba,Universitario,Si,38.0,No,Cuotas,310000,268.5,Computadora,7,1,2,95548,2,1,5.8,4,2,No,0
L00997,Python Inicial,32,Cordoba,Secundario,No,0.0,No,Pago unico,230000,198.5,Computadora,6,4,3,113971,3,1,8.7,0,2,No,0
L00524,Marketing Digital,32,CABA,Terciario,Si,36.0,No,Pago unico,285000,240.8,Tablet,0,5,2,149372,1,1,7.4,1,3,No,0
L02536,Marketing Digital,22,Santa Fe,Universitario,Si,39.0,No,Cuotas,311000,252.2,Computadora,3,1,0,42932,0,0,7.5,9,1,No,0
L01420,Data Analytics,59,Cordoba,Universitario,Si,41.0,No,Pago unico,390000,316.3,Celular,0,3,0,37522,0,1,8.5,3,0,Si,1
L02788,Programacion Web,24,Cordoba,Terciario,No,0.0,No,Pago unico,416000,333.6,Celular,22,4,3,104352,1,1,9.4,2,4,No,0
L01273,DATA ANALYTICS,30,CABA,Terciario,Si,46.0,No,Pago unico,365000,314.7,Computadora,9,3,2,35374,1,0,,2,3,No,0
L03144,UX/UI,17,Buenos Aires,Secundario,No,0.0,No,Cuotas,428000,344.0,Computadora,21,5,7,148726,5,2,10.0,1,3,No,0
L00786,python inicial,39,Santa Fe,Terciario,No,0.0,No,Cuotas,298000,241.4,Computadora,19,3,2,71332,0,1,,1,5,No,0
L02932,Data Analytics,39,Otra,Posgrado,No,0.0,No,Cuotas,476000,393.9,Celular,9,3,3,121245,1,0,8.2,0,2,No,0
L00961,Python Inicial,36,Buenos Aires,Terciario,Si,28.0,No,Beca,12000,10.3,Celular,22,3,0,15128,0,0,,1,1,No,0
L00893,Programacion Web,45,CABA,Universitario,Si,50.0,Si,Cuotas,511000,429.7,Computadora,13,1,1,0,0,0,3.0,0,5,No,0
L01343,Programacion Web,45,CABA,Secundario,Si,53.0,Si,Cuotas,496000,430.2,Computadora,2,4,7,101860,3,1,6.2,999,7,No,0
L01050,Producto Digital,40,Mendoza,Universitario,Si,33.0,No,Pago unico,306000,260.6,Computadora,1,5,3,105947,3,2,8.0,0,3,No,0
L01119,UX/UI,21,CABA,Terciario,No,0.0,No,Cuotas,406000,326.8,Celular,23,3,2,61868,0,2,,0,1,Si,1
L01371,Producto Digital,28,Buenos Aires,Secundario,Si,41.0,Si,Cuotas,367000,317.7,Computadora,17,4,5,193714,0,2,6.5,0,4,No,0
L02690,Programacion Web,26,Otra,Terciario,No,0.0,Si,Cuotas,512000,439.2,Tablet,5,5,4,112570,0,1,,5,1,No,0
L01698,UX/UI,17,Otra,Universitario,No,0.0,No,Cuotas,422000,354.1,Celular,11,5,3,40355,0,1,4.4,1,0,Si,1
L03063,Python inicial,17,CABA,Universitario,No,0.0,No,Pago unico,233000,199.4,Celular,1,6,4,121105,0,2,6.8,1,5,No,0
L01300,Producto Digital,17,CABA,Secundario,No,0.0,No,Pago unico,322000,263.9,Computadora,17,2,0,0,0,0,,14,0,No,1
L01533,Python Inicial,20,Otra,Terciario,No,0.0,No,Pago unico,230000,194.9,Computadora,23,2,2,4897,0,1,,14,0,No,1
L01315,Marketing Digital,19,CABA,Terciario,No,0.0,Si,Cuotas,316000,261.1,Tablet,0,2,4,166182,3,2,7.4,2,5,No,0
L01870,Python Inicial,48,Otra,Terciario,Si,29.0,No,Pago unico,226000,183.8,Computadora,2,0,3,142481,0,1,5.4,1,0,No,1
L01411,Programacion Web,19,Otra,Posgrado,No,0.0,No,Cuotas,507000,439.2,Computadora,18,3,4,17727,0,0,,4,0,Si,1
L02302,Producto Digital,42,CABA,Universitario,Si,39.0,Si,Cuotas,374000,311.6,Celular,11,6,4,129977,3,0,9.2,1,0,Si,1
L02156,Data Analytics,17,Buenos Aires,Universitario,No,0.0,No,Cuotas,439000,374.1,Celular,6,8,2,160172,1,1,9.5,1,9,No,0
L00345,Python Inicial,27,Cordoba,Posgrado,Si,39.0,Si,Cuotas,282000,237.5,Computadora,7,1,5,85424,0,1,10.0,14,0,Si,1
L02171,Data Analytics,39,Buenos Aires,Universitario,Si,18.0,Si,Cuotas,466000,389.2,Celular,19,4,8,177351,2,2,7.6,1,6,No,0
L02633,UX/UI,25,Buenos Aires,Terciario,Si,34.0,Si,Pago unico,370000,297.0,Computadora,19,7,8,157817,3,2,,0,2,No,0
L01077,Programacion Web,56,CABA,Secundario,Si,39.0,No,Pago unico,453000,377.5,Computadora,17,8,2,143949,2,1,7.3,5,5,No,0
L01025,Programacion Web,58,Otra,Posgrado,Si,33.0,Si,Cuotas,531000,451.7,Computadora,11,11,5,193111,6,2,9.9,0,7,No,0
L00633,Python Inicial,24,CABA,Secundario,No,0.0,Si,Pago unico,226000,192.5,Tablet,0,11,13,227131,6,2,8.7,1,2,No,0
L02462,Data Analytics,27,CABA,Secundario,No,0.0,Si,Cuotas,471000,378.7,Computadora,1,4,7,177643,3,2,8.2,1,7,No,0
L01211,Producto Digital,46,CABA,Universitario,Si,35.0,Si,Beca,73000,62.9,Celular,16,2,1,54630,1,0,,3,0,Si,1
L01664,Data Analytics,28,Otra,Terciario,No,0.0,No,Pago unico,364000,300.3,Celular,8,4,4,37586,0,1,5.8,3,2,No,0
L01257,UX/UI,32,Otra,Universitario,Si,30.0,No,Beca,88000,75.6,Computadora,15,5,6,75648,2,2,7.6,1,2,No,0
L01821,Marketing Digital,21,Buenos Aires,Secundario,No,0.0,No,Cuotas,315000,258.9,Celular,18,4,7,109742,1,1,5.5,0,3,No,0
L00218,Producto Digital,21,Santa Fe,Universitario,No,0.0,No,Pago unico,319000,259.0,Celular,0,1,3,36764,1,2,6.4,11,0,Si,1
L01788,python inicial,40,Buenos Aires,Posgrado,Si,37.0,No,Pago unico,240000,207.5,Computadora,13,3,1,66790,0,0,,1,1,No,1
L00412,Python Inicial,54,Cordoba,Posgrado,Si,,No,Cuotas,281000,229.5,Computadora,9,2,3,31001,3,1,8.1,1,0,Si,1
L00195,Marketing Digital,30,Cordoba,Universitario,No,0.0,No,Pago unico,282000,225.9,Tablet,0,5,2,135029,0,2,6.5,2,4,No,0
L01339,Data Analytics,17,Buenos Aires,Universitario,No,0.0,Si,Cuotas,443000,382.0,Computadora,21,8,9,173468,2,2,8.2,1,9,No,0
L00021,UX/UI,22,Buenos Aires,Universitario,No,0.0,No,Beca,25000,21.3,Computadora,9,4,6,106194,2,0,7.3,0,6,No,0
L00250,Programacion Web,25,Santa Fe,Universitario,Si,47.0,Si,Pago unico,430000,368.7,Computadora,3,4,3,7704,0,1,,3,1,No,0
L02437,Producto Digital,35,CABA,Universitario,Si,42.0,Si,Pago unico,307000,256.0,Computadora,22,6,1,79239,1,1,7.0,0,6,No,0
L01506,Data Analytics,38,CABA,Secundario,No,0.0,Si,Cuotas,463000,393.7,Computadora,16,8,3,89311,1,1,9.1,1,2,No,0
L01158,Marketing Digital,18,Buenos Aires,Universitario,Si,36.0,No,Cuotas,317000,263.4,Computadora,22,4,6,109975,2,2,,1,3,No,0
L01155,Marketing Digital,17,CABA,Universitario,No,0.0,No,Pago unico,264000,222.0,Computadora,10,8,6,106085,3,2,9.8,1,0,Si,1
L00287,Python Inicial,19,CABA,Terciario,No,0.0,No,Pago unico,222000,178.8,Tablet,3,1,1,72016,0,1,7.1,0,4,No,0
L01508,Data Analytics,21,CABA,Secundario,No,0.0,No,Cuotas,446000,378.2,Celular,16,1,0,38501,1,1,3.4,1,1,No,0
L00097,UX/UI,32,Buenos Aires,Universitario,No,0.0,Si,Cuotas,400000,335.2,Celular,19,11,0,59333,0,1,,2,3,No,0
L02293,Marketing Digital,36,Buenos Aires,Posgrado,No,0.0,No,Pago unico,267000,218.3,Computadora,5,3,5,83014,0,1,5.3,4,1,No,0
L01259,UX/UI,31,Buenos Aires,Universitario,No,0.0,No,Beca,71000,57.8,Computadora,4,4,0,59118,0,1,6.6,5,6,No,0
L02057,Python Inicial,26,Buenos Aires,Terciario,Si,33.0,Si,Cuotas,296000,243.9,Computadora,21,3,3,46629,1,1,6.8,2,1,No,0
L00387,Programacion Web,17,CABA,Terciario,Si,49.0,No,Cuotas,494000,416.7,Computadora,0,0,1,26351,0,1,,10,0,Si,1
L02140,Data Analytics,24,CABA,Secundario,No,0.0,Si,Cuotas,428000,350.0,Computadora,8,4,9,152362,1,2,10.0,0,2,No,0
L02088,Python inicial,24,Buenos Aires,Secundario,Si,50.0,No,Pago unico,237000,204.0,Celular,10,3,1,26519,0,1,,5,0,Si,1
L01647,programacion web,42,Otra,Universitario,Si,36.0,No,Cuotas,543000,452.3,Computadora,15,4,5,27079,2,1,4.9,1,0,Si,1
L01752,Producto Digital,33,CABA,Secundario,No,0.0,No,Pago unico,316000,269.3,Computadora,23,4,8,106786,0,1,5.5,2,5,No,0
L01114,Marketing Digital,43,Cordoba,Posgrado,Si,37.0,No,Beca,59000,50.6,Computadora,3,1,0,0,0,1,,6,0,Si,1
L02921,Programacion Web,40,CABA,Terciario,Si,54.0,No,Cuotas,505000,412.3,Computadora,9,5,4,154331,1,1,6.8,1,3,No,0
L00600,Data Analytics,17,Buenos Aires,Terciario,No,0.0,No,Beca,81000,67.9,Computadora,11,2,1,22328,0,0,,11,0,Si,1
L01082,UX/UI,21,Buenos Aires,Terciario,No,0.0,Si,Pago unico,341000,288.4,Celular,8,3,3,54165,1,1,,6,1,No,0
L02828,Marketing Digital,39,Cordoba,Posgrado,No,0.0,Si,Pago unico,269000,233.7,Computadora,16,3,3,40389,4,2,7.9,1,1,No,0
L01771,UX/UI,24,Otra,Universitario,Si,33.0,No,Pago unico,346000,291.0,Computadora,4,0,2,58876,1,1,,3,5,No,0
L00858,Python Inicial,27,Otra,Terciario,Si,43.0,No,Pago unico,223000,181.0,Celular,21,5,2,84072,0,2,7.4,3,2,No,0
L00985,Programacion Web,18,Buenos Aires,Terciario,No,0.0,Si,Cuotas,540000,432.6,Computadora,7,7,9,186410,4,2,9.8,0,5,No,0
L01528,Marketing Digital,32,Mendoza,Universitario,No,0.0,No,Pago unico,285000,237.6,Computadora,10,0,0,72004,0,0,,1,3,No,0
L00765,Producto Digital,45,Otra,Posgrado,Si,54.0,No,Pago unico,339000,294.3,Computadora,3,6,9,82276,1,2,6.8,2,0,No,0
L01557,Data Analytics,29,Buenos Aires,Secundario,No,0.0,No,Cuotas,425000,368.6,Computadora,9,10,6,232604,5,2,10.0,0,8,No,0
L01867,Python Inicial,27,CABA,Universitario,No,0.0,No,Pago unico,237000,196.4,Celular,19,3,4,55935,3,1,6.2,1,0,No,0
L01095,Data Analytics,44,Otra,Secundario,Si,42.0,Si,Pago unico,366000,305.6,Computadora,20,5,9,225117,4,2,5.9,0,6,No,0
L00080,Programacion Web,20,Buenos Aires,Universitario,No,0.0,No,Cuotas,487000,393.5,Celular,18,3,3,7629,0,2,8.5,1,5,No,0
L00134,Producto Digital,60,Mendoza,Universitario,No,0.0,Si,Pago unico,330000,278.5,Computadora,9,3,7,159012,2,2,6.0,1,4,No,0
L02754,Data Analytics,26,Buenos Aires,Secundario,No,0.0,No,Beca,12000,10.4,Celular,3,6,2,70644,2,1,,1,1,Si,1
L01491,Python Inicial,19,Santa Fe,Universitario,No,0.0,Si,Pago unico,236000,192.8,Computadora,14,3,2,122679,2,0,,1,0,No,0
L01832,Python Inicial,34,Mendoza,Terciario,Si,45.0,No,Pago unico,239000,199.1,Celular,21,2,1,39746,1,0,8.5,1,0,No,0
L01066,Python Inicial,37,Mendoza,Terciario,Si,34.0,Si,Pago unico,222000,180.0,Computadora,11,7,4,115762,0,0,7.0,3,3,No,0
L02560,UX/UI,27,CABA,Universitario,No,0.0,No,Pago unico,369000,312.5,Celular,23,3,4,113281,3,2,6.6,2,2,No,0
L02738,Data Analytics,21,Santa Fe,Terciario,No,0.0,No,Pago unico,358000,297.3,Computadora,5,6,6,90991,0,2,5.6,3,1,No,0
L00890,UX/UI,30,CABA,Universitario,Si,27.0,No,Beca,36000,30.4,Celular,16,6,3,83867,3,1,7.7,0,2,No,0
L03085,UX/UI,35,Otra,Universitario,Si,30.0,No,Cuotas,448000,381.6,Tablet,17,8,3,87658,2,0,8.8,2,2,No,0
L03184,Programacion Web,44,Buenos Aires,Universitario,Si,27.0,Si,Pago unico,433000,358.6,Computadora,22,6,6,192918,3,2,7.3,3,6,No,0
L00530,Producto Digital,49,Buenos Aires,Universitario,Si,50.0,Si,Pago unico,340000,275.9,Computadora,6,3,2,64441,0,0,,9,0,No,1
L01449,Producto Digital,17,CABA,Secundario,No,0.0,No,Beca,56000,45.8,Celular,21,5,2,43223,2,1,7.4,1,7,No,0
L00274,Python Inicial,47,Buenos Aires,Secundario,Si,,Si,Cuotas,275000,229.3,Celular,13,4,0,0,3,0,,14,1,Si,1
L03197,Marketing Digital,23,Buenos Aires,Universitario,No,0.0,Si,Cuotas,327000,267.5,Computadora,6,8,5,134199,1,1,6.9,1,4,No,0
L02672,Marketing Digital,18,Otra,Secundario,No,0.0,No,Pago unico,281000,234.1,Celular,21,7,6,162686,1,2,8.7,1,3,No,0
L01498,Programacion Web,17,CABA,Secundario,No,0.0,No,Pago unico,443000,357.0,Computadora,3,2,0,30500,0,0,6.8,2,1,No,0
L00181,Marketing Digital,42,Otra,Secundario,Si,32.0,No,Cuotas,337000,280.8,Computadora,4,5,3,105787,3,2,7.1,1,2,No,0
L01098,Data Analytics,34,CABA,Universitario,No,0.0,Si,Pago unico,386000,332.4,Celular,6,3,5,79655,1,1,8.1,4,1,No,0
L02222,DATA ANALYTICS,18,CABA,Secundario,No,0.0,Si,Beca,63000,53.8,Celular,22,3,1,0,1,0,,5,0,Si,1
L01408,Prog. Web,25,CABA,Secundario,No,0.0,No,Cuotas,503000,429.3,Computadora,3,1,4,112153,2,2,7.1,1,3,No,0
L00133,Python Inicial,22,Cordoba,Universitario,No,0.0,Si,Cuotas,298000,242.3,Celular,13,5,5,111868,2,1,7.5,0,7,No,0
L03030,Marketing Digital,22,CABA,Secundario,No,0.0,No,Cuotas,326000,282.6,Computadora,13,1,3,48247,4,0,,2,0,Si,1
L02311,Python Inicial,51,Buenos Aires,Universitario,Si,51.0,No,Pago unico,221000,190.3,Computadora,2,0,0,0,1,0,5.8,11,1,Si,1
L03151,Producto Digital,21,Mendoza,Universitario,Si,24.0,Si,Pago unico,309000,262.3,Celular,3,1,2,46271,0,0,,4,4,No,0
L00937,UX/UI,32,Santa Fe,Secundario,No,0.0,No,Cuotas,416000,335.4,Computadora,4,3,8,57740,1,1,9.3,2,5,No,0
L00506,Programacion Web,21,Mendoza,Terciario,Si,31.0,Si,Cuotas,500000,429.1,Celular,8,5,4,42101,0,0,7.1,9,0,Si,1
L00281,Python Inicial,29,Otra,Terciario,Si,39.0,No,Cuotas,266000,216.8,Tablet,20,4,3,68168,2,1,,14,1,Si,1
L01524,Marketing Digital,41,Santa Fe,Universitario,No,0.0,No,Beca,64000,52.2,Celular,4,3,2,76716,3,1,5.4,5,1,No,0
L01459,UX/UI,22,Santa Fe,Universitario,Si,54.0,Si,Cuotas,446000,384.4,Celular,2,2,4,124305,0,0,7.0,0,1,No,0
L01840,Programacion Web,18,Cordoba,Secundario,No,0.0,No,Pago unico,428000,357.6,Celular,1,4,6,111778,2,2,5.8,1,2,No,0
L00137,Marketing Digital,42,Otra,Secundario,Si,31.0,No,Cuotas,336000,273.4,Computadora,4,7,0,46005,0,1,,14,1,Si,1
L03084,Programacion Web,18,Buenos Aires,Posgrado,Si,39.0,No,Cuotas,493000,411.9,Computadora,5,2,2,41503,2,0,8.2,6,0,No,1
L02197,Data Analytics,30,CABA,Universitario,Si,47.0,No,Beca,55000,47.3,Computadora,1,7,3,65847,2,1,5.3,3,4,No,0
L01229,python inicial,27,Otra,Terciario,Si,43.0,No,Cuotas,280000,233.2,Computadora,9,4,0,58433,0,1,5.4,11,0,Si,1
L00113,Marketing Digital,29,Buenos Aires,Universitario,No,0.0,Si,Pago unico,290000,240.9,Computadora,19,7,2,75399,3,1,,1,1,No,0
L00155,Marketing Digital,43,Otra,Terciario,Si,23.0,Si,Pago unico,284000,234.0,Celular,23,7,9,191825,3,2,8.3,0,10,No,0
L03126,UX/UI,42,CABA,Universitario,Si,36.0,Si,Beca,90000,77.1,Celular,12,4,2,70571,0,1,,2,0,No,0
L00331,Programacion Web,20,Santa Fe,Secundario,No,0.0,No,Cuotas,527000,437.2,Computadora,22,5,1,66527,2,0,6.4,1,3,No,0
L00370,Data Analytics,33,CABA,Universitario,No,0.0,No,Cuotas,445000,368.1,Computadora,7,4,0,75536,0,0,7.2,0,3,No,0
L01121,Marketing Digital,28,Santa Fe,Terciario,Si,28.0,No,Cuotas,312000,270.8,Computadora,23,4,6,104128,3,1,9.9,1,3,No,0
L01745,DATA ANALYTICS,19,CABA,Posgrado,Si,43.0,Si,Cuotas,467000,373.8,Computadora,16,6,6,91790,1,2,7.6,1,7,No,0
L01043,UX/UI,37,Buenos Aires,Universitario,Si,35.0,No,Pago unico,333000,274.7,Tablet,0,3,1,111030,2,2,,0,1,No,0
L02345,Producto Digital,22,CABA,Universitario,No,0.0,Si,Cuotas,382000,319.0,Computadora,3,5,4,51154,1,0,6.9,8,1,No,0
L00674,Marketing Digital,26,CABA,Terciario,Si,53.0,No,Pago unico,285000,241.1,Computadora,14,5,5,155032,4,1,8.9,3,5,No,0
L02356,Producto Digital,34,Buenos Aires,Universitario,No,0.0,No,Cuotas,391000,324.2,Computadora,14,2,4,98041,1,2,,1,0,No,0
L00070,Prog. Web,32,Otra,Universitario,No,0.0,No,Cuotas,500000,423.8,Computadora,16,1,1,87734,2,0,,3,2,No,0
L01566,Marketing Digital,22,CABA,Terciario,Si,26.0,No,Pago unico,289000,248.1,Celular,17,6,8,158031,7,2,7.4,1,6,No,0
L00114,Data Analytics,28,CABA,Universitario,No,0.0,No,Cuotas,426000,347.8,Celular,21,2,3,0,0,0,4.7,0,4,No,0
L00995,Data Analytics,34,Otra,Universitario,Si,19.0,Si,Pago unico,398000,323.6,Celular,0,5,5,112674,2,2,7.8,2,8,No,0
L01167,Programacion Web,33,Otra,Terciario,Si,32.0,No,Pago unico,443000,383.5,Computadora,13,2,1,78395,1,2,6.5,2,5,No,0
L02538,Python Inicial,26,Buenos Aires,Universitario,No,0.0,No,Pago unico,228000,190.9,Computadora,10,5,4,90943,2,1,,2,5,No,0
L00648,programacion web,24,Santa Fe,Terciario,No,0.0,Si,Beca,11000,9.3,Computadora,21,7,0,87602,1,2,9.2,1,4,No,0
L01340,Programacion Web,44,Cordoba,Secundario,No,0.0,Si,Cuotas,538000,464.8,Computadora,15,5,2,35540,1,1,8.5,0,4,No,0
L02601,Programacion Web,27,Santa Fe,Universitario,No,0.0,Si,Pago unico,422000,358.3,Celular,11,10,5,169589,1,1,6.7,3,5,No,0
L01223,Python Inicial,27,Cordoba,Universitario,Si,32.0,No,Pago unico,243000,199.3,Celular,3,4,3,95852,4,2,,1,3,No,0
L00593,Producto Digital,30,Otra,Terciario,Si,49.0,Si,Pago unico,307000,255.8,Computadora,2,4,4,108499,1,2,10.0,2,4,No,0
L00747,Python Inicial,34,Buenos Aires,Terciario,No,0.0,No,Cuotas,289000,237.2,Celular,17,3,0,37049,1,0,6.6,6,0,Si,1
L01536,Programacion Web,17,Cordoba,Terciario,No,0.0,No,Cuotas,536000,439.4,Computadora,23,3,3,84480,2,1,6.9,1,5,No,0
L01723,python inicial,28,Buenos Aires,Universitario,No,0.0,No,Cuotas,278000,238.1,Celular,6,2,0,0,1,0,7.6,13,0,Si,1
L01925,Python Inicial,25,Buenos Aires,Terciario,No,0.0,No,Pago unico,230000,186.6,Computadora,3,1,2,119410,8,2,10.0,0,3,No,0
L02050,Python Inicial,23,Cordoba,Secundario,No,0.0,No,Cuotas,273000,223.4,Computadora,7,5,4,151494,4,1,6.8,2,3,No,0
L00431,Marketing Digital,46,Buenos Aires,Posgrado,Si,26.0,Si,Cuotas,326000,263.8,Computadora,14,4,2,137343,1,2,,4,0,No,0
L01470,Programacion Web,27,Buenos Aires,Universitario,No,0.0,Si,Pago unico,454000,367.8,Computadora,21,8,9,195415,4,2,10.0,0,10,No,0
L01748,Marketing Digital,36,Santa Fe,Secundario,Si,60.0,No,Beca,12000,9.8,Celular,1,2,2,8912,0,2,5.4,5,3,No,0
L03012,Programacion Web,28,Buenos Aires,Universitario,Si,30.0,Si,Cuotas,531000,429.4,Celular,6,4,3,144595,0,2,7.9,3,3,No,0
L01792,Programacion Web,29,Cordoba,Terciario,Si,41.0,No,Pago unico,451000,380.9,Computadora,15,2,1,71179,2,2,,1,1,No,0
L01578,Data Analytics,29,Santa Fe,Posgrado,Si,43.0,Si,Cuotas,433000,347.5,Celular,23,6,11,80729,0,1,8.6,2,6,No,0
L02741,UX/UI,19,Otra,Universitario,No,0.0,No,Cuotas,415000,343.9,Celular,22,4,2,84258,1,1,6.5,9,1,No,0
L01352,Programacion Web,29,CABA,Terciario,No,0.0,Si,Pago unico,428000,349.1,Celular,7,5,1,169159,1,2,5.8,0,8,No,0
L00839,Marketing Digital,34,CABA,Universitario,Si,44.0,No,Cuotas,320000,276.7,Celular,8,1,2,66086,0,0,,3,3,No,0
L00822,Python Inicial,32,CABA,Universitario,No,0.0,No,Cuotas,283000,229.4,Computadora,1,3,2,34879,1,1,6.4,8,2,No,1
L02946,Programacion Web,26,CABA,Posgrado,No,0.0,No,Cuotas,486000,414.8,Computadora,14,2,3,43416,1,1,,3,1,No,0
L00686,Python Inicial,34,Buenos Aires,Terciario,Si,52.0,Si,Pago unico,235000,190.6,Celular,22,10,3,166226,0,1,6.6,0,7,No,0
L02236,Data Analytics,40,CABA,Terciario,Si,43.0,No,Pago unico,390000,316.9,Computadora,6,5,5,127147,1,2,9.0,0,3,No,0
L02606,UX/UI,41,Buenos Aires,Universitario,Si,40.0,Si,Beca,19000,15.3,Tablet,10,6,3,70950,0,2,7.1,4,4,No,0
L02099,Marketing Digital,26,CABA,Terciario,No,0.0,No,Cuotas,338000,273.3,Computadora,16,1,7,68408,0,2,6.9,10,2,No,0
L01468,Data Analytics,20,Buenos Aires,Terciario,Si,40.0,Si,Beca,37000,29.9,Computadora,6,4,2,33431,1,2,7.8,2,3,No,0
L00578,Data Analytics,38,CABA,Secundario,Si,41.0,Si,Beca,95000,82.5,Computadora,6,3,3,72533,1,1,5.5,1,6,No,0
L01039,Marketing Digital,26,Buenos Aires,Universitario,Si,31.0,Si,Pago unico,275000,239.1,Computadora,22,6,3,183962,3,2,8.8,1,6,No,0
L01740,UX/UI,23,CABA,Terciario,No,0.0,No,Beca,52000,41.8,Computadora,21,6,2,0,1,0,,3,0,Si,1
L00184,Producto Digital,32,Otra,Terciario,No,0.0,No,Cuotas,366000,304.4,Computadora,22,6,6,83491,1,1,5.0,9,0,No,1
L00725,Python Inicial,32,CABA,Universitario,Si,46.0,No,Cuotas,287000,247.0,Celular,19,3,0,69091,1,0,9.2,1,3,No,0
L00012,Producto Digital,29,Buenos Aires,Universitario,No,0.0,No,Beca,47000,40.5,Tablet,17,6,2,58850,0,2,6.5,4,0,Si,1
L00101,Python Inicial,29,CABA,Terciario,Si,54.0,No,Pago unico,230000,199.4,Computadora,11,2,2,102572,1,2,5.9,4,0,No,0
L02505,UX/UI,24,CABA,Secundario,No,0.0,No,Pago unico,358000,294.8,Celular,23,3,4,158033,2,1,,4,0,Si,1
L02407,Programacion Web,18,Otra,Universitario,No,0.0,No,Pago unico,417000,354.9,Celular,3,4,4,142505,1,2,6.9,1,4,No,0
L02265,Programacion Web,48,Santa Fe,Terciario,Si,41.0,No,Beca,76000,62.9,Computadora,18,9,6,121917,4,1,7.1,0,1,Si,1
L02709,Programacion Web,37,Cordoba,Universitario,Si,27.0,Si,Beca,56000,46.2,Computadora,3,5,0,51734,0,1,,6,0,Si,1
L00318,UX/UI,27,Cordoba,Posgrado,No,0.0,No,Cuotas,409000,346.1,Computadora,13,9,3,99058,0,0,5.6,0,7,No,0
L01173,Python Inicial,46,CABA,Posgrado,Si,60.0,Si,Cuotas,265000,223.7,Computadora,22,3,3,89626,2,2,6.1,1,4,No,0
L00201,Python Inicial,29,Otra,Universitario,Si,36.0,No,Beca,38000,32.7,Celular,18,2,2,66484,1,0,,14,0,Si,1
L00077,Data Analytics,18,CABA,Terciario,No,0.0,No,Pago unico,384000,318.2,Computadora,13,7,1,77702,2,1,5.1,5,3,No,0
L01246,Producto Digital,40,CABA,Universitario,Si,53.0,No,Cuotas,400000,327.9,Computadora,15,3,0,4898,2,0,6.2,2,1,No,0
L00559,UX/UI,43,CABA,Terciario,No,0.0,Si,Cuotas,444000,371.7,Celular,20,2,1,0,0,0,,1,3,No,0
L02458,Programacion Web,22,Santa Fe,Universitario,Si,31.0,No,Cuotas,518000,416.0,Celular,18,11,4,141137,4,1,8.8,3,6,No,0
L03052,Producto Digital,27,CABA,Terciario,Si,31.0,No,Pago unico,315000,252.8,Tablet,10,5,4,64799,2,2,6.5,3,3,No,0
L00595,Data Analytics,35,CABA,Posgrado,No,0.0,No,Beca,96000,77.5,Computadora,6,2,3,82217,0,1,6.2,1,1,No,0
L02820,UX/UI,28,Mendoza,Terciario,No,0.0,No,Pago unico,339000,277.7,Celular,6,5,6,166449,2,2,8.4,2,10,No,0
L00711,Data Analytics,30,CABA,Posgrado,No,0.0,No,Beca,101000,84.3,Tablet,5,5,5,153308,1,2,6.8,7,7,No,0
L01963,Data Analytics,31,Otra,Universitario,No,0.0,Si,Pago unico,364000,313.3,Computadora,0,8,4,123561,0,0,7.2,1,6,No,0
L02094,UX/UI,30,CABA,Universitario,No,0.0,Si,Pago unico,357000,300.4,Celular,19,13,10,177522,1,2,9.2,0,7,No,0
L01921,Python Inicial,18,Santa Fe,Universitario,No,0.0,Si,Cuotas,261000,216.3,Computadora,16,5,11,183481,4,2,8.7,0,10,No,0
L01155,Marketing Digital,17,CABA,Universitario,No,0.0,No,Pago unico,264000,222.0,Computadora,10,8,6,106085,3,2,9.8,1,0,Si,1
L03125,Producto Digital,24,CABA,Secundario,No,0.0,No,Beca,42000,33.7,Computadora,19,6,1,38798,3,1,,1,2,No,0
L02490,Data Analytics,28,Otra,Terciario,No,0.0,No,Pago unico,370000,296.7,Computadora,19,5,1,67398,0,1,,2,4,No,0
L00920,Python Inicial,20,Buenos Aires,Terciario,No,0.0,No,Pago unico,237000,203.0,Computadora,23,7,1,133502,2,1,4.4,1,3,No,0
L01872,Python Inicial,20,Cordoba,Posgrado,Si,45.0,No,Beca,27000,22.3,Computadora,22,6,1,21601,0,0,,8,0,No,1
L00496,Python Inicial,28,CABA,Terciario,Si,27.0,No,Cuotas,263000,214.4,Computadora,12,8,2,126173,2,2,7.9,0,4,No,0
L02745,UX/UI,31,CABA,Terciario,Si,16.0,No,Cuotas,397000,320.8,Celular,5,7,4,107814,4,2,7.7,0,5,No,0
L00815,Data Analytics,17,Santa Fe,Universitario,No,0.0,No,Cuotas,424000,354.9,Celular,14,5,6,133777,1,1,8.4,2,2,No,0
L01045,Producto Digital,31,Mendoza,Universitario,No,0.0,Si,Beca,74000,63.6,Computadora,2,10,16,201780,5,2,10.0,2,3,No,0
L00257,Programacion Web,27,Buenos Aires,Posgrado,Si,23.0,No,Cuotas,505000,416.5,Celular,11,5,1,54334,0,0,,4,1,No,0
L02394,Programacion Web,42,CABA,Terciario,No,0.0,Si,Cuotas,489000,409.0,Tablet,16,2,0,0,0,1,,8,1,No,0
L01904,Data analytics ,30,Otra,Posgrado,Si,36.0,No,Pago unico,393000,318.5,Tablet,6,4,6,107410,1,2,8.7,0,6,No,0
L01168,producto digital,19,Buenos Aires,Secundario,No,0.0,Si,Cuotas,409000,351.1,Computadora,23,3,3,106674,1,1,7.2,3,3,No,0
L00468,Marketing Digital,52,CABA,Secundario,Si,33.0,No,Pago unico,285000,236.5,Celular,3,3,3,92579,0,1,7.4,0,2,No,0
L02963,Data Analytics,44,CABA,Secundario,Si,19.0,No,Pago unico,373000,310.1,Celular,13,10,6,166849,4,2,8.2,2,8,No,0
L01701,Data Analytics,45,Mendoza,Secundario,Si,34.0,Si,Cuotas,445000,383.9,Computadora,20,3,6,119994,0,2,6.8,0,0,No,0
L00005,Programacion Web,25,Buenos Aires,Universitario,No,0.0,No,Pago unico,453000,376.1,Celular,22,4,5,176583,3,2,9.2,1,5,No,0
L02262,Data Analytics,22,Santa Fe,Secundario,Si,24.0,No,Beca,47000,39.3,Computadora,2,3,0,43525,0,0,7.1,4,0,No,1
L02838,Programacion Web,40,Otra,Secundario,Si,28.0,No,Cuotas,501000,416.2,Computadora,17,10,8,212482,3,2,7.2,0,8,No,0
L03023,Programacion Web,17,CABA,Universitario,No,0.0,Si,Beca,62000,49.7,Computadora,23,5,2,114107,2,1,7.7,2,5,No,0
L00867,Python Inicial,22,Mendoza,Posgrado,No,0.0,No,Beca,10000,8.6,Tablet,5,1,6,97965,1,0,,4,0,Si,1
L01742,Python Inicial,23,Buenos Aires,Secundario,No,0.0,No,Pago unico,232000,193.5,Computadora,20,4,5,137265,3,2,7.9,2,5,No,0
L01999,Data Analytics,27,Otra,Terciario,No,0.0,Si,Cuotas,429000,370.7,Celular,1,3,1,82591,0,2,,3,0,No,0
L02866,Programacion Web,31,CABA,Secundario,Si,38.0,No,Beca,90000,73.3,Computadora,6,2,2,85813,0,0,,4,0,Si,1
L02558,Producto  Digital,29,Buenos Aires,Terciario,No,0.0,Si,Cuotas,390000,324.6,Celular,2,6,6,195498,4,1,10.0,1,3,No,0
L02045,UX/UI,48,Santa Fe,Posgrado,Si,42.0,Si,Pago unico,342000,286.2,Celular,17,2,1,0,3,1,,2,0,No,0
L02294,Programacion Web,25,Santa Fe,Universitario,No,0.0,No,Cuotas,501000,422.7,Celular,1,1,8,82267,2,0,6.8,0,3,No,0
L01843,Marketing Digital,26,Otra,Secundario,No,0.0,No,Cuotas,326000,263.9,Computadora,23,1,1,81855,0,2,,14,0,Si,1
L00577,ux/ui,31,CABA,Universitario,Si,34.0,No,Cuotas,445000,359.6,Celular,18,3,2,30891,1,0,6.1,6,2,No,0
L02213,UX/UI,44,Santa Fe,Universitario,Si,49.0,No,Pago unico,367000,294.1,Computadora,12,2,1,92133,3,0,6.1,12,1,Si,1
L02899,Data Analytics,46,Buenos Aires,Universitario,Si,26.0,Si,Cuotas,453000,376.6,Celular,11,2,1,81404,2,2,7.3,3,0,No,0
L01417,UX/UI,20,Otra,Terciario,No,0.0,No,Cuotas,446000,369.2,Computadora,16,1,3,101871,0,0,6.9,5,6,No,0
L00612,Data Analytics,34,CABA,Universitario,Si,41.0,Si,Cuotas,431000,347.8,Celular,7,3,6,127340,2,2,6.3,0,7,No,0
L03097,Programacion Web,25,CABA,Terciario,Si,44.0,No,Beca,133000,106.5,Tablet,23,4,0,95105,1,2,,2,2,No,0
L02642,Marketing Digital,28,Santa Fe,Secundario,Si,41.0,No,Pago unico,268000,230.1,Celular,2,7,4,122796,1,1,6.8,3,4,No,0
L01252,Data Analytics,23,CABA,Universitario,No,0.0,No,Pago unico,371000,321.6,Computadora,21,6,4,103836,1,1,5.6,1,0,Si,1
L02939,Programacion Web,33,Otra,Universitario,No,0.0,No,Cuotas,532000,426.3,Computadora,17,1,1,1237,0,1,7.4,2,2,No,0
L02624,UX/UI,38,Santa Fe,Terciario,Si,32.0,Si,Cuotas,405000,345.2,Tablet,20,3,4,166907,0,2,4.9,4,7,No,0
L00565,Programacion Web,45,Otra,Universitario,Si,22.0,No,Cuotas,491000,403.3,Computadora,19,6,3,73416,2,2,6.2,4,5,No,0
L00916,DATA ANALYTICS,33,Mendoza,Terciario,Si,42.0,No,Cuotas,456000,391.6,Computadora,9,1,2,50016,1,0,10.0,1,0,No,0
L02499,UX/UI,21,CABA,Terciario,No,0.0,Si,Pago unico,362000,306.9,Celular,1,1,1,0,1,2,5.8,1,0,No,0
L01403,Python Inicial,42,Buenos Aires,Secundario,Si,42.0,No,Beca,0,0.0,Computadora,12,3,3,111231,2,1,7.3,3,0,Si,1
L02775,Programacion Web,28,Santa Fe,Secundario,No,0.0,No,Cuotas,482000,386.3,Computadora,9,0,0,0,1,1,4.6,14,0,Si,1
L00292,Programacion Web,27,Santa Fe,Secundario,No,0.0,No,Pago unico,452000,371.5,Computadora,18,6,3,115859,1,2,8.5,0,6,No,0
L02716,Producto Digital,33,Santa Fe,Universitario,No,0.0,No,Pago unico,342000,286.0,Tablet,14,7,14,195702,2,2,9.5,0,8,No,0
L00508,Data Analytics,43,CABA,Universitario,Si,57.0,No,Pago unico,371000,321.0,Computadora,1,8,3,123173,0,1,6.0,0,7,No,0
L01423,Marketing Digital,52,Santa Fe,Terciario,Si,46.0,No,Pago unico,278000,237.6,Computadora,4,5,1,73930,0,1,6.1,14,1,No,0
L00036,Producto Digital,41,Buenos Aires,Universitario,Si,34.0,Si,Pago unico,309000,262.4,Computadora,7,4,5,115536,3,2,7.7,1,3,No,0
L02174,Python Inicial,17,Buenos Aires,Universitario,No,0.0,No,Pago unico,225000,193.5,Computadora,15,3,10,183982,4,2,8.1,0,9,No,0
L02001,Marketing Digital,18,Cordoba,Terciario,No,0.0,No,Pago unico,282000,241.7,Computadora,4,6,3,100822,1,0,6.8,0,3,No,0
L02896,Marketing Digital,36,CABA,Universitario,No,0.0,No,Pago unico,275000,238.3,Computadora,4,4,2,109958,0,2,7.2,0,5,No,0
L01621,Programacion Web,41,CABA,Secundario,No,0.0,No,Cuotas,551000,455.1,Computadora,23,2,0,0,0,0,,14,0,Si,1
L02648,Programación Web,21,CABA,Posgrado,No,0.0,Si,Pago unico,449000,367.6,Computadora,4,6,11,199565,2,2,9.4,1,5,No,0
L02774,Marketing Digital,22,CABA,Secundario,No,0.0,No,Cuotas,349000,290.2,Computadora,22,7,6,69807,0,2,5.8,1,2,No,0
L03168,Data Analytics,27,Buenos Aires,Terciario,No,0.0,Si,Beca,6000,4.8,Computadora,0,2,3,84204,1,2,4.4,10,0,Si,1
L00219,Marketing Digital,45,Buenos Aires,Universitario,Si,28.0,No,Cuotas,323000,266.2,Computadora,7,1,4,138178,1,0,5.8,1,1,No,0
L00585,Programación Web,17,Buenos Aires,Terciario,No,0.0,No,Pago unico,416000,340.2,Computadora,8,3,2,82064,0,0,6.3,0,5,No,0
L00715,DATA ANALYTICS,33,Santa Fe,Universitario,No,0.0,Si,Cuotas,478000,407.9,Celular,8,4,3,106948,4,2,6.1,2,2,No,0
L01017,Marketing Digital,29,Buenos Aires,Universitario,Si,47.0,No,Cuotas,322000,272.6,Celular,13,4,3,78774,3,2,4.8,0,2,No,0
L02964,marketing digital,27,CABA,Terciario,No,0.0,Si,Cuotas,340000,284.9,Celular,0,2,3,39837,1,0,,1,1,No,0
L02383,Marketing Digital,36,CABA,Secundario,Si,33.0,Si,Cuotas,321000,272.6,Celular,14,3,4,159965,2,2,7.7,1,3,No,0
L00601,UX/UI,31,CABA,Terciario,No,0.0,No,Beca,27000,22.6,Celular,19,6,3,76634,2,0,6.3,1,3,No,0
L03127,Programación Web,21,Buenos Aires,Terciario,No,0.0,No,Cuotas,531000,461.3,Computadora,18,8,5,172619,2,2,9.2,1,10,No,0
L01621,Programacion Web,41,CABA,Secundario,No,0.0,No,Cuotas,551000,455.1,Computadora,23,2,0,0,0,0,,14,0,Si,1
L02821,Producto Digital,25,Buenos Aires,Terciario,Si,42.0,Si,Pago unico,318000,263.7,Computadora,19,6,2,96452,0,2,,2,0,No,0
L01943,Programacion Web,54,Buenos Aires,Universitario,Si,51.0,No,Beca,103000,89.1,Computadora,4,5,2,85317,5,0,4.9,6,0,No,1
L01489,UX/UI,27,Otra,Secundario,Si,50.0,No,Pago unico,336000,279.5,Computadora,0,4,1,101191,1,1,,0,5,No,0
L01875,UX/UI,31,CABA,Terciario,No,0.0,No,Cuotas,412000,355.5,Celular,1,3,3,76014,1,2,8.5,1,0,No,0
L01931,Data Analytics,27,Buenos Aires,Secundario,Si,37.0,No,Cuotas,442000,377.8,Computadora,11,4,2,88995,2,0,4.6,2,4,No,0
L03133,python inicial,31,Buenos Aires,Terciario,No,0.0,No,Pago unico,242000,205.2,Computadora,21,9,4,161251,2,1,7.4,8,2,No,0
L02951,Python Inicial,35,CABA,Secundario,Si,36.0,Si,Cuotas,288000,234.3,Computadora,23,4,3,129523,1,1,6.8,0,4,No,0
L00439,Programación Web,42,CABA,Terciario,Si,43.0,No,Cuotas,497000,413.1,Celular,22,2,3,153096,0,2,7.5,1,4,No,0
L00682,UX-UI,48,Cordoba,Terciario,Si,26.0,No,Cuotas,421000,352.7,Celular,21,2,1,30377,2,1,8.6,5,0,Si,1
L00764,Marketing Digital,20,CABA,Terciario,Si,32.0,Si,Beca,86000,73.7,Computadora,21,3,2,86083,2,0,5.9,2,1,No,0
L02686,Python Inicial,64,CABA,Universitario,Si,51.0,Si,Cuotas,279000,234.7,Computadora,5,5,3,121946,1,2,9.9,1,4,No,0
L00651,Python Inicial,28,Mendoza,Terciario,No,0.0,Si,Beca,68000,56.5,Computadora,6,0,1,24016,0,2,,0,2,No,0
L01563,data analytics,27,Buenos Aires,Universitario,No,0.0,No,Beca,38000,31.2,Computadora,23,4,0,78704,0,1,5.3,1,3,No,0
L00277,Data Analytics,23,Buenos Aires,Terciario,Si,45.0,No,Cuotas,432000,366.1,Computadora,18,5,2,134212,2,2,5.2,0,7,No,0
L02668,Producto Digital,30,CABA,Terciario,Si,42.0,No,Cuotas,406000,326.2,Computadora,10,7,15,188792,5,1,10.0,0,7,No,0
L01754,Producto Digital,24,Buenos Aires,Universitario,Si,43.0,No,Pago unico,331000,276.8,Celular,20,5,0,0,1,1,,4,0,No,1
L02028,Python Inicial,23,Cordoba,Terciario,Si,32.0,No,Pago unico,228000,188.1,Computadora,12,1,5,70753,0,1,4.2,1,3,No,0
L01856,Marketing Digital,37,CABA,Universitario,Si,48.0,No,Beca,30000,25.1,Tablet,12,2,1,15479,0,1,5.9,2,3,No,0
L00493,Python Inicial,26,CABA,Terciario,Si,33.0,No,Pago unico,225000,180.3,Computadora,8,0,3,44374,3,1,6.0,5,0,Si,1
L01933,marketing digital,19,Buenos Aires,Secundario,No,0.0,No,Beca,11000,9.1,Computadora,10,4,5,85965,2,0,6.3,3,4,No,0
L02284,UX / UI,46,CABA,Universitario,Si,35.0,Si,Pago unico,368000,297.1,Computadora,14,4,5,62405,3,1,5.0,1,8,No,0
L00993,Python Inicial,26,Cordoba,Posgrado,Si,23.0,No,Pago unico,230000,189.2,Celular,2,5,6,89483,0,1,,5,5,No,0
L01068,Data Analytics,31,Cordoba,Universitario,Si,35.0,No,Pago unico,361000,308.0,Computadora,12,5,0,28262,0,1,5.0,5,1,No,0
L01889,Data Analytics,34,Mendoza,Secundario,Si,54.0,No,Pago unico,380000,324.6,Celular,15,6,1,0,0,1,,1,1,No,0
L01009,Python Inicial,24,Buenos Aires,Universitario,Si,22.0,No,Pago unico,228000,191.9,Computadora,15,2,1,2143,1,0,6.1,5,2,No,0
L02033,UX/UI,17,Otra,Universitario,No,0.0,Si,Cuotas,390000,313.3,Celular,19,4,2,98744,0,0,,4,1,No,0
L00914,Programacion Web,21,Cordoba,Terciario,Si,28.0,Si,Pago unico,454000,376.9,Computadora,10,10,9,267425,9,2,9.1,0,6,No,0
L00324,Marketing Digital,45,Otra,Universitario,Si,37.0,Si,Cuotas,318000,266.2,Tablet,3,3,4,148608,0,2,7.6,2,2,No,0
L00368,Data Analytics,38,Santa Fe,Universitario,No,0.0,No,Pago unico,368000,302.2,Celular,10,5,2,118521,2,0,5.9,3,0,Si,1
L01483,Python Inicial,25,Otra,Secundario,No,0.0,No,Beca,68000,56.5,Computadora,22,5,3,104779,1,2,7.5,2,7,No,0
L02906,Data Analytics,35,Cordoba,Terciario,No,0.0,No,Pago unico,365000,306.2,Computadora,23,3,2,44200,0,1,3.9,5,0,No,0
L02737,Data Analytics,41,Santa Fe,Universitario,Si,30.0,Si,Beca,69000,58.1,Computadora,8,2,1,0,1,1,8.9,4,4,No,0
L02862,UX/UI,40,Cordoba,Universitario,Si,49.0,Si,Cuotas,397000,344.5,Computadora,12,3,2,21814,1,1,5.5,7,2,No,0
L00311,Data Analytics,30,Otra,Universitario,No,0.0,No,Pago unico,366000,298.7,Celular,3,6,8,142940,1,1,9.1,0,7,No,0
L02137,UX/UI,17,Buenos Aires,Terciario,Si,46.0,No,Cuotas,430000,356.1,Celular,16,3,3,176638,2,2,7.2,2,6,No,0
L01152,marketing digital,43,CABA,Terciario,No,0.0,No,Cuotas,316000,262.6,Computadora,23,4,3,75458,0,1,8.9,3,4,No,0
L00166,Data Analytics,35,Otra,Terciario,No,0.0,No,Pago unico,398000,319.6,Computadora,19,2,7,147935,5,1,,0,4,No,0
L01330,Programacion Web,21,CABA,Secundario,No,0.0,Si,Cuotas,546000,442.4,Celular,13,3,5,6844,0,1,,7,0,Si,1
L00238,Marketing Digital,29,Buenos Aires,Universitario,No,0.0,Si,Pago unico,287000,230.0,Computadora,13,2,4,76678,0,2,,4,4,No,0
L00511,Programacion Web,17,Buenos Aires,Universitario,No,0.0,Si,Cuotas,544000,441.8,Celular,9,3,3,62595,1,1,6.1,3,3,No,0
L01212,Producto Digital,35,CABA,Posgrado,Si,36.0,No,Pago unico,315000,261.1,Celular,20,2,3,79472,2,1,6.9,10,2,No,0
L03056,Programacion Web,32,Buenos Aires,Universitario,Si,41.0,No,Cuotas,501000,425.4,Computadora,18,3,4,81891,3,0,,2,2,No,0
L01822,Programacion Web,27,CABA,Posgrado,Si,33.0,Si,Beca,87000,71.0,Computadora,4,3,4,103857,2,0,7.5,9,2,No,0
L01987,Producto Digital,20,Mendoza,Terciario,Si,50.0,No,Cuotas,406000,348.0,Computadora,15,4,3,113578,1,0,5.3,1,4,No,0
L01204,Marketing Digital,33,Buenos Aires,Posgrado,Si,17.0,No,Pago unico,283000,244.3,Celular,6,6,5,123977,1,2,7.5,0,8,No,0
L01149,programacion web,42,CABA,Posgrado,No,0.0,No,Cuotas,483000,388.1,Celular,5,1,4,23898,2,2,7.0,0,3,No,0
L03001,Data Analytics,17,Buenos Aires,Terciario,No,0.0,Si,Pago unico,392000,321.4,Celular,2,3,2,65353,2,2,,1,0,Si,1
L02783,Marketing Digital,36,CABA,Secundario,No,0.0,Si,Cuotas,331000,285.6,Computadora,5,5,7,167430,1,2,10.0,0,5,No,0
L01658,Producto Digital,30,Otra,Universitario,No,0.0,No,Pago unico,331000,268.0,Celular,10,4,3,137316,0,1,10.0,1,2,No,0
L02295,Programacion Web,24,CABA,Posgrado,No,0.0,No,Pago unico,430000,373.8,Celular,13,2,1,88883,0,0,,2,4,No,0
L03194,Python inicial,26,Otra,Secundario,No,0.0,Si,Cuotas,284000,235.3,Computadora,21,3,2,108016,3,2,6.9,0,3,No,0
L00782,Marketing Digital,22,Cordoba,Universitario,No,0.0,Si,Pago unico,276000,235.1,Computadora,3,5,4,105230,1,1,6.2,0,5,No,0
L00620,Data Analytics,17,Otra,Secundario,No,0.0,Si,Beca,51000,40.9,Computadora,10,4,2,28792,0,2,,0,0,No,0
L02282,Programacion Web,30,Cordoba,Universitario,Si,32.0,Si,Pago unico,449000,366.7,Celular,7,3,2,128623,1,1,6.6,6,1,No,0
L00670,Programacion Web,20,Buenos Aires,Universitario,Si,50.0,No,Beca,131000,107.8,Tablet,9,1,4,48763,1,1,4.9,6,1,Si,1
L02430,Python Inicial,29,Otra,Universitario,No,0.0,No,Beca,8000,6.5,Computadora,4,4,2,81641,1,1,6.9,6,1,No,0
L02414,Data Analytics,23,CABA,Terciario,Si,45.0,Si,Cuotas,424000,341.1,Celular,22,5,3,35336,0,0,4.0,7,0,Si,1
L00475,Programacion Web,26,CABA,Universitario,No,0.0,No,Cuotas,482000,410.6,Computadora,1,4,5,97789,0,1,7.6,1,4,No,0
L00635,Producto Digital,35,Cordoba,Secundario,No,0.0,Si,Cuotas,382000,308.0,Computadora,8,4,6,95440,1,1,5.7,1,7,No,0
L00837,Python Inicial,31,Buenos Aires,Posgrado,Si,50.0,No,Cuotas,297000,256.6,Tablet,11,8,3,136664,1,2,,0,0,No,1
L00263,UX/UI,39,Buenos Aires,Terciario,No,0.0,No,Cuotas,431000,364.4,Computadora,6,5,5,132830,4,1,6.5,2,8,No,0
L00067,Data Analytics,20,CABA,Universitario,No,0.0,No,Cuotas,474000,409.8,Computadora,7,1,0,61683,0,1,5.1,0,3,No,0
L01789,Programacion Web,56,Mendoza,Universitario,Si,30.0,No,Pago unico,409000,348.5,Celular,2,5,3,97605,3,1,7.8,1,4,No,0
L01985,Producto Digital,34,Mendoza,Terciario,Si,39.0,Si,Cuotas,405000,337.2,Computadora,11,3,5,160923,2,2,8.0,3,3,No,0
L00871,Python Inicial,17,Cordoba,Secundario,No,0.0,No,Beca,17000,14.1,Computadora,1,3,1,16954,0,0,5.6,5,0,Si,1
L02031,Python Inicial,42,CABA,Terciario,Si,40.0,No,Cuotas,267000,230.5,Computadora,18,4,5,82885,0,1,8.4,1,6,No,0
L03148,Marketing Digital,26,Santa Fe,Terciario,Si,39.0,Si,Beca,23000,18.8,Celular,18,1,1,63498,3,0,6.2,6,0,No,0
L00864,Marketing Digital,19,CABA,Universitario,No,0.0,No,Cuotas,348000,280.0,Computadora,18,3,3,111994,1,2,7.3,0,6,No,0
L00329,Producto Digital,25,Otra,Posgrado,No,0.0,Si,Cuotas,392000,322.5,Computadora,15,1,3,78989,2,2,,14,2,No,0
L02864,Python Inicial,35,CABA,Secundario,Si,32.0,No,Cuotas,294000,255.3,Computadora,3,3,5,118241,2,2,8.8,2,3,No,0
L02432,Data Analytics,24,Buenos Aires,Secundario,No,0.0,No,Cuotas,480000,403.1,Tablet,7,10,3,106836,3,2,6.5,6,4,No,0
L02030,Programacion Web,20,CABA,Universitario,No,0.0,Si,Pago unico,434000,347.7,Celular,16,5,5,141456,1,2,8.7,1,4,No,0
L01612,Marketing Digital,31,CABA,Universitario,Si,37.0,Si,Cuotas,312000,261.8,Celular,5,3,1,38884,1,2,4.2,2,3,No,0
L01109,Marketing Digital,20,CABA,Universitario,No,0.0,Si,Beca,57000,47.6,Computadora,12,4,3,58980,0,0,7.5,6,2,No,0
L02355,Python Inicial,34,Santa Fe,Universitario,No,0.0,Si,Beca,21000,17.4,Celular,4,3,3,110446,1,1,6.2,6,2,No,0
L03088,Producto Digital,25,Buenos Aires,Terciario,Si,34.0,No,Cuotas,382000,330.7,Computadora,10,3,3,147479,2,2,9.5,1,6,No,0
L02644,Data Analytics,58,CABA,Universitario,Si,37.0,No,Pago unico,385000,333.4,Computadora,5,5,1,83597,0,2,5.5,2,0,Si,1
L02912,Python Inicial,42,CABA,Universitario,No,0.0,Si,Pago unico,228000,195.0,Celular,14,2,2,60306,1,0,,0,4,No,0
L01221,Programacion Web,18,CABA,Secundario,No,0.0,Si,Cuotas,506000,410.1,Computadora,3,1,0,49172,0,0,4.2,9,0,Si,1
L01690,Data Analytics,31,Santa Fe,Posgrado,No,0.0,No,Pago unico,362000,308.0,Computadora,10,4,4,0,1,0,,9,1,Si,1
L00261,producto digital,25,CABA,Universitario,No,0.0,No,Cuotas,395000,338.0,Computadora,15,1,2,107590,0,0,5.6,4,3,No,0
L02599,Data Analytics,17,Buenos Aires,Universitario,Si,42.0,No,Beca,122000,98.1,Computadora,8,2,1,1611,1,0,,14,0,No,1
L01809,Prog. Web,57,CABA,Universitario,Si,50.0,Si,Pago unico,423000,343.7,Computadora,8,2,3,150007,0,2,5.9,0,5,No,0
L01363,Data Analytics,17,Otra,Terciario,No,0.0,No,Cuotas,470000,387.3,Tablet,16,5,2,80874,1,2,7.1,2,2,No,0
L01044,Python Inicial,34,Buenos Aires,Universitario,Si,25.0,No,Beca,23000,18.4,Computadora,19,0,7,84565,0,1,,1,6,No,0
L00770,Marketing Digital,23,Cordoba,Universitario,No,0.0,No,Beca,76000,65.9,Computadora,2,5,0,35823,2,1,,1,3,No,0
L01626,Marketing Digital,22,Cordoba,Posgrado,No,0.0,No,Cuotas,324000,265.9,Computadora,8,4,1,94653,2,1,,0,1,No,0
L01706,Prog. Web,20,CABA,Universitario,No,0.0,No,Pago unico,420000,348.7,Computadora,15,2,3,32940,0,0,7.4,1,0,No,0
L02234,Producto Digital,52,Otra,Secundario,No,0.0,No,Pago unico,321000,268.6,Celular,15,3,2,74883,2,2,8.5,3,0,Si,1
L03146,Marketing Digital,33,CABA,Secundario,Si,24.0,No,Cuotas,334000,278.0,Computadora,5,2,0,9185,0,0,8.5,5,0,No,1
L00755,Data Analytics,18,Otra,Universitario,No,0.0,No,Cuotas,441000,377.9,Celular,1,4,6,100822,2,1,4.6,5,1,No,0
L02111,Marketing Digital,39,Santa Fe,Universitario,Si,38.0,No,Cuotas,323000,272.6,Computadora,9,3,5,123332,1,2,7.0,0,3,No,0
L02589,Programacion Web,31,Cordoba,Terciario,No,0.0,Si,Pago unico,417000,362.5,Computadora,16,4,6,150073,3,2,8.7,0,5,No,0
L02330,Data Analytics,52,Otra,Universitario,Si,32.0,No,Cuotas,476000,411.9,Computadora,7,2,6,72895,0,1,8.8,0,9,No,0
L01606,Python Inicial,20,CABA,Universitario,Si,28.0,No,Cuotas,294000,249.6,Celular,19,3,0,27056,4,0,6.7,7,0,No,1
L02959,UX/UI,31,CABA,Universitario,No,0.0,Si,Cuotas,391000,339.6,Computadora,11,7,8,84958,0,1,10.0,1,3,No,0
L02522,ux/ui,19,Cordoba,Posgrado,Si,38.0,Si,Cuotas,425000,354.7,Celular,16,3,1,84411,0,2,6.8,5,5,No,0
L02106,Marketing Digital,21,Otra,Secundario,No,0.0,No,Cuotas,311000,252.5,Celular,11,3,6,73792,4,0,6.4,5,2,No,0
L00289,UX/UI,23,CABA,Secundario,Si,40.0,No,Cuotas,401000,322.6,Tablet,6,3,1,76660,1,0,6.2,2,3,No,0
L00227,Marketing Digital,34,Cordoba,Universitario,Si,38.0,Si,Cuotas,320000,263.1,Celular,2,10,12,197993,2,1,10.0,1,1,No,0
L01996,Python Inicial,37,Buenos Aires,Universitario,No,0.0,No,Cuotas,266000,224.1,Computadora,2,4,9,189060,2,2,7.5,0,11,No,0
L00955,Programacion Web,31,CABA,Universitario,Si,36.0,No,Pago unico,426000,344.3,Tablet,3,3,0,68431,0,1,6.1,1,2,No,0
L01768,Data Analytics,17,Santa Fe,Universitario,No,0.0,No,Pago unico,368000,299.3,Computadora,18,1,7,55921,0,2,,1,2,No,0
L00545,Python Inicial,23,Santa Fe,Secundario,No,0.0,No,Beca,13000,11.1,Tablet,9,2,4,35978,4,1,8.3,2,3,No,0
L02491,Producto Digital,42,CABA,Universitario,Si,50.0,No,Pago unico,322000,273.7,Computadora,23,4,7,189176,3,2,7.3,2,3,No,0
L01219,Producto Digital,38,Cordoba,Posgrado,No,0.0,Si,Pago unico,335000,290.2,Computadora,3,10,13,167758,2,2,9.6,0,10,No,0
L01513,Python Inicial,17,Cordoba,Secundario,No,0.0,Si,Cuotas,277000,228.8,Celular,19,6,5,139158,2,2,7.4,7,0,Si,1
L02675,Programacion Web,30,CABA,Universitario,No,0.0,No,Cuotas,492000,395.9,Celular,14,2,2,59009,2,0,,14,0,No,1
L01199,Data Analytics,29,Otra,Terciario,No,0.0,No,Cuotas,477000,386.5,Computadora,14,6,0,92744,0,0,8.7,1,3,No,0
L01108,Data Analytics,18,Buenos Aires,Terciario,No,0.0,No,Cuotas,421000,359.9,Computadora,1,1,2,115475,1,1,,2,6,No,0
L00689,Marketing Digital,40,CABA,Posgrado,No,0.0,Si,Pago unico,267000,216.7,Celular,21,4,1,49840,0,1,,1,2,No,0
L02078,UX/UI,41,CABA,Universitario,Si,37.0,No,Cuotas,407000,339.4,Computadora,5,2,3,88412,1,0,6.0,2,3,No,0
L01953,Python Inicial,38,Cordoba,Terciario,Si,44.0,Si,Cuotas,260000,210.0,Computadora,14,2,2,25781,1,0,,2,2,No,0
L02085,UX/UI,31,CABA,Universitario,Si,28.0,No,Cuotas,421000,339.0,Celular,1,5,1,92122,2,2,5.8,7,2,No,0
L01163,Data Analytics,42,Buenos Aires,Universitario,Si,19.0,No,Cuotas,429000,372.3,Computadora,12,9,7,204830,2,2,9.0,0,8,No,0
L03130,Programacion Web,27,CABA,Posgrado,No,0.0,No,Cuotas,538000,445.6,Computadora,21,3,3,44432,1,1,,1,0,Si,1
L03162,Programacion Web,29,CABA,Secundario,No,0.0,Si,Cuotas,493000,413.3,Computadora,1,6,5,191945,0,2,7.6,1,4,No,0
L02392,Marketing Digital,34,Buenos Aires,Universitario,Si,39.0,No,Pago unico,277000,230.9,Computadora,21,5,4,93266,2,1,7.6,1,0,Si,1
L02756,Programacion Web,30,Buenos Aires,Secundario,No,0.0,No,Cuotas,515000,443.9,Celular,14,3,5,141740,3,2,9.0,1,8,No,0
L02096,Producto Digital,23,Cordoba,Universitario,Si,45.0,No,Cuotas,410000,351.6,Celular,8,8,5,135605,1,0,8.3,2,2,No,0
L00349,Data Analytics,25,Buenos Aires,Secundario,No,0.0,Si,Cuotas,475000,401.0,Computadora,8,3,4,151566,1,1,7.5,0,6,No,0
L01767,Data analytics ,33,Buenos Aires,Universitario,Si,40.0,No,Pago unico,385000,331.7,Computadora,22,4,1,38071,0,1,4.8,2,4,No,0
L01438,Data Analytics,25,Buenos Aires,Universitario,No,0.0,No,Pago unico,364000,310.1,Celular,22,7,3,129842,2,2,8.1,0,3,No,0
L00332,producto digital,28,Cordoba,Universitario,Si,26.0,No,Pago unico,309000,258.4,Computadora,11,5,5,88439,1,1,7.3,2,3,No,0
L00157,Python Inicial,27,CABA,Universitario,No,0.0,No,Cuotas,278000,241.2,Celular,7,6,5,49291,0,1,8.6,2,1,No,0
L01338,UX/UI,52,Buenos Aires,Universitario,Si,33.0,No,Pago unico,356000,304.1,Computadora,5,2,2,81133,1,1,5.1,6,0,Si,1
L03073,Data Analytics,19,Buenos Aires,Universitario,Si,37.0,Si,Cuotas,434000,348.5,Computadora,6,3,3,101973,2,1,,6,1,No,0
L01514,UX/UI,38,CABA,Universitario,Si,42.0,No,Pago unico,332000,272.7,Celular,10,4,1,53136,0,0,,5,0,Si,1
L01655,Data Analytics,26,Buenos Aires,Secundario,No,0.0,Si,Beca,67000,54.8,Computadora,19,7,5,121614,3,2,8.7,1,4,No,0
L01511,Data Analytics,20,Buenos Aires,Secundario,No,0.0,Si,Pago unico,363000,315.0,Computadora,9,5,1,138035,1,2,8.2,3,7,No,0
L00088,Marketing Digital,42,CABA,Universitario,Si,29.0,No,Pago unico,292000,235.7,Computadora,15,5,8,180567,2,2,7.9,3,5,No,0
L00043,Programacion Web,22,Buenos Aires,Terciario,No,0.0,No,Cuotas,541000,438.0,Computadora,1,6,8,165305,3,2,4.9,1,15,No,0
L00164,Python Inicial,31,CABA,Universitario,Si,24.0,No,Pago unico,227000,185.6,Celular,20,5,1,22769,0,2,4.9,0,0,No,1
L01989,Programacion Web,38,Buenos Aires,Universitario,Si,46.0,Si,Cuotas,544000,449.0,Computadora,16,6,6,133973,1,2,6.9,1,1,No,0
L01630,Producto Digital,24,Santa Fe,Terciario,No,0.0,Si,Beca,23000,18.9,Celular,14,5,1,90624,0,1,7.5,1,6,No,0
L02366,Producto Digital,19,CABA,Universitario,No,0.0,Si,Beca,59000,49.5,Computadora,5,4,1,109111,0,1,6.8,8,1,No,0
L00006,Python Inicial,43,Santa Fe,Terciario,Si,28.0,No,Cuotas,291000,247.9,Computadora,3,4,5,150130,2,2,8.1,0,3,No,0
L01818,Producto Digital,23,Buenos Aires,Posgrado,No,0.0,No,Cuotas,364000,309.1,Computadora,2,2,1,16717,1,1,3.4,7,1,Si,1
L01281,Producto Digital,30,Cordoba,Universitario,No,0.0,No,Cuotas,391000,317.0,Celular,15,7,11,149408,5,2,7.1,0,4,No,0
L01887,Marketing Digital,17,CABA,Universitario,Si,45.0,Si,Pago unico,277000,234.0,Celular,4,5,1,67055,0,1,3.9,2,7,No,0
L02216,Data Analytics,37,CABA,Universitario,Si,34.0,No,Pago unico,372000,321.1,Computadora,5,4,2,11421,0,0,5.7,2,1,Si,1
L01928,Data Analytics,19,CABA,Secundario,No,0.0,Si,Cuotas,464000,385.1,Celular,16,1,0,120071,2,1,,0,2,No,0
L00022,UX/UI,29,Buenos Aires,Secundario,Si,33.0,Si,Cuotas,411000,336.1,Computadora,16,4,3,103616,2,2,6.1,1,3,No,0
L00753,Python Inicial,22,Mendoza,Terciario,Si,27.0,No,Cuotas,269000,219.4,Computadora,2,4,6,122588,4,2,9.3,1,6,No,0
L00776,UX/UI,17,CABA,Secundario,No,0.0,No,Beca,46000,38.5,Celular,19,4,0,4000,0,0,7.4,6,0,Si,1
L02546,Python Inicial,38,CABA,Universitario,Si,27.0,Si,Cuotas,272000,228.3,Computadora,2,5,2,161585,0,2,8.2,1,4,No,0
L03000,python inicial,31,Otra,Terciario,Si,37.0,Si,Cuotas,294000,242.7,Computadora,7,2,8,129907,2,2,9.9,0,5,No,0
L00992,Producto Digital,23,CABA,Universitario,No,0.0,No,Pago unico,336000,279.3,Computadora,22,2,1,61182,1,1,4.1,3,3,No,0
L01023,Programacion Web,18,CABA,Terciario,No,0.0,Si,Cuotas,548000,440.9,Computadora,17,2,3,111680,0,1,5.3,1,4,No,0
L02358,Marketing Digital,26,Otra,Universitario,No,0.0,No,Cuotas,334000,276.8,Celular,20,4,3,94860,1,2,,7,0,Si,1
L01583,Marketing Digital,28,Buenos Aires,Terciario,Si,36.0,No,Cuotas,356000,288.5,Computadora,22,5,3,102064,3,1,8.2,1,8,No,0
L01373,Programacion Web,26,Santa Fe,Universitario,No,0.0,Si,Pago unico,433000,367.2,Tablet,13,8,7,170909,5,2,10.0,2,4,No,0
L02002,Producto Digital,27,CABA,Universitario,No,0.0,Si,Cuotas,375000,302.2,Computadora,4,4,2,153747,3,0,6.7,0,4,No,0
L02689,Marketing Digital,20,Cordoba,Secundario,No,0.0,No,Cuotas,351000,296.9,Computadora,15,5,6,125149,2,1,6.4,0,3,No,0
L00922,UX/UI,30,Otra,Universitario,No,0.0,Si,Beca,100000,84.0,Computadora,1,2,0,99805,2,2,5.0,0,5,No,0
L00336,Programacion Web,23,CABA,Terciario,No,0.0,No,Cuotas,541000,440.0,Celular,1,4,1,0,0,0,,1,1,No,1
L00214,Programacion Web,28,Santa Fe,Secundario,Si,50.0,No,Cuotas,520000,424.6,Tablet,1,3,2,39759,0,1,8.1,0,1,No,0
L00662,Marketing Digital,27,CABA,Terciario,Si,27.0,No,Cuotas,354000,291.7,Computadora,10,4,3,38619,1,0,7.1,0,2,No,0
L03147,UX/UI,27,CABA,Terciario,Si,28.0,Si,Pago unico,350000,295.4,Computadora,11,6,6,117088,0,2,9.8,4,4,No,0
L02813,Data Analytics,31,Santa Fe,Posgrado,No,0.0,No,Cuotas,447000,360.2,Computadora,22,3,0,16672,0,0,,9,0,Si,1
L02009,UX-UI,43,Santa Fe,Secundario,Si,48.0,No,Pago unico,347000,300.1,Computadora,12,4,3,64210,0,1,,0,7,No,0
L01319,Marketing Digital,17,CABA,Posgrado,No,0.0,Si,Beca,54000,46.2,Computadora,4,3,3,114966,1,1,6.2,3,5,No,0
L01973,Data Analytics,26,Buenos Aires,Universitario,No,0.0,Si,Cuotas,427000,345.6,Computadora,15,4,4,79532,2,2,6.8,0,3,No,0
L00179,python inicial,20,Buenos Aires,Terciario,No,0.0,No,Cuotas,262000,223.4,Computadora,13,1,4,24429,0,2,6.0,2,5,No,0
L02629,DATA ANALYTICS,24,Otra,Universitario,No,0.0,No,Beca,104000,87.7,Computadora,21,3,4,78205,0,2,6.4,3,0,Si,1
L00608,Programacion Web,27,CABA,Universitario,No,0.0,No,Cuotas,544000,452.0,Computadora,10,1,0,60521,2,2,8.0,1,2,No,0
L02981,Data Analytics,28,CABA,Universitario,Si,36.0,No,Cuotas,424000,351.6,Computadora,4,7,2,35604,1,0,,0,0,Si,1
L01207,Data Analytics,25,Buenos Aires,Secundario,Si,35.0,No,Beca,69000,57.3,Computadora,15,3,1,80576,1,0,,1,2,No,0
L02669,Programacion Web,29,CABA,Terciario,No,0.0,No,Cuotas,541000,443.7,Computadora,19,3,3,74163,1,2,,1,0,Si,1
L02014,programacion web,25,Santa Fe,Secundario,No,0.0,No,Pago unico,446000,364.8,Celular,5,4,4,154021,2,2,9.3,4,3,No,0
L02882,Python Inicial,32,Buenos Aires,Universitario,Si,33.0,No,Beca,44000,37.0,Computadora,12,5,3,46863,0,1,,14,0,Si,1
L00923,Producto Digital,23,CABA,Terciario,Si,42.0,No,Cuotas,412000,348.0,Computadora,19,3,2,98928,2,2,6.7,1,2,No,0
L00060,Python Inicial,43,Santa Fe,Universitario,No,0.0,Si,Cuotas,276000,223.4,Computadora,14,4,5,7157,2,1,6.6,2,2,No,0
L00248,Data Analytics,22,Buenos Aires,Terciario,Si,55.0,Si,Beca,107000,87.1,Celular,20,2,2,79033,1,1,,1,0,No,1
L03057,Data Analytics,19,CABA,Posgrado,No,0.0,No,Pago unico,391000,314.3,Computadora,15,5,2,74247,0,0,,1,5,No,0
L00304,ux/ui,29,CABA,Posgrado,No,0.0,Si,Pago unico,336000,291.1,Computadora,17,7,2,79968,3,2,8.0,1,4,No,0
L00288,Producto Digital,17,CABA,Posgrado,No,0.0,Si,Pago unico,310000,265.9,Celular,7,3,2,127660,1,1,7.1,1,4,No,0
L01673,Python Inicial,20,Mendoza,Secundario,No,0.0,Si,Cuotas,298000,244.7,Computadora,0,8,6,172849,3,2,,1,11,No,0
L01932,Programacion Web,38,CABA,Secundario,Si,40.0,No,Pago unico,433000,363.1,Computadora,4,10,0,68805,0,1,,0,3,No,0
L00521,Marketing Digital,36,Mendoza,Universitario,Si,,No,Pago unico,291000,238.7,Computadora,14,7,4,57177,1,2,,1,0,No,0
L01645,Data Analytics,29,Buenos Aires,Terciario,No,0.0,No,Cuotas,431000,348.5,Celular,10,2,4,72868,0,2,,4,2,No,0
L02911,data analytics,41,Mendoza,Universitario,No,0.0,No,Cuotas,478000,392.9,Computadora,16,6,3,99964,0,1,6.5,0,4,No,0
L01521,Data Analytics,37,Mendoza,Universitario,No,0.0,Si,Pago unico,357000,286.9,Computadora,21,5,17,190684,7,2,8.8,1,7,No,0
L01838,UX/UI,27,Buenos Aires,Universitario,No,0.0,Si,Cuotas,432000,351.6,Computadora,23,8,7,113005,1,1,8.4,1,3,No,0
L01574,UX/UI,33,Mendoza,Terciario,Si,41.0,No,Beca,11000,9.4,Computadora,21,2,2,59358,1,1,,9,0,No,1
L02623,UX/UI,33,Santa Fe,Terciario,Si,36.0,Si,Cuotas,425000,345.3,Computadora,19,1,4,45846,2,2,7.2,3,2,No,0
L00700,Marketing Digital,21,Buenos Aires,Universitario,No,0.0,No,Cuotas,324000,263.6,Celular,23,4,7,139322,0,1,,2,3,No,0
L03006,Data analytics ,17,Buenos Aires,Posgrado,No,0.0,No,Cuotas,420000,344.1,Celular,7,3,5,140113,3,2,9.6,0,7,No,0
L03113,Producto Digital,24,Cordoba,Universitario,No,0.0,Si,Beca,37000,30.1,Computadora,12,3,2,112892,3,2,,6,7,No,0
L02048,UX/UI,23,Buenos Aires,Terciario,No,0.0,No,Cuotas,419000,352.9,Computadora,18,7,2,113636,0,0,6.6,0,4,No,0
L02456,Python Inicial,32,Buenos Aires,Terciario,Si,44.0,No,Pago unico,236000,196.0,Celular,17,1,1,44235,0,0,,12,1,Si,1
L02732,Data Analytics,19,Cordoba,Terciario,No,0.0,Si,Pago unico,395000,332.9,Computadora,22,3,1,130604,1,1,5.2,6,1,No,0
L02054,UX/UI,28,Mendoza,Secundario,Si,53.0,Si,Pago unico,337000,289.2,Computadora,4,2,1,63654,1,2,9.6,0,3,No,0
L00404,Data Analytics,40,CABA,Universitario,Si,45.0,No,Cuotas,441000,370.7,Celular,5,4,1,121006,0,2,7.5,1,4,No,0
L00026,Programacion Web,23,Cordoba,Secundario,Si,39.0,Si,Pago unico,433000,360.6,Computadora,0,8,0,65122,0,1,,8,0,No,1
L01395,Producto Digital,20,Cordoba,Universitario,No,0.0,No,Pago unico,332000,268.5,Computadora,23,5,8,104727,2,1,6.8,0,4,No,0
L01994,UX/UI,31,Cordoba,Universitario,No,0.0,Si,Pago unico,334000,274.1,Celular,13,2,5,127680,1,2,7.4,0,3,No,0
L02424,Python Inicial,24,Buenos Aires,Universitario,Si,36.0,No,Pago unico,241000,204.3,Computadora,22,2,1,48013,2,1,,14,0,No,1
L01040,Programacion Web,27,Buenos Aires,Terciario,No,0.0,No,Pago unico,453000,369.8,Computadora,13,3,6,133388,1,1,8.2,1,3,No,0
L02015,UX/UI,20,Santa Fe,Universitario,Si,,Si,Pago unico,344000,281.0,Computadora,8,7,5,74855,3,2,9.1,2,8,No,0
L03152,Prog. Web,51,Otra,Posgrado,Si,39.0,No,Pago unico,455000,379.1,Computadora,10,9,12,191991,2,2,7.3,0,9,No,0
L03136,Data Analytics,19,Otra,Universitario,No,0.0,No,Beca,27000,23.5,Computadora,7,3,1,77041,1,0,,1,2,No,0
L00220,Data Analytics,59,Otra,Terciario,Si,,Si,Pago unico,382000,309.8,Computadora,3,3,3,123857,1,2,7.7,3,4,No,0
L02861,Data Analytics,40,CABA,Secundario,No,0.0,No,Cuotas,470000,378.8,Celular,0,6,0,2915,2,1,,1,0,No,1
L01293,UX/UI,22,Mendoza,Terciario,Si,46.0,No,Cuotas,416000,359.1,Computadora,21,1,2,9185,1,2,6.8,6,0,Si,1
L00708,Marketing Digital,52,CABA,Terciario,Si,37.0,Si,Cuotas,329000,280.6,Computadora,22,2,0,116990,1,0,6.8,6,0,Si,1
L00243,Producto Digital,22,Buenos Aires,Posgrado,No,0.0,No,Beca,100000,85.7,Computadora,4,7,5,166824,6,2,8.3,0,6,No,0
L03149,Programacion Web,29,CABA,Universitario,Si,40.0,No,Beca,116000,95.8,Celular,19,0,1,55131,1,1,6.0,2,1,No,0
L02600,Programacion Web,34,Buenos Aires,Secundario,No,0.0,Si,Cuotas,522000,431.7,Computadora,3,6,3,154891,1,2,6.9,4,4,No,0
L02519,Programacion Web,24,CABA,Posgrado,No,0.0,No,Pago unico,440000,374.9,Celular,12,4,5,74507,1,2,3.8,0,1,No,0
L00317,Programacion Web,40,Buenos Aires,Universitario,Si,52.0,No,Pago unico,415000,346.6,Computadora,0,7,5,68984,0,1,6.9,1,3,No,0
L02426,Marketing Digital,24,Santa Fe,Posgrado,No,0.0,No,Pago unico,284000,241.4,Tablet,0,2,2,99761,0,1,3.3,2,5,No,0
L01896,Python Inicial,31,Otra,Universitario,No,0.0,Si,Cuotas,261000,221.0,Computadora,23,5,2,94702,0,1,7.7,1,5,No,0
L02977,Marketing Digital,24,CABA,Terciario,Si,33.0,No,Cuotas,344000,281.6,Computadora,17,1,0,43227,0,0,6.6,8,1,No,0
L01426,Producto Digital,23,CABA,Terciario,No,0.0,No,Cuotas,401000,331.0,Computadora,20,4,2,33590,0,1,,3,0,No,0
L02799,Prog. Web,40,CABA,Posgrado,No,0.0,Si,Cuotas,488000,410.4,Computadora,21,11,4,136659,2,2,8.2,0,6,No,0
L00002,marketing digital,41,CABA,Terciario,No,0.0,No,Pago unico,291000,237.6,Computadora,11,1,4,118053,1,1,9.0,1,4,No,0
L03195,Producto Digital,28,Santa Fe,Terciario,No,0.0,No,Cuotas,365000,292.4,Computadora,9,8,6,158515,1,2,10.0,0,6,No,0
L02807,Marketing Digital,18,Buenos Aires,Secundario,No,0.0,Si,Pago unico,273000,230.6,Computadora,23,4,2,135547,1,2,7.2,0,0,Si,1
L01185,Marketing Digital,17,Cordoba,Universitario,No,0.0,No,Cuotas,342000,293.7,Celular,7,3,2,106888,1,1,4.8,7,0,No,1
L02638,Data Analytics,35,CABA,Universitario,No,0.0,Si,Cuotas,460000,389.9,Computadora,13,3,6,80701,1,0,6.5,2,4,No,0
L01088,Programacion Web,17,CABA,Posgrado,Si,35.0,No,Cuotas,502000,428.3,Computadora,12,4,0,133824,0,1,4.2,2,3,No,0
L00626,Marketing Digital,32,Buenos Aires,Universitario,No,0.0,No,Pago unico,278000,230.1,Celular,2,5,1,0,0,0,,13,2,No,0
L02401,UX/UI,19,Buenos Aires,Terciario,No,0.0,No,Cuotas,436000,369.1,Computadora,10,5,2,100622,1,2,8.1,0,10,No,0
L00437,Python Inicial,23,Buenos Aires,Terciario,Si,39.0,No,Cuotas,294000,246.7,Computadora,21,3,0,82761,1,0,7.3,4,0,Si,1
L02082,DATA ANALYTICS,24,Buenos Aires,Universitario,Si,59.0,No,Cuotas,438000,376.6,Celular,22,5,4,39244,0,0,,1,0,Si,1
L01907,Programacion Web,24,Otra,Terciario,No,0.0,No,Pago unico,425000,352.4,Computadora,14,4,3,128965,2,2,7.2,2,3,No,0
L01213,UX/UI,34,Buenos Aires,Universitario,Si,52.0,No,Pago unico,370000,305.9,Computadora,6,1,1,39922,1,2,6.0,0,0,No,1
L00913,Python Inicial,34,Buenos Aires,Secundario,Si,47.0,No,Cuotas,273000,233.7,Celular,3,0,1,32797,0,1,6.5,0,3,No,0
L03009,Data Analytics,35,Buenos Aires,Terciario,No,0.0,No,Cuotas,475000,390.3,Computadora,7,2,2,62352,0,2,,1,0,Si,1
L02877,Programacion Web,24,CABA,Universitario,No,0.0,Si,Beca,16000,13.7,Computadora,23,2,4,80869,3,1,4.7,1,4,No,0
L01780,Programacion Web,36,Buenos Aires,Universitario,No,0.0,No,Cuotas,525000,433.4,Celular,13,7,1,62157,2,1,5.7,4,0,Si,1
L00450,Marketing Digital,17,CABA,Universitario,No,0.0,No,Beca,14000,12.0,Computadora,12,2,2,0,0,0,,14,0,No,1
L01793,Programacion Web,29,Buenos Aires,Universitario,No,0.0,No,Pago unico,416000,337.9,Computadora,4,6,6,166810,3,2,8.3,0,8,No,0
L00699,Python Inicial,26,Buenos Aires,Secundario,No,0.0,No,Cuotas,281000,232.9,Computadora,18,4,5,102154,3,1,7.2,2,6,No,0
L02985,UX/UI,17,CABA,Terciario,No,0.0,Si,Pago unico,365000,297.1,Celular,20,0,1,0,0,0,,1,1,No,0
L00032,python inicial,24,Buenos Aires,Universitario,Si,55.0,No,Beca,68000,57.3,Computadora,8,2,2,46039,1,0,7.5,11,1,Si,1
L00769,Data Analytics,31,Otra,Terciario,No,0.0,No,Cuotas,424000,354.5,Tablet,5,2,3,53263,0,2,7.2,3,2,No,0
L00396,Marketing Digital,30,Otra,Universitario,No,0.0,Si,Pago unico,277000,237.9,Celular,23,6,5,152030,1,2,8.8,0,5,No,0
L02687,Producto Digital,21,CABA,Universitario,No,0.0,No,Pago unico,330000,269.4,Computadora,22,4,4,109592,0,1,5.8,5,1,No,0
L02120,Producto Digital,30,Cordoba,Universitario,No,0.0,No,Cuotas,381000,313.8,Computadora,22,4,7,127175,2,1,8.5,0,3,No,0
L00315,Python Inicial,25,Otra,Secundario,No,0.0,No,Cuotas,297000,239.9,Celular,10,3,3,168037,2,1,9.4,0,8,No,0
L03110,Programacion Web,36,Buenos Aires,Universitario,Si,43.0,No,Pago unico,444000,363.9,Celular,12,2,7,120062,0,2,5.6,0,4,No,0
L01611,Producto Digital,29,CABA,Terciario,No,0.0,No,Cuotas,409000,355.4,Computadora,14,5,6,167510,3,2,8.9,1,4,No,0
L01812,Marketing Digital,38,CABA,Secundario,Si,50.0,No,Pago unico,278000,222.5,Computadora,15,4,1,58606,0,0,,7,1,No,0
L01923,Data Analytics,59,Mendoza,Terciario,Si,32.0,Si,Cuotas,479000,390.8,Computadora,4,5,6,93485,0,2,6.1,0,5,No,0
L02514,Marketing Digital,40,Otra,Universitario,No,0.0,No,Cuotas,355000,284.4,Computadora,21,2,3,104784,0,2,,4,1,No,0
L00501,Python Inicial,46,Buenos Aires,Universitario,Si,49.0,Si,Pago unico,238000,196.5,Computadora,5,4,1,58288,2,0,4.3,12,0,Si,1
L00267,UX/UI,25,Mendoza,Terciario,No,0.0,No,Cuotas,417000,334.8,Computadora,7,6,4,110915,3,1,5.8,3,3,No,0
L00732,Marketing Digital,27,Santa Fe,Terciario,No,0.0,No,Cuotas,335000,289.0,Celular,12,4,2,54795,1,2,7.8,1,2,No,0
L02758,Data Analytics,18,Cordoba,Secundario,Si,30.0,No,Pago unico,369000,304.4,Celular,12,1,2,38938,2,2,7.5,2,2,No,0
L00028,Marketing Digital,21,Otra,Secundario,Si,27.0,No,Pago unico,288000,247.1,Computadora,13,10,5,168001,0,2,9.3,0,7,No,0
L00273,Producto Digital,26,CABA,Secundario,No,0.0,Si,Cuotas,379000,306.6,Celular,8,3,7,84571,2,1,5.3,0,3,No,0
L00229,UX/UI,41,CABA,Terciario,Si,18.0,No,Pago unico,335000,274.1,Celular,14,6,6,148742,3,2,,2,6,No,0
L01559,Python Inicial,17,CABA,Terciario,No,0.0,Si,Pago unico,226000,195.0,Computadora,23,10,6,64251,1,1,6.9,1,7,No,0
L02958,Data Analytics,18,CABA,Secundario,No,0.0,Si,Pago unico,366000,314.7,Celular,22,3,6,107618,1,1,6.5,0,3,No,0
L00772,Python Inicial,25,CABA,Universitario,Si,36.0,Si,Cuotas,285000,234.0,Computadora,10,5,6,118818,3,2,6.7,5,2,No,0
L00976,Programacion Web,26,Santa Fe,Secundario,Si,22.0,Si,Cuotas,502000,407.4,Computadora,12,1,1,37216,3,2,,0,3,No,0
L02881,Data Analytics,17,Buenos Aires,Universitario,No,0.0,No,Cuotas,472000,381.2,Computadora,19,5,8,134647,1,2,6.4,0,4,No,0
L02153,Data Analytics,29,CABA,Universitario,No,0.0,No,Cuotas,427000,367.3,Tablet,5,9,7,80040,0,1,8.0,1,3,No,0
L01956,programacion web,43,Buenos Aires,Universitario,No,0.0,No,Cuotas,550000,457.9,Computadora,16,1,0,111856,1,2,6.8,2,0,Si,1
L00210,python inicial,39,CABA,Posgrado,No,0.0,Si,Cuotas,286000,240.7,Computadora,17,5,5,150318,2,2,7.9,1,6,No,0
L01937,programacion web,29,Buenos Aires,Universitario,No,0.0,Si,Pago unico,422000,341.8,Computadora,5,3,4,55149,1,2,6.8,3,6,No,0
L01935,Programacion Web,19,CABA,Secundario,No,0.0,Si,Cuotas,531000,430.5,Tablet,5,2,0,9834,1,1,,2,3,No,0
L01845,Mkt Digital,46,Buenos Aires,Terciario,Si,33.0,No,Cuotas,313000,267.0,Celular,16,1,1,0,0,1,5.9,14,3,No,0
L03166,Programacion Web,35,Santa Fe,Universitario,Si,42.0,No,Cuotas,507000,420.2,Tablet,16,4,4,124312,2,1,5.6,4,3,No,0
L00709,UX/UI,33,Buenos Aires,Secundario,Si,39.0,Si,Cuotas,445000,359.8,Computadora,23,4,1,75095,0,1,,3,5,No,0
L01936,UX-UI,37,CABA,Universitario,No,0.0,No,Cuotas,398000,342.0,Computadora,3,5,10,134578,1,2,8.1,0,5,No,0
L00636,Producto Digital,44,CABA,Secundario,Si,48.0,No,Cuotas,413000,356.7,Computadora,11,1,3,44954,1,1,6.2,1,0,No,1
L00241,Python Inicial,17,Buenos Aires,Universitario,No,0.0,Si,Beca,37000,30.4,Computadora,7,1,0,9179,3,1,,1,2,No,1
L02347,Marketing Digital,45,Cordoba,Universitario,Si,35.0,Si,Cuotas,318000,263.6,Computadora,18,7,5,194881,1,2,5.0,1,0,No,1
L01750,Data analytics ,26,CABA,Posgrado,No,0.0,No,Cuotas,428000,348.6,Celular,8,10,10,189892,1,2,,1,7,No,0
L00945,Data Analytics,31,Mendoza,Universitario,No,0.0,No,Cuotas,453000,386.2,Computadora,10,11,13,207041,6,2,9.1,0,5,No,0
L02805,Data Analytics,20,Mendoza,Universitario,No,0.0,No,Pago unico,364000,293.4,Tablet,2,6,3,83399,1,1,,1,2,No,0
L01398,Marketing Digital,41,CABA,Terciario,Si,,No,Cuotas,343000,291.4,Celular,7,8,8,107262,1,2,8.8,2,9,No,0
L02996,Producto Digital,26,CABA,Universitario,Si,45.0,Si,Cuotas,382000,332.1,Computadora,17,10,5,141696,1,2,8.5,1,5,No,0
L02427,Marketing Digital,17,Santa Fe,Terciario,No,0.0,No,Pago unico,286000,228.9,Celular,13,0,4,75179,1,1,5.2,10,0,No,1
L01644,Data Analytics,42,Santa Fe,Universitario,Si,52.0,Si,Cuotas,450000,374.9,Computadora,23,3,0,13250,1,0,8.7,5,1,No,0
L00573,Marketing Digital,31,Otra,Universitario,Si,51.0,Si,Cuotas,347000,281.7,Tablet,21,1,2,0,0,1,,6,5,No,0
L02748,UX/UI,22,Cordoba,Secundario,Si,42.0,No,Beca,66000,53.7,Tablet,8,5,3,23112,0,2,4.2,12,0,No,1
L00212,UX/UI,43,CABA,Universitario,Si,46.0,No,Cuotas,414000,333.1,Computadora,0,3,5,116404,3,2,8.5,1,5,No,0
L01681,Python Inicial,17,Buenos Aires,Terciario,No,0.0,No,Cuotas,262000,223.4,Computadora,6,3,2,103142,0,2,,3,4,No,0
L00500,Data Analytics,49,CABA,Universitario,Si,46.0,No,Cuotas,453000,380.6,Computadora,10,4,3,107230,0,2,3.8,3,0,Si,1
L02616,Data Analytics,26,CABA,Secundario,No,0.0,No,Pago unico,395000,325.4,Computadora,14,5,6,141349,1,2,8.0,2,4,No,0
L02545,Marketing Digital,45,Buenos Aires,Universitario,Si,,No,Cuotas,353000,299.0,Computadora,2,5,1,69158,0,1,,3,3,No,0
L01005,Marketing Digital,26,CABA,Terciario,Si,43.0,Si,Beca,35000,28.4,Computadora,21,2,2,33074,0,2,7.0,2,6,No,0
L02283,python inicial,50,Cordoba,Secundario,Si,60.0,No,Cuotas,272000,229.6,Computadora,0,4,5,59843,0,2,7.1,2,5,No,0
L01607,Programacion Web,29,Buenos Aires,Terciario,Si,33.0,Si,Pago unico,451000,362.2,Computadora,14,3,2,94127,2,0,,1,3,No,0
L00534,Producto Digital,26,CABA,Universitario,No,0.0,No,Pago unico,317000,258.2,Computadora,6,7,8,170260,2,2,7.8,0,8,No,0
L01546,Marketing Digital,53,CABA,Posgrado,Si,49.0,No,Beca,70000,59.4,Celular,19,1,1,0,0,0,,9,0,Si,1
L00659,Producto Digital,28,Santa Fe,Universitario,No,0.0,Si,Pago unico,338000,285.6,Celular,0,5,7,99604,1,1,5.9,2,1,No,0
L02865,Producto Digital,26,Otra,Terciario,Si,45.0,Si,Pago unico,337000,276.5,Computadora,20,4,7,148076,0,2,8.6,7,7,No,0
L02503,Data Analytics,22,Buenos Aires,Secundario,No,0.0,No,Cuotas,468000,380.8,Computadora,21,7,1,8463,0,0,7.2,2,3,No,0
L00269,Python Inicial,23,Otra,Terciario,Si,38.0,No,Pago unico,236000,189.6,Celular,14,4,3,124962,0,1,9.8,3,6,No,0
L01526,Marketing Digital,43,Buenos Aires,Universitario,Si,34.0,No,Cuotas,323000,266.7,Celular,13,8,2,113071,0,2,8.6,0,9,No,0
L00228,Producto Digital,29,Otra,Terciario,Si,16.0,No,Cuotas,379000,328.0,Celular,10,3,2,35291,2,1,,1,2,No,0
L03053,UX/UI,19,CABA,Universitario,No,0.0,No,Cuotas,429000,359.7,Computadora,5,3,7,139464,0,2,6.6,1,5,No,0
L01801,Python Inicial,18,CABA,Secundario,No,0.0,No,Cuotas,267000,225.4,Computadora,8,4,8,117521,0,2,7.6,2,2,No,0
L00931,Programacion Web,31,CABA,Secundario,Si,43.0,No,Cuotas,499000,426.6,Tablet,2,2,1,0,0,0,,6,0,Si,1
L02523,Data Analytics,20,Cordoba,Terciario,No,0.0,Si,Cuotas,448000,386.9,Computadora,18,4,0,90860,0,1,,2,6,No,0
L02087,ux/ui,30,Buenos Aires,Universitario,No,0.0,No,Beca,27000,21.8,Tablet,9,10,5,169429,3,1,7.6,0,8,No,0
L00889,Marketing Digital,41,Cordoba,Secundario,No,0.0,No,Pago unico,280000,227.6,Computadora,9,8,4,76997,0,1,9.0,4,4,No,0
L03108,UX/UI,36,Otra,Terciario,No,0.0,No,Cuotas,424000,345.2,Celular,11,2,3,70753,2,2,7.4,8,0,Si,1
L02207,Marketing Digital,23,Mendoza,Universitario,No,0.0,No,Cuotas,325000,280.0,Computadora,3,0,2,131040,0,2,6.5,6,0,Si,1
L00745,Marketing Digital,24,Buenos Aires,Universitario,Si,26.0,Si,Cuotas,322000,261.6,Tablet,5,2,4,108969,0,2,,0,4,No,0
L01024,UX/UI,27,Mendoza,Universitario,Si,26.0,Si,Beca,97000,83.6,Computadora,10,3,3,0,0,0,,14,1,No,1
L00151,Producto Digital,33,Santa Fe,Universitario,Si,23.0,Si,Beca,78000,64.2,Celular,0,5,1,49002,0,1,5.7,5,1,No,1
L02419,Marketing Digital,35,CABA,Terciario,Si,42.0,No,Pago unico,272000,218.0,Computadora,15,4,2,125134,1,2,6.5,1,5,No,0
L02466,Programacion Web,18,Santa Fe,Secundario,Si,42.0,No,Cuotas,549000,469.0,Computadora,17,3,3,11332,1,1,,5,0,Si,1
L00609,Marketing Digital,41,Santa Fe,Universitario,Si,33.0,Si,Cuotas,310000,257.2,Computadora,12,3,2,41950,0,0,,11,1,No,0
L00897,Producto Digital,26,CABA,Secundario,Si,48.0,No,Cuotas,379000,312.3,Celular,5,4,3,169389,0,2,6.0,0,9,No,0
L02364,Producto Digital,17,Santa Fe,Universitario,No,0.0,Si,Cuotas,413000,340.1,Computadora,20,1,5,135914,2,2,,0,3,No,0
L01379,Programacion Web,33,Buenos Aires,Terciario,Si,,No,Cuotas,496000,420.6,Tablet,15,4,5,103149,0,1,6.8,3,8,No,0
L00898,Marketing Digital,27,CABA,Universitario,No,0.0,No,Cuotas,337000,279.2,Computadora,18,3,3,0,1,1,,11,0,Si,1
L01623,Data Analytics,17,Mendoza,Universitario,No,0.0,Si,Cuotas,430000,362.3,Computadora,17,1,1,80864,2,1,,0,0,No,0
L02101,programacion web,33,Buenos Aires,Posgrado,No,0.0,No,Cuotas,511000,413.1,Celular,12,4,0,0,0,0,,3,0,Si,1
L01719,Data Analytics,30,Santa Fe,Posgrado,No,0.0,Si,Cuotas,448000,361.1,Celular,1,7,9,154527,2,2,7.6,1,4,No,0
L02500,Marketing Digital,25,CABA,Universitario,No,0.0,No,Cuotas,333000,270.2,Computadora,7,8,4,59741,3,1,8.4,11,0,No,1
L02451,Python Inicial,39,Buenos Aires,Terciario,No,0.0,No,Cuotas,277000,225.4,Computadora,16,5,5,196564,0,2,8.6,0,5,No,0
L01641,UX/UI,22,Buenos Aires,Secundario,No,0.0,Si,Pago unico,344000,290.9,Computadora,7,4,3,63913,3,1,6.6,5,2,No,0
L03139,Programacion Web,17,CABA,Secundario,No,0.0,No,Cuotas,517000,426.4,Computadora,21,5,3,156174,1,1,7.9,3,0,Si,1
L01367,Data Analytics,39,CABA,Universitario,Si,41.0,Si,Pago unico,395000,325.9,Computadora,15,1,0,147994,2,0,5.8,3,3,No,0
L00192,UX/UI,30,Otra,Secundario,Si,35.0,Si,Cuotas,416000,337.2,Computadora,9,5,7,78229,2,2,4.3,0,4,No,0
L02522,ux/ui,19,Cordoba,Posgrado,Si,38.0,Si,Cuotas,425000,354.7,Celular,16,3,1,84411,0,2,6.8,5,5,No,0
L03074,Data Analytics,24,Buenos Aires,Universitario,No,0.0,No,Cuotas,459000,390.4,Celular,0,5,5,111437,2,2,10.0,0,6,No,0
L02841,Python Inicial,31,Otra,Terciario,No,0.0,Si,Pago unico,238000,199.6,Computadora,21,6,5,199872,4,2,9.9,0,4,No,0
L00677,Programacion Web,36,CABA,Universitario,No,0.0,No,Cuotas,536000,444.7,Celular,18,2,3,64384,1,2,5.6,9,1,No,0
L03068,Programacion Web,27,Buenos Aires,Secundario,No,0.0,No,Cuotas,540000,442.1,Computadora,6,0,7,85837,0,1,6.5,2,6,No,0
L01876,Data Analytics,32,Santa Fe,Universitario,No,0.0,Si,Cuotas,456000,370.0,Computadora,15,9,3,169585,2,2,9.4,2,4,No,0
L00826,Marketing Digital,36,CABA,Posgrado,No,0.0,No,Pago unico,282000,244.9,Computadora,21,5,1,34759,1,0,,3,0,No,0
L01890,Python Inicial,36,Mendoza,Posgrado,Si,28.0,No,Cuotas,287000,241.1,Computadora,15,2,4,119782,0,2,7.6,1,1,No,0
L01693,Data Analytics,41,Santa Fe,Universitario,No,0.0,Si,Cuotas,479000,398.1,Tablet,16,2,3,3433,1,0,,3,6,No,0
L00165,Programacion Web,28,Cordoba,Universitario,No,0.0,No,Cuotas,499000,421.6,Computadora,13,5,3,78350,1,2,6.3,3,6,No,0
L01010,Data Analytics,24,CABA,Terciario,Si,31.0,Si,Beca,29000,25.0,Celular,15,0,2,119820,0,1,,14,0,Si,1
L01460,data analytics,19,Otra,Universitario,No,0.0,Si,Cuotas,478000,396.6,Celular,12,8,4,151331,1,1,8.8,0,3,No,0
L02144,Marketing Digital,17,Buenos Aires,Terciario,No,0.0,No,Cuotas,345000,288.5,Computadora,14,3,0,40492,2,0,6.6,7,0,No,0
L03018,Marketing Digital,54,CABA,Secundario,Si,40.0,No,Beca,78000,66.4,Computadora,23,0,0,0,0,0,,14,0,No,1
L01475,Marketing Digital,40,Buenos Aires,Terciario,Si,39.0,No,Pago unico,284000,230.7,Computadora,22,1,1,25014,1,0,,2,0,Si,1
L02786,Prog. Web,23,CABA,Secundario,No,0.0,No,Pago unico,432000,356.4,Tablet,1,8,1,77745,0,1,7.7,8,2,No,0
L00865,Python inicial,26,Cordoba,Posgrado,No,0.0,No,Pago unico,228000,192.2,Computadora,4,4,3,114958,2,2,7.6,2,9,No,0
L01160,UX/UI,34,Mendoza,Terciario,No,0.0,No,Pago unico,333000,266.7,Computadora,14,4,3,127537,0,2,8.1,1,5,No,0
L00679,Data Analytics,32,CABA,Secundario,No,0.0,No,Cuotas,446000,359.4,Celular,4,1,4,62495,3,1,,10,0,No,1
L01326,UX/UI,21,Buenos Aires,Posgrado,No,0.0,Si,Cuotas,444000,365.0,Celular,13,4,4,98041,2,2,5.4,1,3,No,0
L01980,Data Analytics,17,Buenos Aires,Terciario,No,0.0,No,Cuotas,461000,389.0,Celular,21,4,5,143297,3,2,6.6,1,3,No,0
L02444,UX/UI,45,Buenos Aires,Terciario,Si,36.0,No,Pago unico,367000,308.8,Celular,20,4,2,117204,1,1,5.7,1,1,No,0
L02252,Programacion Web,19,CABA,Universitario,No,0.0,No,Beca,19000,15.3,Tablet,17,1,1,66916,1,1,,3,0,Si,1
L01046,UX/UI,32,Buenos Aires,Terciario,No,0.0,No,Cuotas,432000,367.9,Computadora,19,0,4,67209,2,2,6.9,0,2,No,0
L02711,Data analytics ,29,CABA,Universitario,No,0.0,Si,Cuotas,423000,356.2,Computadora,3,5,3,59186,2,1,5.7,7,2,No,0
L02933,Python Inicial,20,CABA,Terciario,No,0.0,Si,Cuotas,276000,234.2,Computadora,22,2,1,63035,0,1,,8,0,Si,1
L01295,Marketing Digital,31,Santa Fe,Universitario,Si,29.0,No,Beca,69000,57.0,Celular,21,1,3,0,1,1,5.5,8,0,Si,1
L00872,Marketing Digital,18,Santa Fe,Universitario,Si,46.0,No,Pago unico,288000,248.6,Computadora,4,7,4,141615,4,2,8.0,0,4,No,0
L01795,Producto Digital,30,Santa Fe,Secundario,No,0.0,No,Cuotas,380000,325.8,Computadora,10,6,4,55595,2,0,8.1,2,3,No,0
L00915,UX/UI,33,Buenos Aires,Universitario,No,0.0,Si,Pago unico,347000,283.6,Computadora,11,3,1,65726,5,1,,1,5,No,0
L01656,Programacion Web,24,Buenos Aires,Posgrado,Si,52.0,No,Cuotas,537000,460.6,Computadora,14,1,3,85581,1,1,6.9,6,0,No,0
L02818,Programacion Web,36,Buenos Aires,Universitario,Si,45.0,No,Cuotas,484000,398.4,Celular,11,2,1,0,2,2,5.1,1,0,Si,1
L01828,Programacion Web,33,CABA,Terciario,No,0.0,Si,Cuotas,526000,452.2,Computadora,18,4,2,69848,0,2,5.1,0,2,No,0
L02984,UX/UI,17,Buenos Aires,Universitario,No,0.0,Si,Cuotas,412000,354.8,Tablet,1,6,5,139703,0,1,7.0,0,6,No,0
L02187,Marketing Digital,29,CABA,Posgrado,Si,35.0,Si,Pago unico,266000,225.5,Celular,6,2,2,45796,1,2,,14,1,No,0
L00738,Marketing Digital,51,Cordoba,Universitario,Si,27.0,No,Pago unico,278000,228.5,Computadora,4,8,6,153996,1,2,7.3,2,5,No,0
L00191,Data Analytics,28,Otra,Universitario,Si,54.0,Si,Cuotas,482000,386.5,Celular,16,7,0,0,0,0,,4,0,No,1
L01445,Marketing Digital,34,Buenos Aires,Secundario,Si,49.0,No,Cuotas,312000,271.0,Celular,2,1,1,7860,0,1,,7,0,Si,1
L01518,Programacion Web,37,Santa Fe,Universitario,No,0.0,No,Cuotas,512000,410.9,Celular,23,2,1,65185,0,0,6.1,6,1,No,0
L00433,Data Analytics,30,Cordoba,Terciario,Si,,Si,Pago unico,362000,291.4,Computadora,17,4,0,55518,2,2,6.5,3,4,No,0
L03005,Marketing Digital,33,Otra,Secundario,No,0.0,No,Cuotas,332000,272.0,Computadora,13,2,3,71320,0,2,,6,4,No,0
L01431,Data Analytics,32,Otra,Secundario,Si,32.0,No,Cuotas,423000,360.6,Computadora,15,4,3,110231,0,0,5.2,6,0,Si,1
L00014,Python Inicial,24,Buenos Aires,Terciario,No,0.0,No,Pago unico,245000,201.4,Celular,1,1,2,51736,0,0,,4,0,Si,1
L02008,Python Inicial,50,Santa Fe,Secundario,Si,46.0,Si,Cuotas,283000,245.0,Computadora,18,0,1,77837,1,0,7.9,2,1,No,0
L01608,Python Inicial,35,CABA,Terciario,No,0.0,No,Cuotas,298000,248.6,Computadora,4,6,3,144913,1,1,5.2,0,3,No,0
L01633,Programacion Web,28,Buenos Aires,Posgrado,Si,26.0,No,Cuotas,542000,452.4,Computadora,10,5,0,66381,3,2,7.4,2,1,No,0
L00332,producto digital,28,Cordoba,Universitario,Si,26.0,No,Pago unico,309000,258.4,Computadora,11,5,5,88439,1,1,7.3,2,3,No,0
L02270,Python Inicial,31,Buenos Aires,Terciario,Si,39.0,Si,Pago unico,226000,193.7,Celular,21,2,7,32681,0,0,6.4,9,1,No,0
L02643,UX/UI,52,Otra,Universitario,Si,49.0,Si,Cuotas,423000,358.0,Computadora,23,4,8,130847,2,2,7.2,0,4,No,0
L02585,UX/UI,34,CABA,Terciario,No,0.0,Si,Cuotas,443000,369.4,Computadora,23,1,5,54236,3,0,,1,2,No,0
L01072,Python Inicial,19,Otra,Universitario,No,0.0,No,Beca,61000,52.7,Celular,4,6,5,150473,4,2,8.2,3,6,No,0
L01547,Python Inicial,20,Mendoza,Secundario,No,0.0,No,Cuotas,276000,227.2,Celular,15,3,4,42230,1,2,7.9,4,2,No,0
L00204,Python Inicial,35,Buenos Aires,Posgrado,No,0.0,No,Cuotas,277000,233.5,Computadora,19,1,1,29895,0,0,,1,0,No,1
L01447,Producto Digital,30,Buenos Aires,Terciario,No,0.0,No,Cuotas,389000,322.4,Computadora,15,1,2,83680,2,1,,0,4,No,0
L00650,Data Analytics,39,Otra,Secundario,No,0.0,Si,Cuotas,427000,363.4,Celular,23,2,4,61954,1,1,6.6,1,3,No,0
L00892,Marketing Digital,17,Otra,Universitario,No,0.0,No,Cuotas,331000,274.1,Computadora,2,3,1,24501,2,2,5.9,1,0,No,0
L02210,Python Inicial,19,Buenos Aires,Posgrado,No,0.0,Si,Cuotas,263000,214.2,Computadora,9,3,2,62270,0,1,7.1,2,4,No,0
L01346,UX/UI,17,Buenos Aires,Secundario,No,0.0,Si,Cuotas,405000,330.2,Computadora,21,5,10,189986,1,2,10.0,1,8,No,0
L01846,Python Inicial,40,CABA,Universitario,Si,45.0,Si,Cuotas,281000,234.1,Computadora,1,8,1,89253,0,0,,3,2,No,0
L02508,Programacion Web,23,Buenos Aires,Secundario,No,0.0,No,Cuotas,542000,446.8,Computadora,0,6,3,33786,2,2,8.4,4,1,No,0
L00004,Programacion Web,22,CABA,Universitario,Si,49.0,No,Pago unico,427000,365.7,Celular,9,2,2,63252,0,1,4.8,2,3,No,0
L03090,Marketing Digital,32,Santa Fe,Universitario,Si,37.0,Si,Cuotas,319000,262.6,Celular,13,2,1,91763,2,2,5.6,1,2,No,0
L02955,Producto Digital,21,CABA,Universitario,No,0.0,No,Cuotas,381000,305.7,Tablet,10,0,0,9687,0,0,,3,1,No,0
L00372,Data Analytics,17,CABA,Universitario,No,0.0,Si,Pago unico,369000,299.5,Celular,3,5,2,129427,2,1,8.6,3,5,No,0
L01766,Python Inicial,48,CABA,Secundario,Si,40.0,Si,Cuotas,286000,247.8,Computadora,16,4,2,44972,1,2,7.7,0,2,No,0
L02695,Python Inicial,24,Santa Fe,Secundario,No,0.0,No,Pago unico,226000,191.9,Tablet,22,10,12,193157,5,2,9.5,0,13,No,0
L00528,Producto Digital,17,CABA,Secundario,No,0.0,No,Cuotas,365000,314.7,Celular,11,2,2,156345,1,2,,1,1,No,0
L00069,Python Inicial,32,Santa Fe,Universitario,Si,34.0,No,Cuotas,285000,229.1,Computadora,17,3,2,70823,1,2,,1,3,No,0
L00586,Marketing Digital,42,Santa Fe,Terciario,Si,47.0,Si,Beca,43000,34.4,Computadora,15,5,2,83790,1,2,7.5,1,3,No,0
L00045,Programacion Web,31,CABA,Universitario,Si,32.0,No,Pago unico,417000,356.6,Celular,18,5,2,56094,0,1,7.9,0,3,No,0
L01826,Marketing Digital,23,CABA,Universitario,No,0.0,No,Pago unico,265000,228.9,Computadora,8,5,3,147543,2,2,7.2,0,6,No,0
L00949,Producto Digital,17,Buenos Aires,Universitario,No,0.0,No,Cuotas,385000,315.7,Computadora,3,6,5,112268,0,2,6.7,3,5,No,0
L00098,Producto Digital,31,CABA,Secundario,No,0.0,No,Cuotas,399000,323.4,Computadora,15,2,1,61715,2,2,8.3,1,2,No,0
L00610,Marketing Digital,37,Mendoza,Secundario,No,0.0,No,Pago unico,276000,234.8,Celular,5,3,4,184731,1,2,9.6,2,8,No,0
L02556,Data Analytics,44,Buenos Aires,Secundario,Si,28.0,No,Cuotas,443000,373.3,Computadora,18,5,3,48825,0,0,,5,4,No,0
L02104,Producto Digital,42,Buenos Aires,Universitario,No,0.0,No,Beca,48000,40.8,Computadora,2,1,2,4828,3,1,3.9,13,0,Si,1
L00144,Programacion Web,25,CABA,Universitario,No,0.0,No,Pago unico,436000,359.2,Computadora,8,8,3,75322,2,1,,1,5,No,0
L02871,Programacion Web,24,Otra,Universitario,No,0.0,No,Beca,31000,25.4,Computadora,15,4,0,83774,1,1,7.7,4,0,No,0
L00384,Data Analytics,41,CABA,Universitario,Si,36.0,Si,Cuotas,456000,373.7,Computadora,8,0,5,58412,1,1,,10,3,No,0
L03121,Prog. Web,28,CABA,Terciario,Si,36.0,No,Beca,131000,110.9,Celular,16,2,0,4677,1,0,,11,0,Si,1
L02620,Python Inicial,27,CABA,Secundario,No,0.0,No,Beca,70000,57.2,Computadora,2,6,4,106221,2,1,,1,2,Si,1
L01908,Mkt Digital,20,Otra,Posgrado,No,0.0,Si,Cuotas,345000,285.5,Computadora,8,7,5,121199,0,2,8.9,3,5,No,0
L01231,Marketing Digital,22,CABA,Posgrado,No,0.0,No,Beca,59000,49.8,Celular,16,2,2,21794,0,0,,7,0,No,1
L00190,Programacion Web,25,Cordoba,Universitario,Si,40.0,No,Cuotas,502000,407.9,Tablet,2,0,2,41040,1,1,5.2,0,3,No,0
L01123,Producto Digital,42,Cordoba,Universitario,No,0.0,No,Cuotas,398000,339.6,Computadora,21,2,6,181781,1,1,7.3,1,3,No,0
L02721,Marketing Digital,24,Otra,Secundario,Si,37.0,Si,Cuotas,355000,299.7,Tablet,13,2,6,110390,1,2,10.0,0,7,No,0
L02944,Programacion Web,36,CABA,Universitario,No,0.0,Si,Cuotas,502000,415.2,Computadora,10,5,3,181063,1,2,4.8,0,9,No,0
L01541,Programacion Web,17,Buenos Aires,Universitario,Si,36.0,Si,Cuotas,550000,473.8,Celular,12,5,4,125775,0,2,7.0,0,0,Si,1
L00627,Programacion Web,53,Otra,Universitario,Si,35.0,No,Pago unico,413000,334.8,Computadora,17,2,4,107309,1,1,8.7,4,3,No,0
L02661,Marketing Digital,35,Cordoba,Secundario,Si,32.0,No,Cuotas,330000,275.7,Celular,17,3,1,6738,0,1,,14,0,Si,1
L00073,Python Inicial,44,Otra,Secundario,Si,25.0,No,Pago unico,241000,202.1,Computadora,3,4,4,57193,0,2,7.6,0,0,Si,1
L02604,Python Inicial,21,CABA,Universitario,No,0.0,No,Pago unico,234000,190.9,Celular,4,4,4,29779,1,0,7.4,1,3,No,0
L01394,Programacion Web,22,Mendoza,Posgrado,No,0.0,No,Cuotas,506000,437.5,Computadora,1,4,2,148506,0,1,,5,2,No,0
L00401,Data Analytics,17,Buenos Aires,Universitario,No,0.0,No,Pago unico,377000,322.6,Computadora,18,5,3,101532,2,2,10.0,1,10,No,0
L02203,Programacion Web,35,Buenos Aires,Secundario,No,0.0,No,Cuotas,509000,425.4,Celular,2,5,5,172532,3,1,7.9,1,6,No,0
L02498,Producto Digital,34,CABA,Terciario,No,0.0,No,Cuotas,375000,322.8,Celular,15,6,4,25905,0,0,3.8,5,4,No,0
L00989,Producto Digital,20,Santa Fe,Terciario,Si,50.0,Si,Pago unico,335000,285.3,Computadora,18,5,2,184095,1,2,,1,5,No,0
L03117,Marketing Digital,20,Otra,Universitario,No,0.0,Si,Cuotas,312000,259.2,Computadora,14,10,12,139809,6,2,5.5,0,6,No,0
L01558,Programacion Web,33,Otra,Secundario,No,0.0,No,Pago unico,409000,346.8,Computadora,13,4,0,13960,0,0,,6,1,No,0
L01512,Producto Digital,34,Buenos Aires,Universitario,Si,34.0,No,Pago unico,316000,266.6,Celular,18,3,5,151356,1,2,9.0,2,8,No,0
L00252,Data Analytics,43,CABA,Secundario,No,0.0,Si,Cuotas,446000,372.1,Computadora,10,4,7,74231,1,1,9.6,0,3,No,0
L00751,Marketing Digital,34,Santa Fe,Secundario,No,0.0,No,Beca,76000,63.1,Computadora,18,3,3,22817,2,1,,14,1,No,1
L01791,Marketing Digital,51,CABA,Secundario,Si,46.0,No,Pago unico,282000,238.4,Computadora,2,1,1,79233,0,2,7.7,2,4,No,0
L00972,Python Inicial,31,CABA,Universitario,No,0.0,Si,Cuotas,290000,239.1,Computadora,18,10,11,216367,7,2,9.5,0,8,No,0
L01195,Data Analytics,28,CABA,Posgrado,No,0.0,Si,Cuotas,443000,365.0,Celular,10,5,8,187272,1,2,10.0,1,8,No,0
L02513,Python Inicial,34,CABA,Universitario,No,0.0,Si,Pago unico,224000,184.9,Celular,16,4,4,154454,1,0,8.6,1,3,No,0
L01918,Data Analytics,22,CABA,Universitario,No,0.0,No,Cuotas,460000,390.1,Computadora,20,2,5,105388,2,2,6.0,1,4,No,0
L00611,Producto  Digital,35,CABA,Secundario,Si,49.0,No,Pago unico,321000,278.2,Tablet,19,1,5,47182,1,1,,6,3,No,0
L02116,Programación Web,35,CABA,Universitario,Si,26.0,Si,Cuotas,541000,462.4,Computadora,18,4,11,93938,4,2,,1,6,No,0
L00279,Programacion Web,36,Santa Fe,Secundario,No,0.0,No,Pago unico,430000,362.5,Tablet,13,4,2,45408,0,1,3.9,1,1,No,0
L02118,Programacion Web,27,CABA,Terciario,No,0.0,No,Cuotas,540000,461.7,Celular,7,3,3,51129,0,1,5.6,0,1,Si,1
L01881,UX/UI,29,CABA,Posgrado,No,0.0,Si,Cuotas,431000,368.0,Tablet,21,3,3,39668,0,2,9.3,4,2,No,0
L00614,Marketing Digital,33,Buenos Aires,Posgrado,Si,32.0,Si,Pago unico,284000,235.8,Computadora,18,4,1,84147,3,1,7.1,3,0,No,0
L00666,Data Analytics,17,CABA,Secundario,No,0.0,No,Beca,22000,18.4,Computadora,2,7,4,64841,1,1,5.5,1,2,No,0
L02060,Producto Digital,29,Otra,Posgrado,Si,35.0,No,Cuotas,396000,325.8,Computadora,16,8,5,159187,4,2,7.5,0,9,No,0
L02867,Marketing Digital,41,CABA,Universitario,Si,35.0,Si,Cuotas,313000,251.1,Tablet,6,7,4,140817,0,1,9.5,2,5,No,0
L00053,UX/UI,17,Otra,Universitario,No,0.0,No,Cuotas,440000,378.8,Celular,17,2,3,99884,1,2,,6,5,No,0
L01264,Programacion Web,37,Cordoba,Universitario,No,0.0,No,Pago unico,410000,350.3,Computadora,3,2,1,97217,1,0,5.1,4,1,No,0
L00291,Programacion Web,142,CABA,Secundario,No,0.0,Si,Beca,139000,117.1,Celular,6,6,3,57838,0,0,4.8,4,3,No,0
L01191,Programacion Web,29,Mendoza,Universitario,No,0.0,No,Beca,64000,54.7,Celular,12,4,1,11314,1,1,,6,0,Si,1
L02870,Programacion Web,29,CABA,Universitario,Si,27.0,Si,Cuotas,528000,438.4,Tablet,21,1,2,129883,4,2,7.9,1,2,No,0
L00365,producto digital,41,Santa Fe,Terciario,Si,32.0,Si,Beca,4000,3.4,Computadora,10,4,2,142360,4,2,8.6,2,1,No,0
L00509,UX/UI,31,Santa Fe,Terciario,No,0.0,No,Cuotas,396000,336.4,Celular,16,4,1,78096,1,1,,7,0,No,1
L03049,marketing digital,26,Cordoba,Terciario,No,0.0,Si,Cuotas,315000,259.6,Computadora,22,5,2,128235,1,1,10.0,1,10,No,0
L00296,UX/UI,33,CABA,Posgrado,Si,49.0,Si,Cuotas,405000,340.6,Computadora,13,2,2,94541,1,0,7.3,2,2,No,0
L01642,Data Analytics,39,Otra,Posgrado,Si,27.0,Si,Pago unico,375000,314.3,Computadora,4,8,8,98846,0,2,6.3,6,4,No,0
L02610,UX/UI,29,CABA,Universitario,No,0.0,No,Cuotas,419000,341.7,Celular,19,6,3,115888,1,2,6.9,3,7,No,0
L01203,Producto Digital,29,Buenos Aires,Universitario,No,0.0,No,Cuotas,381000,311.5,Computadora,21,4,3,116376,3,2,8.6,1,3,No,0
L00425,Programacion Web,22,Otra,Posgrado,No,0.0,No,Pago unico,451000,380.0,Computadora,23,5,3,144560,4,2,9.8,1,3,No,0
L02840,Producto  Digital,32,CABA,Universitario,No,0.0,Si,Cuotas,405000,349.1,Celular,19,3,0,100267,2,2,6.3,4,4,No,0
L02370,programacion web,32,Mendoza,Universitario,Si,28.0,No,Cuotas,516000,448.2,Computadora,13,2,1,0,0,0,4.9,2,1,No,0
L00025,UX/UI,17,CABA,Terciario,No,0.0,Si,Cuotas,427000,363.0,Computadora,19,6,4,112503,3,2,6.6,1,5,No,0
L00047,Marketing Digital,22,Buenos Aires,Terciario,No,0.0,Si,Pago unico,290000,232.6,Computadora,11,8,10,138558,4,2,7.4,0,12,No,0
L01891,marketing digital,31,Cordoba,Universitario,No,0.0,No,Beca,45000,38.7,Tablet,14,6,0,61153,1,1,6.9,10,1,Si,1
L00527,Producto Digital,50,CABA,Secundario,Si,39.0,No,Pago unico,324000,278.0,Celular,15,2,2,59559,1,2,4.8,2,4,No,0
L01250,Python Inicial,34,CABA,Posgrado,Si,38.0,No,Cuotas,281000,241.0,Computadora,19,6,4,131616,6,2,8.3,2,8,No,0
L01942,Data analytics ,21,Buenos Aires,Universitario,No,0.0,No,Cuotas,423000,350.6,Celular,11,1,3,45701,3,1,,1,0,No,0
L03002,UX/UI,25,Buenos Aires,Universitario,No,0.0,No,Pago unico,340000,276.4,Computadora,23,1,3,24544,0,1,,3,4,No,0
L02581,python inicial,28,CABA,Secundario,No,0.0,Si,Pago unico,231000,200.7,Celular,17,0,6,193303,1,2,8.1,2,4,No,0
L02199,Python Inicial,17,Otra,Universitario,No,0.0,Si,Cuotas,280000,235.0,Computadora,1,5,5,100581,2,2,5.8,5,1,No,0
L00256,Python inicial,34,CABA,Universitario,Si,26.0,No,Cuotas,271000,217.3,Celular,8,4,6,78324,2,1,,0,0,No,0
L02353,UX/UI,33,Buenos Aires,Universitario,No,0.0,Si,Beca,2000,1.7,Computadora,11,1,5,104014,2,0,8.0,2,1,No,0
L00512,UX/UI,39,CABA,Universitario,Si,43.0,No,Pago unico,333000,272.5,Tablet,9,6,2,142540,0,2,6.7,0,1,No,0
L00710,Prog. Web,23,Cordoba,Terciario,No,0.0,Si,Pago unico,434000,349.5,Celular,14,11,11,163468,2,2,7.7,3,1,No,0
L02516,UX/UI,17,Cordoba,Secundario,No,0.0,No,Cuotas,395000,332.7,Computadora,12,3,3,78375,1,2,,3,2,No,0
L01348,Data Analytics,22,Cordoba,Terciario,No,0.0,No,Cuotas,424000,350.4,Computadora,10,2,0,69561,1,2,6.3,10,4,No,0
L00018,Programacion Web,22,Buenos Aires,Universitario,No,0.0,No,Cuotas,496000,420.0,Computadora,13,1,3,112664,0,1,7.7,0,2,No,0
L02725,UX/UI,18,Mendoza,Secundario,No,0.0,No,Cuotas,394000,341.4,Computadora,10,2,4,74281,0,2,7.0,1,4,No,0
L01414,UX / UI,24,Buenos Aires,Terciario,No,0.0,No,Beca,71000,57.4,Computadora,18,4,3,143556,1,1,7.2,6,2,No,0
L02472,Marketing Digital,41,Otra,Terciario,Si,34.0,Si,Beca,35000,29.0,Tablet,9,5,10,175334,2,2,8.1,2,6,No,0
L02296,Programacion Web,38,Santa Fe,Terciario,No,0.0,No,Beca,17000,13.9,Celular,17,4,3,19834,2,0,,5,2,No,0
L02759,Programacion Web,41,CABA,Universitario,Si,39.0,No,Pago unico,409000,333.9,Computadora,9,3,5,77987,2,0,,4,1,Si,1
L02654,UX/UI,42,Buenos Aires,Posgrado,Si,54.0,No,Cuotas,443000,366.6,Celular,8,1,4,57940,1,1,,0,0,Si,1
L00903,Programacion Web,30,Cordoba,Universitario,No,0.0,No,Cuotas,485000,388.8,Computadora,12,6,4,138481,3,2,7.8,0,0,Si,1
L02083,Data Analytics,23,Otra,Posgrado,Si,33.0,No,Beca,83000,67.7,Computadora,13,5,2,4116,0,0,5.9,3,2,No,0
L02095,Data Analytics,17,Santa Fe,Terciario,No,0.0,No,Beca,44000,36.5,Computadora,3,5,9,107741,3,2,8.5,0,6,No,0
L00744,Data Analytics,26,Santa Fe,Universitario,No,0.0,No,Beca,85000,73.9,Computadora,3,4,5,138117,2,2,8.5,5,7,No,0
L03134,UX/UI,37,Otra,Universitario,Si,42.0,No,Cuotas,409000,341.5,Computadora,9,7,3,81353,3,2,7.3,1,1,No,0
L01240,Marketing Digital,34,Otra,Universitario,Si,38.0,No,Pago unico,268000,223.6,Computadora,12,11,7,128461,3,1,6.9,2,4,No,0
L01061,Python Inicial,28,CABA,Posgrado,Si,43.0,Si,Cuotas,268000,224.9,Computadora,10,1,3,39808,3,2,4.6,7,3,No,0
L00592,Marketing Digital,31,Otra,Terciario,Si,,Si,Cuotas,354000,297.6,Celular,18,5,3,156683,0,2,7.6,1,4,No,0
L01602,Data Analytics,17,Buenos Aires,Posgrado,No,0.0,Si,Pago unico,371000,308.1,Computadora,11,8,3,151808,5,2,6.4,0,4,No,0
L01139,UX / UI,37,Cordoba,Universitario,No,0.0,No,Cuotas,424000,342.5,Computadora,6,7,5,99395,5,2,6.7,4,5,No,0
L00844,Data Analytics,21,CABA,Secundario,No,0.0,No,Pago unico,392000,322.7,Computadora,1,4,0,92700,1,0,,4,1,No,0
L02044,DATA ANALYTICS,36,CABA,Universitario,Si,25.0,No,Cuotas,440000,359.3,Computadora,4,8,10,145645,1,2,8.7,2,9,No,0
L03060,Producto Digital,43,Buenos Aires,Universitario,Si,53.0,No,Cuotas,399000,324.3,Celular,6,2,0,0,0,1,7.5,8,0,Si,1
L01759,Data Analytics,27,Buenos Aires,Terciario,No,0.0,Si,Pago unico,376000,320.1,Celular,18,4,2,125619,0,1,,6,3,No,0
L01051,Data Analytics,55,Buenos Aires,Terciario,No,0.0,No,Cuotas,440000,354.9,Celular,7,3,2,90064,0,2,7.8,0,3,No,0
L00771,Producto Digital,40,Mendoza,Secundario,No,0.0,No,Cuotas,394000,319.3,Computadora,3,5,2,72867,2,2,8.0,1,4,No,0
L02226,Producto Digital,23,Cordoba,Universitario,No,0.0,Si,Cuotas,390000,334.5,Celular,15,2,2,54734,0,1,5.5,2,4,No,0
L00446,Data Analytics,24,Buenos Aires,Secundario,No,0.0,Si,Cuotas,439000,364.8,Computadora,19,7,0,202349,2,2,7.5,0,6,No,0
L03041,Python Inicial,35,CABA,Terciario,Si,47.0,No,Beca,36000,29.9,Celular,8,5,2,76526,0,1,6.9,1,1,No,0
L01372,Python Inicial,17,CABA,Secundario,No,0.0,Si,Cuotas,292000,234.8,Computadora,22,3,7,98085,2,1,6.1,2,8,No,0
L00202,Marketing Digital,21,CABA,Universitario,Si,24.0,Si,Cuotas,344000,292.4,Celular,18,0,0,114,0,0,,4,0,Si,1
L00471,Programacion Web,28,Cordoba,Secundario,No,0.0,No,Pago unico,439000,368.2,Celular,23,1,0,73243,2,1,8.7,0,0,No,0
L01239,UX/UI,23,Buenos Aires,Secundario,No,0.0,Si,Cuotas,433000,347.0,Celular,5,1,0,14525,1,0,5.7,4,1,No,0
L01402,Python Inicial,46,Cordoba,Secundario,Si,32.0,Si,Pago unico,243000,208.1,Computadora,16,8,8,185688,2,2,9.8,1,6,No,0
L01256,Python Inicial,42,Otra,Secundario,Si,48.0,No,Pago unico,243000,210.1,Celular,12,3,1,82765,0,0,4.6,1,2,No,0
L02615,Data Analytics,17,CABA,Universitario,No,0.0,No,Cuotas,473000,407.0,Computadora,11,8,7,63834,2,2,8.4,0,6,No,0
L02930,Data Analytics,51,CABA,Universitario,Si,55.0,Si,Pago unico,389000,328.8,Computadora,11,3,4,118061,0,2,5.9,5,6,No,0
L02374,Python Inicial,17,Buenos Aires,Terciario,No,0.0,No,Cuotas,298000,258.7,Computadora,21,3,4,60212,1,2,7.7,0,0,No,0
L02663,Programacion Web,17,CABA,Universitario,Si,45.0,No,Beca,80000,64.9,Tablet,2,7,3,140435,1,1,5.3,4,0,No,1
L03031,Python Inicial,43,Buenos Aires,Posgrado,Si,44.0,No,Beca,46000,39.2,Celular,2,4,1,0,1,0,,8,1,Si,1
L03196,Programacion Web,54,Buenos Aires,Posgrado,Si,38.0,No,Pago unico,414000,358.0,Computadora,8,6,8,99592,1,1,7.8,3,4,No,0
L00105,Python Inicial,34,Santa Fe,Secundario,Si,36.0,No,Pago unico,225000,191.9,Celular,7,4,1,123287,1,2,6.9,7,0,Si,1
L00276,Marketing Digital,23,Cordoba,Terciario,No,0.0,Si,Cuotas,322000,273.0,Celular,19,5,4,63795,0,1,,4,3,No,0
L01070,Marketing Digital,28,Cordoba,Terciario,Si,39.0,No,Pago unico,294000,236.6,Computadora,7,6,4,128502,2,1,8.4,1,10,No,0
L01728,Data Analytics,34,Santa Fe,Terciario,Si,28.0,Si,Cuotas,438000,364.1,Celular,22,2,3,80943,1,1,,7,1,No,0
L02696,Marketing Digital,53,Otra,Posgrado,Si,59.0,Si,Pago unico,282000,245.2,Computadora,11,2,8,94466,4,2,8.1,1,10,No,0
L02251,Marketing Digital,29,Buenos Aires,Universitario,No,0.0,No,Cuotas,315000,263.7,Tablet,11,4,6,86535,4,1,7.1,1,6,No,0
L01786,Python Inicial,27,Otra,Terciario,No,0.0,No,Beca,39000,33.8,Computadora,18,2,4,46625,1,0,7.7,5,3,No,0
L02894,Producto Digital,25,CABA,Secundario,No,0.0,No,Cuotas,406000,344.1,Celular,8,1,0,0,0,0,,11,1,Si,1
L02205,Python Inicial,29,Otra,Secundario,No,0.0,Si,Cuotas,286000,247.8,Computadora,11,3,6,119109,6,2,9.2,4,7,No,0
L00975,UX/UI,34,CABA,Universitario,Si,33.0,No,Pago unico,357000,300.1,Computadora,14,7,5,140875,5,2,8.1,0,9,No,0
L03112,Marketing Digital,26,Santa Fe,Terciario,No,0.0,No,Pago unico,286000,238.5,Computadora,16,0,3,101393,0,2,8.8,2,1,No,0
L01509,Marketing Digital,36,Buenos Aires,Terciario,Si,,Si,Beca,36000,31.1,Celular,8,6,1,119522,3,2,4.2,1,1,No,0
L01866,Python Inicial,22,Mendoza,Terciario,No,0.0,Si,Pago unico,227000,183.2,Computadora,15,7,10,131154,3,1,6.1,0,5,No,0
L00553,UX/UI,20,Buenos Aires,Secundario,No,0.0,Si,Cuotas,394000,320.8,Computadora,6,4,3,88781,1,2,7.1,7,9,No,0
L02308,Data Analytics,17,Cordoba,Secundario,No,0.0,No,Cuotas,475000,409.2,Celular,7,1,4,107734,0,1,7.2,3,4,No,0
L01962,Python Inicial,37,CABA,Terciario,Si,31.0,No,Cuotas,274000,232.6,Computadora,9,3,1,39046,1,2,7.2,3,1,No,0
L02204,Data Analytics,32,CABA,Universitario,Si,38.0,No,Cuotas,480000,412.7,Celular,8,2,0,47056,0,2,7.8,5,2,No,0
L03003,Programacion Web,36,CABA,Universitario,Si,30.0,No,Cuotas,524000,421.6,Computadora,19,4,0,43724,1,1,,1,0,Si,1
L00830,Programacion Web,25,Cordoba,Posgrado,No,0.0,Si,Cuotas,543000,436.6,Computadora,0,10,7,200228,7,2,7.3,0,13,No,0
L01539,Marketing Digital,33,Buenos Aires,Terciario,Si,37.0,No,Cuotas,348000,298.6,Celular,13,4,2,48963,0,2,,3,3,No,0
L02148,Producto Digital,20,Otra,Secundario,Si,,No,Beca,60000,51.7,Computadora,17,6,6,125217,3,2,9.6,4,1,No,0
L02630,Programacion Web,26,Buenos Aires,Terciario,No,0.0,No,Pago unico,420000,350.6,Tablet,12,4,1,41220,1,2,,3,3,No,0
L00874,Data Analytics,31,CABA,Secundario,No,0.0,No,Cuotas,440000,379.0,Tablet,19,0,3,33324,2,1,5.7,4,3,No,0
L02530,Data Analytics,34,CABA,Terciario,Si,30.0,Si,Pago unico,396000,322.7,Celular,10,2,4,135624,1,1,6.9,7,0,No,0
L02217,Python Inicial,31,Buenos Aires,Terciario,Si,45.0,Si,Cuotas,275000,226.5,Computadora,5,3,0,19991,0,2,,3,0,Si,1
L01784,Data Analytics,26,Cordoba,Secundario,No,0.0,No,Cuotas,429000,353.0,Computadora,3,3,1,11825,0,1,,0,0,Si,1
L01294,Data Analytics,32,Cordoba,Posgrado,No,0.0,Si,Pago unico,360000,291.0,Computadora,1,6,9,101481,0,1,,1,3,No,0
L03039,Python Inicial,25,Santa Fe,Terciario,No,0.0,No,Beca,17000,14.4,Celular,13,1,2,60114,1,2,7.0,7,0,Si,1
L02006,Producto Digital,45,Santa Fe,Secundario,Si,25.0,No,Pago unico,338000,276.1,Celular,3,8,2,63016,3,2,8.4,1,6,No,0
L03122,Python inicial,27,Buenos Aires,Universitario,Si,38.0,No,Cuotas,286000,231.1,Computadora,14,1,4,121915,2,2,6.3,1,3,No,0
L00357,Programacion Web,18,Buenos Aires,Universitario,No,0.0,No,Beca,82000,65.8,Computadora,8,4,2,86740,1,2,6.8,3,3,No,0
L02631,Marketing Digital,29,Cordoba,Secundario,No,0.0,No,Cuotas,346000,280.4,Computadora,10,5,2,128117,0,1,,3,6,No,0
L01140,Programacion Web,35,CABA,Secundario,Si,29.0,No,Cuotas,539000,449.1,Tablet,5,5,3,132699,2,2,8.5,2,6,No,0
L01421,Data Analytics,17,CABA,Terciario,Si,37.0,Si,Pago unico,378000,316.8,Celular,5,2,2,96540,2,2,5.8,4,3,No,0
L01362,Marketing Digital,25,CABA,Terciario,Si,44.0,No,Cuotas,322000,270.9,Computadora,7,1,1,30115,0,0,,0,6,No,0
L02365,Data Analytics,31,Cordoba,Terciario,No,0.0,Si,Cuotas,424000,353.7,Computadora,19,7,5,92290,2,1,6.2,0,2,No,0
L03116,UX/UI,37,CABA,Secundario,No,0.0,Si,Cuotas,422000,348.9,Celular,3,2,2,78786,0,2,,0,3,No,0
L01661,UX/UI,41,Buenos Aires,Posgrado,No,0.0,No,Pago unico,355000,284.5,Computadora,5,3,1,39166,1,1,5.8,5,0,Si,1
L00603,UX/UI,20,Santa Fe,Universitario,No,0.0,No,Pago unico,334000,283.0,Computadora,9,8,3,96961,4,1,7.8,3,1,No,0
L00515,UX/UI,48,Buenos Aires,Universitario,Si,25.0,No,Cuotas,421000,357.2,Celular,14,3,10,122113,1,2,10.0,0,10,No,0
L00684,Mkt Digital,23,Buenos Aires,Secundario,Si,35.0,No,Pago unico,282000,242.4,Computadora,2,6,1,18380,0,0,,2,4,No,0
L03106,UX/UI,32,Santa Fe,Universitario,No,0.0,No,Pago unico,337000,292.9,Computadora,15,1,5,70239,3,2,8.1,2,2,No,0
L02699,UX-UI,39,Otra,Secundario,Si,30.0,Si,Cuotas,430000,347.7,Computadora,22,5,12,141217,4,2,9.1,1,10,No,0
L01113,UX/UI,27,CABA,Universitario,Si,38.0,No,Pago unico,370000,306.7,Celular,5,2,1,0,0,1,,8,0,No,1
L02186,UX/UI,34,Buenos Aires,Terciario,No,0.0,No,Pago unico,370000,297.6,Tablet,17,4,3,56399,3,1,7.4,0,2,No,0
L02987,Programacion Web,18,Mendoza,Terciario,Si,28.0,No,Cuotas,527000,430.2,Computadora,2,0,1,65524,1,0,,7,0,No,1
L00932,Marketing Digital,26,CABA,Universitario,Si,27.0,No,Cuotas,349000,289.3,Celular,11,2,4,45902,1,1,,1,0,No,0
L00188,Data Analytics,31,Otra,Secundario,Si,22.0,Si,Cuotas,464000,374.3,Computadora,11,6,5,140525,2,1,9.8,0,7,No,0
L01589,Programacion Web,34,Otra,Posgrado,No,0.0,Si,Cuotas,551000,459.4,Computadora,3,4,2,137511,1,1,6.8,2,1,No,0
L03029,Producto Digital,24,CABA,Universitario,No,0.0,No,Cuotas,391000,336.2,Celular,19,2,1,26222,0,1,,1,1,No,0
L00673,Python Inicial,20,Otra,Secundario,Si,38.0,Si,Beca,19000,15.6,Computadora,3,5,13,151932,4,2,8.5,0,6,No,0
L00702,Data Analytics,30,Cordoba,Universitario,No,0.0,No,Cuotas,451000,371.5,Celular,21,3,1,92314,1,0,6.4,11,0,Si,1
L00485,Data Analytics,21,Cordoba,Universitario,Si,43.0,Si,Cuotas,472000,386.7,Computadora,6,5,5,168368,0,2,6.7,2,0,Si,1
L02340,Programacion Web,46,Cordoba,Secundario,Si,50.0,No,Cuotas,509000,408.6,Computadora,15,3,4,105144,1,1,10.0,11,0,No,0
L02762,Python Inicial,27,Buenos Aires,Terciario,No,0.0,Si,Cuotas,298000,251.7,Celular,2,0,3,74998,1,1,,9,0,Si,1
L01054,Marketing Digital,23,Cordoba,Universitario,No,0.0,No,Cuotas,318000,260.0,Celular,16,2,4,81609,1,1,8.8,1,1,No,0
L01157,Programacion Web,45,Santa Fe,Secundario,No,0.0,No,Cuotas,499000,432.1,Computadora,0,3,1,14624,0,0,,2,1,No,0
L02562,Programacion Web,17,CABA,Universitario,No,0.0,No,Cuotas,533000,440.8,Computadora,0,2,2,87485,2,1,7.6,0,2,No,0
L00928,Programacion Web,20,Otra,Terciario,Si,,No,Cuotas,523000,444.8,Computadora,1,3,2,10658,1,1,,13,0,Si,1
L00817,Python Inicial,30,Buenos Aires,Posgrado,No,0.0,No,Pago unico,222000,185.3,Computadora,19,9,2,109410,0,2,6.7,1,5,No,0
L02739,Programacion Web,30,Otra,Universitario,Si,38.0,No,Pago unico,412000,330.3,Tablet,5,4,2,123156,5,1,7.2,1,8,No,0
L03150,Producto Digital,44,Buenos Aires,Universitario,Si,43.0,No,Pago unico,317000,263.4,Celular,13,1,0,42601,0,1,6.5,3,3,No,0
L01949,Python Inicial,38,Buenos Aires,Secundario,Si,42.0,Si,Cuotas,293000,245.4,Computadora,5,2,2,116229,0,1,9.0,2,5,No,0
L01138,Marketing Digital,29,Cordoba,Universitario,Si,28.0,No,Cuotas,333000,283.1,Celular,10,1,2,85756,3,1,3.9,3,1,No,0
L02291,UX/UI,29,CABA,Terciario,No,0.0,No,Pago unico,367000,299.0,Computadora,10,2,1,74445,1,1,7.5,2,2,No,0
L02888,Producto Digital,29,Cordoba,Universitario,No,0.0,No,Pago unico,310000,268.4,Celular,5,3,1,0,1,1,7.2,4,1,No,0
L01237,UX/UI,29,Buenos Aires,Universitario,Si,33.0,No,Pago unico,344000,281.1,Computadora,8,0,1,30079,0,0,,5,1,No,0
L00999,Programacion Web,45,Buenos Aires,Secundario,No,0.0,No,Pago unico,449000,368.8,Celular,14,4,1,77056,1,1,5.4,10,0,No,1
L00242,Producto  Digital,28,Buenos Aires,Universitario,No,0.0,Si,Pago unico,342000,281.0,Computadora,4,3,3,90554,1,2,8.2,4,3,No,0
L00731,UX/UI,38,CABA,Universitario,No,0.0,Si,Beca,68000,58.1,Celular,20,2,1,30990,0,1,,2,1,No,0
L02317,UX/UI,35,Cordoba,Universitario,No,0.0,Si,Cuotas,443000,359.7,Celular,3,6,5,222768,5,2,8.9,1,7,No,0
L01067,Programación Web,18,Mendoza,Terciario,No,0.0,Si,Pago unico,425000,354.2,Celular,19,2,4,129611,7,1,10.0,1,0,No,0
L01262,Marketing Digital,27,Otra,Terciario,No,0.0,No,Cuotas,344000,281.0,Computadora,18,3,5,59151,0,2,9.5,4,3,No,0
L01413,Data Analytics,27,Santa Fe,Universitario,Si,46.0,No,Beca,92000,79.1,Tablet,16,4,2,70520,1,2,,1,2,No,0
L01102,python inicial,17,Cordoba,Terciario,No,0.0,Si,Beca,8000,6.7,Computadora,10,2,3,153388,0,2,7.0,1,0,No,1
L01164,Data Analytics,45,Otra,Secundario,No,0.0,No,Cuotas,475000,408.6,Computadora,0,4,4,89911,2,1,7.4,2,0,No,0
L01254,Marketing Digital,30,CABA,Terciario,No,0.0,Si,Cuotas,319000,257.3,Computadora,13,7,3,120683,4,2,9.5,0,7,No,0
L01410,Programacion Web,18,Buenos Aires,Secundario,No,0.0,No,Cuotas,492000,410.3,Computadora,22,1,1,85216,0,0,,14,0,Si,1
L01479,Python Inicial,17,CABA,Secundario,No,0.0,Si,Cuotas,263000,224.1,Celular,6,12,4,128055,1,2,8.6,0,5,No,0
L02998,Python Inicial,31,Otra,Posgrado,Si,41.0,Si,Cuotas,293000,236.9,Tablet,16,6,7,116557,2,2,8.6,1,6,No,0
L00818,Python Inicial,33,CABA,Universitario,Si,43.0,No,Pago unico,225000,183.1,Computadora,14,5,1,63309,1,1,,3,1,No,0
L00649,Python Inicial,34,Buenos Aires,Terciario,Si,42.0,Si,Cuotas,270000,234.5,Computadora,12,3,4,159106,1,1,6.9,1,7,No,0
L02072,Data Analytics,41,CABA,Posgrado,No,0.0,Si,Pago unico,371000,314.1,Computadora,4,5,6,102335,2,2,8.1,0,2,No,0
L01450,Marketing Digital,34,CABA,Secundario,Si,41.0,No,Cuotas,324000,261.2,Computadora,6,3,3,72864,1,1,6.1,0,2,No,0
L00172,programacion web,31,Cordoba,Terciario,No,0.0,No,Pago unico,437000,370.6,Computadora,16,5,6,70201,1,2,5.2,1,4,No,0
L01287,marketing digital,54,Cordoba,Secundario,Si,31.0,No,Cuotas,351000,298.8,Computadora,3,2,4,133769,2,2,6.9,4,4,No,0
L02091,Producto Digital,39,Buenos Aires,Universitario,Si,44.0,No,Cuotas,398000,332.8,Tablet,15,6,5,48780,2,2,6.7,2,3,No,0
L01643,Marketing Digital,20,Mendoza,Universitario,No,0.0,Si,Pago unico,293000,252.9,Celular,3,6,3,115736,1,0,5.1,0,3,No,0
L02261,Data Analytics,21,Buenos Aires,Terciario,Si,40.0,No,Cuotas,458000,388.4,Computadora,23,3,1,99269,2,1,6.4,11,0,No,1
L01912,Data Analytics,37,CABA,Secundario,Si,26.0,No,Cuotas,475000,395.8,Computadora,1,3,4,148389,0,2,9.1,0,4,No,0
L01588,Programacion Web,23,Otra,Universitario,No,0.0,Si,Cuotas,538000,463.6,Tablet,6,3,5,99019,0,2,7.0,1,3,No,0
L01148,Programacion Web,34,CABA,Secundario,Si,27.0,No,Cuotas,503000,428.7,Computadora,23,2,0,0,0,0,,14,1,Si,1
L00143,Data Analytics,36,CABA,Posgrado,Si,31.0,Si,Cuotas,456000,391.5,Celular,1,4,1,56744,1,1,10.0,3,2,No,0
L01424,Python Inicial,26,CABA,Terciario,No,0.0,Si,Beca,34000,27.5,Computadora,22,3,3,103269,2,1,6.7,9,9,No,0
L01063,Marketing Digital,27,CABA,Universitario,Si,54.0,No,Pago unico,294000,241.4,Celular,21,3,2,48686,0,1,6.8,3,1,No,1
L00340,Producto Digital,29,CABA,Terciario,No,0.0,No,Beca,74000,59.8,Tablet,21,1,3,85262,0,0,,4,3,No,0
L02131,Producto Digital,34,Buenos Aires,Posgrado,No,0.0,No,Beca,12000,10.3,Computadora,6,8,2,40876,2,0,7.6,0,3,No,0
L01653,Marketing Digital,31,Buenos Aires,Secundario,Si,22.0,No,Pago unico,290000,246.6,Computadora,3,5,3,138800,1,1,9.9,2,3,No,0
L03187,Producto Digital,17,Mendoza,Universitario,No,0.0,No,Pago unico,319000,266.4,Computadora,23,5,4,121335,2,2,9.0,2,2,No,0
L00722,Mkt Digital,38,CABA,Universitario,Si,27.0,No,Cuotas,356000,304.4,Computadora,6,3,4,61143,0,0,,4,0,Si,1
L01794,python inicial,52,CABA,Terciario,No,0.0,Si,Pago unico,222000,180.5,Computadora,2,4,5,138701,1,1,7.8,0,5,No,0
L00942,Producto Digital,22,Buenos Aires,Terciario,Si,45.0,No,Pago unico,310000,269.4,Celular,12,7,3,111391,2,1,7.8,0,4,No,0
L01384,Programacion Web,31,CABA,Terciario,No,0.0,Si,Beca,91000,74.5,Celular,20,4,6,133471,3,2,8.1,2,0,No,1
L01685,Programacion Web,34,Buenos Aires,Universitario,No,0.0,Si,Pago unico,435000,372.1,Computadora,21,9,5,205036,7,2,8.5,0,8,No,0
L02177,Python Inicial,37,Buenos Aires,Universitario,No,0.0,No,Cuotas,294000,251.0,Computadora,16,4,1,70522,1,1,,0,2,No,0
L02135,python inicial,21,Buenos Aires,Universitario,Si,25.0,Si,Cuotas,262000,226.0,Celular,20,2,3,97805,1,1,,1,0,No,1
L02706,Programacion Web,49,Otra,Terciario,Si,25.0,No,Pago unico,438000,362.7,Computadora,1,7,0,186655,5,2,7.0,1,7,No,0
L00278,Data Analytics,31,CABA,Universitario,No,0.0,No,Beca,29000,24.1,Computadora,2,1,3,70709,0,1,4.9,6,3,No,0
L01441,Data Analytics,39,Santa Fe,Universitario,Si,46.0,No,Beca,69000,59.3,Computadora,22,5,0,246,1,0,,7,0,Si,1
L00217,Programacion Web,25,CABA,Secundario,No,0.0,No,Pago unico,435000,355.9,Computadora,1,4,6,109451,2,1,7.9,6,4,No,0
L02797,Python Inicial,30,Cordoba,Secundario,No,0.0,Si,Cuotas,277000,235.7,Computadora,13,5,0,86676,2,1,6.6,1,5,No,0
L00570,producto digital,47,Buenos Aires,Terciario,Si,37.0,Si,Cuotas,406000,335.2,Computadora,13,9,11,89065,1,1,6.8,1,2,No,0
L03036,Python Inicial,20,Mendoza,Universitario,No,0.0,No,Cuotas,271000,221.3,Computadora,6,4,1,84679,1,0,8.8,0,2,No,0
L00322,Python Inicial,39,CABA,Terciario,Si,53.0,No,Cuotas,263000,226.2,Computadora,1,9,0,116371,1,2,6.3,2,6,No,0
L00418,UX/UI,37,Buenos Aires,Terciario,Si,32.0,No,Pago unico,339000,293.9,Celular,18,7,3,115090,1,1,7.4,3,11,No,0
L02646,Programacion Web,49,Buenos Aires,Universitario,Si,54.0,No,Cuotas,522000,419.5,Celular,15,8,5,67198,2,1,9.1,2,6,No,0
L01613,Programacion Web,33,Otra,Posgrado,No,0.0,No,Cuotas,489000,407.1,Computadora,19,3,1,48475,0,1,2.3,6,8,No,0
L02484,Programacion Web,21,Buenos Aires,Terciario,No,0.0,Si,Pago unico,421000,336.9,Computadora,11,4,2,88919,0,1,,6,2,No,0
L02043,Programacion Web,29,Buenos Aires,Terciario,No,0.0,Si,Cuotas,551000,478.2,Computadora,23,4,1,25057,0,1,,7,0,No,1
L02934,Programacion Web,27,CABA,Universitario,No,0.0,Si,Pago unico,448000,367.5,Computadora,4,6,3,125688,3,2,7.9,1,1,No,0
L01234,Python Inicial,17,Buenos Aires,Universitario,No,0.0,No,Pago unico,223000,190.8,Celular,12,4,2,52416,0,2,,1,4,No,0
L00793,UX/UI,26,CABA,Terciario,No,0.0,No,Pago unico,370000,304.1,Celular,16,4,4,84429,2,2,5.9,4,1,Si,1
L01763,Python Inicial,21,CABA,Terciario,No,0.0,Si,Pago unico,230000,198.7,Computadora,13,10,5,172045,2,2,8.6,0,7,No,0
L02529,Programacion Web,31,Otra,Universitario,No,0.0,No,Pago unico,441000,366.6,Celular,10,3,3,136798,2,1,7.7,1,6,No,0
L02269,Marketing Digital,23,Buenos Aires,Terciario,Si,40.0,Si,Pago unico,266000,224.5,Computadora,9,3,0,51540,2,0,6.4,8,1,Si,1
L03156,Producto Digital,17,Santa Fe,Universitario,Si,39.0,No,Cuotas,380000,319.6,Celular,1,2,1,0,0,0,,6,1,No,1
L01482,Data Analytics,31,CABA,Universitario,No,0.0,No,Cuotas,431000,368.5,Computadora,3,2,2,77605,1,2,,3,4,No,0
L00978,Programacion Web,42,Buenos Aires,Universitario,Si,46.0,Si,Beca,133000,115.5,Celular,22,1,1,39460,1,1,4.8,0,0,Si,1
L00796,Python Inicial,37,Cordoba,Universitario,No,0.0,No,Cuotas,285000,236.1,Celular,10,2,2,53827,1,1,6.4,1,0,Si,1
L02007,UX/UI,26,Buenos Aires,Secundario,No,0.0,No,Cuotas,445000,368.0,Computadora,5,4,2,57426,0,1,,13,1,Si,1
L02445,Programacion Web,38,Buenos Aires,Universitario,No,0.0,Si,Pago unico,454000,386.1,Computadora,8,0,5,55605,0,2,6.9,1,0,No,0
L02227,Producto Digital,50,Mendoza,Universitario,Si,27.0,No,Cuotas,361000,306.9,Celular,8,2,1,63616,0,0,7.4,2,3,No,0
L00925,Marketing Digital,35,Buenos Aires,Secundario,Si,31.0,No,Cuotas,316000,265.2,Computadora,4,4,7,111919,4,2,9.6,3,5,No,0
L01979,Marketing Digital,23,CABA,Secundario,Si,26.0,No,Cuotas,328000,283.0,Celular,5,1,1,20579,0,0,4.1,3,2,No,0
L02509,Data Analytics,33,CABA,Posgrado,No,0.0,No,Cuotas,426000,368.6,Celular,11,8,4,169625,0,2,7.3,3,3,No,0
L01499,Programacion Web,40,CABA,Universitario,Si,27.0,No,Cuotas,511000,412.1,Computadora,0,5,9,57674,1,2,6.5,4,10,No,0
L00175,Producto Digital,33,Buenos Aires,Terciario,Si,39.0,No,Beca,50000,42.3,Celular,12,2,1,0,0,0,5.1,14,0,No,1
L02916,UX / UI,23,CABA,Secundario,No,0.0,No,Pago unico,332000,278.5,Computadora,12,4,1,92631,1,2,,0,4,No,0
L01310,Programacion Web,43,Buenos Aires,Secundario,Si,29.0,Si,Beca,132000,108.1,Celular,14,1,2,44167,1,1,,1,0,Si,1
L00379,Programacion Web,30,CABA,Secundario,No,0.0,No,Pago unico,453000,366.6,Computadora,20,7,9,117309,0,1,8.8,8,5,No,0
L01638,UX/UI,34,Santa Fe,Universitario,Si,43.0,No,Beca,106000,89.4,Computadora,15,2,3,60515,3,0,4.8,4,0,Si,1
L02411,Programacion Web,28,Buenos Aires,Posgrado,No,0.0,No,Pago unico,455000,390.6,Computadora,19,14,3,192395,4,2,9.0,1,7,No,0
L00836,Data Analytics,20,Buenos Aires,Universitario,No,0.0,Si,Cuotas,424000,343.0,Celular,11,9,7,145714,2,2,6.4,2,6,No,0
L00355,Data Analytics,20,Buenos Aires,Posgrado,No,0.0,No,Cuotas,423000,345.7,Computadora,7,7,10,196390,2,2,7.9,0,5,No,0
L02609,UX/UI,17,Otra,Secundario,No,0.0,Si,Cuotas,429000,354.5,Computadora,2,4,5,115670,3,1,5.7,5,3,No,0
L00173,UX/UI,24,Santa Fe,Secundario,Si,,No,Cuotas,415000,355.8,Computadora,9,3,0,39987,1,1,7.4,4,0,Si,1
L00124,Programacion Web,31,CABA,Secundario,Si,39.0,Si,Cuotas,537000,446.8,Celular,1,4,0,74156,1,1,5.8,2,1,No,0
L01142,Producto Digital,62,CABA,Secundario,Si,50.0,No,Cuotas,407000,339.9,Computadora,5,5,6,152649,0,2,6.2,2,0,Si,1
L02793,Python Inicial,17,Otra,Universitario,No,0.0,Si,Cuotas,288000,246.7,Computadora,17,5,4,185562,3,2,6.3,0,6,No,0
L01146,Marketing Digital,35,CABA,Terciario,Si,,Si,Pago unico,265000,217.7,Tablet,14,6,3,119223,0,2,6.6,1,3,No,0
L02263,Python Inicial,49,CABA,Universitario,Si,40.0,Si,Cuotas,278000,229.7,Computadora,2,0,1,48972,2,2,6.4,8,3,No,0
L02501,Programacion Web,42,Mendoza,Secundario,No,0.0,No,Cuotas,517000,426.1,Computadora,20,5,1,60277,2,2,5.5,3,3,No,0
L02496,Python Inicial,36,Buenos Aires,Universitario,Si,49.0,No,Cuotas,262000,225.5,Computadora,5,1,2,87897,2,1,,1,3,No,0
L02857,Data Analytics,37,Buenos Aires,Universitario,No,0.0,Si,Cuotas,443000,378.2,Tablet,13,7,5,115588,2,2,9.0,4,3,No,0
L00759,Producto Digital,20,Mendoza,Universitario,No,0.0,No,Cuotas,389000,328.5,Celular,13,5,3,54510,0,1,5.4,7,0,Si,1
L01349,Programacion Web,30,CABA,Terciario,No,0.0,No,Pago unico,417000,362.3,Computadora,18,1,1,67117,0,1,6.0,2,6,No,0
L00253,Data Analytics,30,Cordoba,Universitario,Si,36.0,No,Beca,96000,77.3,Computadora,21,5,2,58461,1,2,,2,3,No,0
L02452,UX/UI,24,Otra,Secundario,No,0.0,Si,Pago unico,363000,308.2,Celular,21,4,1,70468,3,1,,6,0,No,0
L02868,Data Analytics,22,Buenos Aires,Universitario,No,0.0,No,Cuotas,444000,369.0,Celular,7,4,5,115188,1,2,6.9,3,2,No,0
L02406,Marketing Digital,28,Santa Fe,Terciario,No,0.0,No,Cuotas,335000,290.8,Celular,1,2,4,105539,1,0,,2,3,No,0
L02483,UX/UI,17,Cordoba,Terciario,Si,51.0,No,Cuotas,390000,339.1,Computadora,12,3,2,70450,1,2,8.2,0,4,No,0
L00804,Programacion Web,27,CABA,Secundario,No,0.0,No,Cuotas,493000,423.3,Computadora,9,5,4,111227,2,2,9.0,0,3,No,0
L02685,UX/UI,20,Buenos Aires,Secundario,No,0.0,No,Cuotas,399000,340.9,Computadora,19,1,7,191483,4,1,6.8,1,4,No,0
L01649,UX/UI,22,Santa Fe,Universitario,Si,43.0,No,Cuotas,414000,354.0,Computadora,7,2,3,23689,0,0,4.1,4,0,No,0
L02059,UX/UI,21,CABA,Terciario,No,0.0,Si,Beca,79000,66.8,Celular,20,1,0,0,0,1,6.9,2,0,No,0
L02878,Producto Digital,26,CABA,Terciario,No,0.0,Si,Cuotas,374000,303.2,Computadora,17,5,5,152961,1,1,8.0,0,3,No,0
L02103,Data Analytics,35,Santa Fe,Universitario,No,0.0,Si,Pago unico,384000,328.6,Computadora,11,8,3,206358,2,1,6.5,1,9,No,0
L01224,Programacion Web,36,Buenos Aires,Secundario,No,0.0,Si,Pago unico,413000,343.2,Computadora,19,2,3,36706,1,1,,2,7,No,0
L01032,Marketing Digital,33,Otra,Terciario,Si,38.0,Si,Pago unico,272000,227.2,Celular,14,3,1,32657,0,2,,14,1,No,0
L01992,Data Analytics,27,Mendoza,Universitario,Si,28.0,No,Cuotas,421000,358.6,Computadora,21,3,1,45949,0,1,7.2,11,0,No,1
L02403,DATA ANALYTICS,41,Mendoza,Universitario,Si,38.0,Si,Cuotas,479000,390.1,Computadora,22,6,0,83497,0,1,,1,3,No,0
L02189,programacion web,31,Buenos Aires,Universitario,No,0.0,Si,Cuotas,492000,426.7,Computadora,15,4,3,119370,1,1,5.7,5,5,No,0
L00003,UX/UI,48,CABA,Universitario,Si,18.0,No,Pago unico,365000,297.3,Computadora,0,2,0,91966,0,2,6.2,1,6,No,0
L00991,Programacion Web,17,Buenos Aires,Terciario,No,0.0,No,Beca,42000,35.5,Celular,3,5,4,17011,0,1,6.2,3,2,No,0
L00643,Programacion Web,26,Buenos Aires,Universitario,No,0.0,No,Cuotas,511000,413.3,Computadora,6,4,1,23819,1,0,9.0,5,4,No,0
L00907,Data Analytics,20,CABA,Terciario,No,0.0,Si,Cuotas,449000,361.4,Computadora,20,2,2,56416,1,1,,0,0,Si,1
L01597,Python Inicial,34,Cordoba,Secundario,Si,40.0,Si,Cuotas,272000,233.3,Computadora,18,5,6,133011,3,1,7.4,1,1,No,0
L00206,Python Inicial,23,Buenos Aires,Secundario,No,0.0,No,Cuotas,276000,237.4,Computadora,16,5,2,74408,2,1,7.7,1,2,No,0
L02201,Data Analytics,30,CABA,Universitario,No,0.0,No,Cuotas,425000,365.4,Tablet,14,6,5,132670,3,2,8.2,0,4,No,0
L00801,Python Inicial,22,Santa Fe,Universitario,No,0.0,No,Pago unico,225000,194.7,Computadora,15,3,6,135336,2,2,10.0,2,5,No,0
L02914,Data Analytics,28,CABA,Secundario,No,0.0,No,Pago unico,376000,309.4,Celular,9,4,3,114751,1,2,5.6,1,8,No,0
L01305,producto digital,34,Santa Fe,Terciario,Si,34.0,No,Pago unico,322000,266.4,Celular,21,5,5,76863,1,1,,2,4,No,0
L01991,Marketing Digital,0,Santa Fe,Universitario,Si,41.0,No,Cuotas,313000,271.4,Computadora,16,0,1,0,0,1,,14,0,Si,1
L02233,Programacion Web,19,Buenos Aires,Universitario,No,0.0,Si,Cuotas,534000,442.0,Computadora,14,4,1,119671,1,2,,7,0,No,1
L01585,Producto Digital,45,Otra,Terciario,No,0.0,Si,Pago unico,335000,280.0,Computadora,20,7,1,44672,1,0,9.9,8,2,No,0
L02241,Producto Digital,40,CABA,Universitario,Si,29.0,No,Beca,36000,31.1,Computadora,12,4,1,87578,2,1,7.4,0,5,No,0
L01773,Data Analytics,39,Santa Fe,Universitario,Si,42.0,No,Pago unico,370000,321.7,Tablet,20,5,5,118267,4,2,8.1,5,6,No,0
L00798,Python Inicial,24,CABA,Universitario,Si,29.0,Si,Beca,19000,15.4,Computadora,10,4,6,166838,1,2,8.8,2,10,No,0
L01694,Data Analytics,17,Buenos Aires,Secundario,No,0.0,No,Cuotas,478000,399.4,Computadora,22,1,5,140405,3,2,5.7,0,2,No,0
L02468,Programacion Web,27,Otra,Terciario,No,0.0,No,Cuotas,485000,404.9,Tablet,13,9,4,117924,0,2,7.3,3,4,No,0
L00562,Programacion Web,33,Cordoba,Terciario,No,0.0,No,Cuotas,545000,459.0,Celular,7,5,2,90932,1,0,7.9,2,0,Si,1
L02525,Producto Digital,41,Cordoba,Secundario,Si,48.0,No,Beca,10000,8.5,Computadora,21,4,2,50441,0,1,7.5,6,1,No,1
L02765,UX/UI,21,Buenos Aires,Secundario,Si,,Si,Beca,59000,48.8,Computadora,18,3,1,44803,1,0,,3,0,No,0
L01966,Marketing Digital,59,Buenos Aires,Terciario,Si,37.0,No,Cuotas,340000,279.4,Tablet,15,8,5,138925,5,2,7.8,3,2,No,0
L02858,Producto Digital,32,Buenos Aires,Secundario,No,0.0,No,Cuotas,407000,337.4,Computadora,8,3,2,197462,1,2,4.9,1,5,No,0
L02467,UX/UI,30,Santa Fe,Universitario,No,0.0,No,Pago unico,354000,299.2,Tablet,4,2,2,77168,1,2,6.3,4,3,No,0
L02825,UX/UI,27,Buenos Aires,Terciario,Si,31.0,Si,Pago unico,349000,287.2,Computadora,22,3,2,93363,0,1,6.2,0,3,No,0
L00852,Producto Digital,33,CABA,Posgrado,Si,40.0,No,Cuotas,409000,336.2,Celular,23,2,1,55474,1,0,3.6,12,0,Si,1
L01544,Marketing Digital,23,CABA,Universitario,Si,37.0,No,Pago unico,268000,226.0,Celular,13,1,3,44736,0,1,,2,1,Si,1
L02751,Python Inicial,38,Buenos Aires,Secundario,No,0.0,Si,Cuotas,262000,224.6,Computadora,6,4,3,110927,2,2,5.5,1,6,No,0
L00455,Programacion Web,34,CABA,Terciario,No,0.0,No,Pago unico,451000,368.5,Computadora,6,4,6,132051,2,1,,4,4,No,0
L03011,Programacion Web,26,Otra,Terciario,No,0.0,No,Cuotas,536000,432.9,Celular,13,7,9,148911,3,2,7.0,1,6,No,0
L01186,Programacion Web,25,Otra,Secundario,No,0.0,No,Cuotas,513000,429.2,Celular,3,3,0,54830,2,0,6.3,2,3,No,0
L02635,Programacion Web,29,Otra,Secundario,No,0.0,Si,Pago unico,432000,364.0,Celular,11,3,0,53215,2,1,,1,2,No,0
L01020,Producto Digital,38,Buenos Aires,Secundario,Si,38.0,Si,Cuotas,395000,319.2,Celular,11,4,3,30570,2,1,7.9,4,2,No,0
L01169,Data Analytics,22,Buenos Aires,Terciario,Si,23.0,No,Cuotas,450000,382.8,Celular,6,3,1,36144,2,0,6.2,14,0,No,1
L00929,UX/UI,20,Otra,Universitario,No,0.0,No,Pago unico,335000,275.5,Celular,0,3,2,65744,0,1,,0,4,No,0
L00029,UX/UI,37,CABA,Universitario,Si,27.0,No,Cuotas,434000,360.0,Celular,8,7,1,81730,0,1,4.9,2,0,Si,1
L01552,Programacion Web,26,Otra,Universitario,Si,49.0,No,Pago unico,455000,390.0,Celular,14,6,5,122494,2,1,7.4,0,3,No,0
L01405,UX/UI,19,Cordoba,Secundario,Si,36.0,Si,Cuotas,426000,357.2,Tablet,9,7,0,177053,2,2,7.8,0,4,No,0
L00382,UX/UI,24,Buenos Aires,Secundario,Si,60.0,No,Cuotas,405000,349.0,Computadora,9,1,1,53553,0,0,5.6,1,1,Si,1
L01897,DATA ANALYTICS,21,Buenos Aires,Universitario,No,0.0,No,Pago unico,395000,324.6,Celular,8,2,5,127940,2,2,8.0,1,3,No,0
L02619,Programacion Web,22,CABA,Secundario,No,0.0,Si,Cuotas,503000,429.4,Celular,15,3,1,104223,1,2,9.8,3,4,No,0
L01172,Marketing Digital,27,Mendoza,Terciario,No,0.0,No,Cuotas,338000,276.7,Computadora,15,2,0,50261,0,0,,1,0,No,0
L00912,Programacion Web,50,CABA,Posgrado,Si,40.0,No,Pago unico,435000,377.2,Computadora,20,4,1,112672,2,2,6.8,1,0,Si,1
L00680,Data Analytics,26,Buenos Aires,Universitario,Si,36.0,Si,Pago unico,382000,316.8,Computadora,19,4,0,78903,0,1,4.2,4,4,No,0
L02223,Producto Digital,34,CABA,Universitario,Si,32.0,Si,Cuotas,389000,321.0,Celular,16,3,1,52656,1,1,,13,0,Si,1
L01292,Programacion Web,26,CABA,Terciario,No,0.0,No,Pago unico,418000,335.8,Celular,5,3,4,157431,1,2,6.5,2,4,No,0
L01100,Data Analytics,28,Buenos Aires,Universitario,No,0.0,No,Beca,54000,44.9,Computadora,3,4,2,122304,0,2,4.2,1,4,No,0
L02532,Data Analytics,20,CABA,Terciario,No,0.0,No,Cuotas,464000,393.4,Celular,10,14,14,189814,8,2,7.3,0,12,No,0
L02708,Prog. Web,27,Santa Fe,Universitario,No,0.0,No,Cuotas,540000,458.5,Tablet,14,8,5,79183,1,1,7.8,6,4,No,0
L00835,Data Analytics,26,Buenos Aires,Terciario,No,0.0,No,Cuotas,459000,392.6,Celular,23,2,2,16365,0,2,8.2,5,2,No,0
L01670,UX/UI,26,Santa Fe,Universitario,Si,39.0,No,Pago unico,370000,313.4,Computadora,9,3,3,43461,1,1,5.5,1,3,No,0
L01437,UX/UI,27,CABA,Universitario,No,0.0,Si,Cuotas,409000,350.9,Computadora,2,2,5,111615,1,2,9.1,0,3,No,0
L00768,Producto Digital,17,Santa Fe,Secundario,No,0.0,No,Pago unico,309000,261.4,Tablet,15,0,1,50572,0,0,,3,1,No,0
L02055,programacion web,38,CABA,Terciario,No,0.0,No,Cuotas,505000,427.3,Computadora,20,4,1,44574,1,1,5.7,2,3,No,0
L01689,Programacion Web,38,Buenos Aires,Secundario,Si,33.0,No,Cuotas,491000,410.6,Computadora,5,4,4,106494,1,1,6.6,0,5,No,0
L01251,UX/UI,26,CABA,Terciario,Si,39.0,No,Cuotas,431000,360.6,Computadora,16,4,1,49424,3,1,7.7,5,3,No,0
L00099,Programacion Web,24,Otra,Terciario,Si,25.0,Si,Pago unico,409000,348.5,Computadora,12,2,6,137219,2,2,8.1,5,7,No,0
L00789,Data Analytics,19,Buenos Aires,Terciario,No,0.0,No,Pago unico,365000,303.2,Computadora,9,4,1,88149,2,1,6.1,4,1,No,0
L02154,Programacion Web,37,Otra,Posgrado,Si,38.0,No,Beca,88000,75.2,Celular,7,1,4,71711,0,0,,2,4,No,0
L01720,Data Analytics,35,Buenos Aires,Secundario,Si,41.0,No,Pago unico,397000,343.3,Celular,20,0,3,70414,2,2,,1,0,Si,1
L00757,Python Inicial,32,Otra,Secundario,Si,35.0,Si,Beca,60000,51.6,Computadora,16,6,3,99773,2,2,8.3,2,5,No,0
L00952,Data Analytics,30,Buenos Aires,Terciario,Si,53.0,No,Beca,80000,67.4,Celular,8,4,1,0,0,0,,13,0,No,1
L00762,Producto Digital,25,CABA,Universitario,Si,47.0,No,Cuotas,389000,333.7,Computadora,2,3,4,66882,1,2,6.4,1,4,No,0
L00119,Programacion Web,48,CABA,Universitario,No,0.0,Si,Pago unico,420000,352.1,Computadora,1,4,4,121513,0,2,4.6,0,7,No,0
L00207,Data Analytics,24,Otra,Universitario,No,0.0,No,Cuotas,471000,388.2,Celular,23,7,3,107108,1,2,7.6,2,5,No,0
L02161,UX/UI,18,Buenos Aires,Terciario,No,0.0,Si,Pago unico,338000,283.8,Computadora,6,4,6,140715,1,1,7.4,0,1,No,0
L02577,Programacion Web,25,CABA,Posgrado,No,0.0,No,Cuotas,515000,432.6,Celular,17,2,2,131892,0,1,3.7,0,3,No,0
L03191,Python Inicial,30,Santa Fe,Posgrado,Si,46.0,No,Cuotas,287000,244.0,Tablet,10,5,3,82370,0,0,,0,1,No,0
L00305,data analytics,33,Mendoza,Terciario,No,0.0,No,Pago unico,378000,314.3,Computadora,16,8,7,186323,3,1,9.6,0,10,No,0
L00828,Marketing Digital,25,CABA,Terciario,No,0.0,Si,Beca,60000,50.7,Celular,23,4,6,137535,1,2,7.5,1,4,No,0
L02068,Marketing Digital,17,Otra,Terciario,No,0.0,No,Pago unico,264000,213.2,Computadora,11,0,2,63025,1,2,7.7,1,2,No,0
L02475,Producto Digital,20,Buenos Aires,Universitario,Si,26.0,Si,Cuotas,372000,319.7,Celular,1,5,1,142197,1,2,6.3,0,3,No,0
L00743,Python Inicial,26,CABA,Universitario,No,0.0,Si,Cuotas,292000,244.4,Celular,17,3,2,123163,0,2,7.4,3,6,No,0
L02019,Marketing Digital,30,CABA,Posgrado,No,0.0,No,Cuotas,321000,275.0,Computadora,22,3,2,63133,3,2,7.3,2,5,No,0
L01418,Programacion Web,24,Buenos Aires,Terciario,No,0.0,No,Pago unico,429000,362.1,Celular,10,5,4,41491,1,0,,14,0,Si,1
L01407,Programacion Web,35,CABA,Posgrado,Si,37.0,No,Pago unico,426000,361.4,Computadora,14,2,2,127253,2,2,,1,0,Si,1
L02056,Data Analytics,19,Cordoba,Terciario,Si,37.0,No,Cuotas,437000,378.6,Celular,8,4,1,123870,3,2,6.2,2,0,Si,1
L03043,Producto Digital,38,CABA,Secundario,Si,41.0,No,Pago unico,313000,267.0,Celular,20,2,1,0,1,1,7.4,2,2,No,0
L00842,UX/UI,54,Otra,Terciario,Si,35.0,No,Cuotas,443000,364.1,Celular,20,4,3,84819,0,1,,0,0,Si,1
L02400,UX/UI,32,Cordoba,Secundario,Si,39.0,No,Beca,82000,67.6,Computadora,6,5,1,11104,0,2,6.6,2,1,No,1
L01071,Data Analytics,28,CABA,Terciario,No,0.0,Si,Pago unico,366000,294.1,Computadora,21,4,1,87220,4,1,6.9,0,3,No,0
L02683,Data Analytics,29,Otra,Secundario,No,0.0,No,Cuotas,459000,383.9,Computadora,7,2,3,99999,2,1,8.7,2,3,No,0
L00424,Python Inicial,37,Buenos Aires,Secundario,Si,43.0,No,Beca,54000,46.8,Computadora,7,2,5,71231,2,1,4.8,1,2,No,0
L01335,Data Analytics,32,CABA,Secundario,Si,53.0,Si,Beca,57000,46.8,Celular,0,5,2,145492,1,2,8.9,2,5,No,0
L01575,Marketing Digital,21,CABA,Secundario,No,0.0,No,Cuotas,316000,255.2,Computadora,0,5,2,100371,0,2,7.5,0,5,No,0
L00451,Producto Digital,29,CABA,Secundario,Si,47.0,Si,Beca,15000,12.8,Celular,5,5,3,109494,1,2,9.1,0,8,No,0
L01388,Marketing Digital,32,Buenos Aires,Universitario,No,0.0,No,Beca,65000,53.5,Computadora,14,2,1,90923,0,1,6.9,1,5,No,0
L00965,Producto Digital,23,Otra,Terciario,No,0.0,No,Beca,79000,68.0,Tablet,13,5,3,49627,1,0,8.4,1,4,No,0
L01242,Python Inicial,23,Buenos Aires,Universitario,Si,31.0,No,Cuotas,275000,224.6,Celular,7,4,1,68299,1,1,7.2,0,3,No,0
L01401,Marketing Digital,17,Santa Fe,Posgrado,No,0.0,No,Cuotas,330000,277.7,Tablet,9,2,6,74707,0,0,5.1,4,2,No,0
L02016,Data Analytics,23,Buenos Aires,Universitario,No,0.0,No,Cuotas,448000,385.4,Computadora,10,2,8,106123,2,2,8.4,1,8,No,0
L00200,Programacion Web,17,Otra,Terciario,No,0.0,No,Pago unico,421000,343.2,Computadora,10,6,6,191329,0,2,9.8,1,7,No,0
L00423,Marketing Digital,17,Buenos Aires,Universitario,No,0.0,Si,Pago unico,288000,243.5,Computadora,9,3,0,108190,1,2,8.6,0,3,No,0
L01027,Marketing Digital,46,CABA,Posgrado,Si,31.0,Si,Pago unico,268000,222.6,Computadora,17,1,6,160056,0,2,10.0,0,5,No,0
L02990,Data Analytics,36,Buenos Aires,Terciario,No,0.0,No,Pago unico,359000,307.5,Computadora,20,6,3,220620,4,2,8.9,0,11,No,0
L01419,Python Inicial,35,Santa Fe,Universitario,No,0.0,No,Beca,69000,57.5,Computadora,18,6,1,87012,0,1,6.2,3,4,No,0
L02608,UX/UI,17,Cordoba,Posgrado,No,0.0,No,Cuotas,424000,349.6,Celular,4,4,3,142898,2,2,6.2,0,6,No,0
L00736,Programacion Web,25,Buenos Aires,Universitario,No,0.0,No,Cuotas,532000,461.7,Computadora,17,7,4,95028,0,0,5.6,0,7,No,0
L02077,UX/UI,24,Otra,Terciario,Si,21.0,No,Cuotas,416000,351.1,Computadora,14,9,6,132408,5,2,7.8,4,5,No,0
L03037,Python Inicial,23,Santa Fe,Terciario,No,0.0,No,Pago unico,229000,197.2,Computadora,5,3,1,76819,0,1,,3,3,No,0
L02761,Python Inicial,24,Cordoba,Universitario,No,0.0,No,Pago unico,231000,193.1,Celular,5,8,6,113658,1,2,6.8,3,7,No,0
L02582,Data Analytics,24,Cordoba,Secundario,No,0.0,No,Cuotas,462000,391.4,Computadora,4,3,4,161250,0,2,6.3,3,1,No,0
L02734,DATA ANALYTICS,46,CABA,Secundario,Si,36.0,No,Cuotas,438000,376.2,Computadora,19,6,4,89768,1,1,7.9,3,2,No,0
L03093,Programacion Web,21,Mendoza,Terciario,Si,32.0,No,Pago unico,419000,360.1,Computadora,17,3,2,0,2,2,,8,1,No,1
L03104,Programacion Web,23,CABA,Universitario,No,0.0,No,Cuotas,490000,414.7,Celular,21,5,4,93654,3,2,5.7,2,2,No,0
L00599,Producto Digital,17,Cordoba,Terciario,No,0.0,No,Cuotas,399000,334.2,Tablet,13,3,3,103578,0,2,9.0,0,3,No,0
L00576,Programacion Web,27,CABA,Universitario,No,0.0,Si,Cuotas,506000,426.4,Computadora,4,6,0,78286,0,2,6.7,1,3,No,0
L00492,UX/UI,25,CABA,Secundario,No,0.0,No,Beca,42000,35.6,Computadora,16,8,2,49899,3,1,9.4,4,0,No,0
L00348,Data Analytics,40,Buenos Aires,Secundario,Si,26.0,No,Cuotas,445000,382.7,Computadora,16,3,3,49374,0,0,,3,0,No,1
L01501,Prog. Web,35,Santa Fe,Universitario,No,0.0,Si,Cuotas,502000,410.3,Tablet,9,4,3,94384,1,2,6.3,1,4,No,0
L03154,Data Analytics,29,Cordoba,Secundario,No,0.0,Si,Cuotas,477000,403.6,Computadora,5,1,1,77461,0,2,4.2,6,0,No,0
L02543,UX/UI,36,Otra,Universitario,No,0.0,Si,Pago unico,336000,279.4,Celular,1,3,2,109428,0,2,8.6,1,3,No,0
L01766,Python Inicial,48,CABA,Secundario,Si,40.0,Si,Cuotas,286000,247.8,Computadora,16,4,2,44972,1,2,7.7,0,2,No,0
L03082,UX/UI,40,Cordoba,Terciario,Si,36.0,Si,Beca,42000,35.1,Celular,8,5,3,91376,0,0,4.3,3,1,No,1
L01895,Python Inicial,37,CABA,Universitario,Si,48.0,No,Beca,40000,33.0,Celular,1,1,1,0,0,0,,14,0,Si,1
L02371,UX / UI,19,Cordoba,Secundario,Si,31.0,No,Pago unico,367000,305.4,Computadora,4,3,2,43020,0,0,6.7,14,0,No,0
L00411,Data Analytics,30,Buenos Aires,Universitario,No,0.0,Si,Pago unico,381000,306.0,Celular,10,11,4,148260,2,2,8.2,0,1,No,0
L02219,UX/UI,27,CABA,Universitario,Si,30.0,Si,Cuotas,397000,322.6,Computadora,9,5,5,130140,3,2,6.7,3,5,No,0
L02876,Programacion Web,17,CABA,Universitario,No,0.0,No,Cuotas,520000,427.4,Computadora,12,5,2,65593,0,1,,3,3,No,0
L01864,Data Analytics,20,Buenos Aires,Terciario,No,0.0,No,Beca,79000,66.4,Computadora,3,2,2,13564,0,1,4.0,0,3,No,0
L00950,Programacion Web,17,Buenos Aires,Terciario,No,0.0,Si,Cuotas,548000,444.8,Computadora,12,4,1,109743,1,2,,3,1,No,0
L03013,Data Analytics,21,CABA,Secundario,Si,59.0,No,Cuotas,432000,353.3,Computadora,17,2,2,114815,1,2,8.8,5,3,No,0
L00564,Python inicial,35,CABA,Terciario,Si,43.0,No,Pago unico,238000,204.1,Computadora,20,4,1,168238,1,1,,0,0,Si,1
L00778,UX/UI,22,Cordoba,Terciario,No,0.0,Si,Cuotas,418000,357.8,Computadora,0,7,1,24064,0,1,,3,3,No,0
L02489,Data Analytics,29,Cordoba,Secundario,No,0.0,No,Cuotas,452000,375.5,Tablet,19,6,4,85316,1,2,7.1,1,5,No,0
L00350,Python Inicial,34,Buenos Aires,Secundario,No,0.0,Si,Pago unico,233000,198.3,Computadora,8,11,4,127750,0,2,7.2,0,6,No,0
L03175,Programacion Web,17,Buenos Aires,Terciario,Si,38.0,Si,Cuotas,515000,442.4,Computadora,2,8,9,180516,6,2,7.4,1,4,No,0
L00271,Data Analytics,52,Mendoza,Secundario,Si,52.0,Si,Pago unico,363000,306.5,Computadora,7,8,2,141485,1,2,7.5,2,0,Si,1
L01374,Marketing Digital,24,Buenos Aires,Universitario,No,0.0,No,Beca,46000,39.4,Tablet,12,6,10,96432,5,2,10.0,0,5,No,0
L02192,Producto  Digital,36,Buenos Aires,Terciario,Si,41.0,No,Cuotas,390000,316.4,Computadora,22,3,1,74546,1,2,7.0,1,5,No,0
L01086,Marketing Digital,37,CABA,Terciario,No,0.0,No,Pago unico,283000,239.8,Computadora,23,1,3,50511,0,2,7.2,4,2,No,0
L01930,Programacion Web,23,Mendoza,Secundario,No,0.0,No,Pago unico,423000,348.9,Celular,3,0,4,116581,1,0,4.1,0,2,No,0
L00270,UX/UI,27,Buenos Aires,Universitario,No,0.0,No,Cuotas,427000,357.2,Computadora,17,4,2,83147,1,1,8.5,9,3,No,0
L00621,Python Inicial,29,Cordoba,Universitario,No,0.0,Si,Beca,67000,54.4,Celular,18,3,4,138458,1,1,9.3,1,2,No,0
L00668,Producto Digital,52,Buenos Aires,Universitario,Si,30.0,Si,Cuotas,377000,315.2,Celular,3,8,5,175685,2,2,7.5,0,7,No,0
L00459,Programacion Web,39,CABA,Universitario,Si,42.0,Si,Cuotas,487000,392.1,Computadora,23,3,1,44248,0,1,,2,0,Si,1
L00116,Data Analytics,27,Otra,Universitario,Si,38.0,No,Cuotas,433000,367.8,Computadora,1,4,2,45830,0,0,,5,0,Si,1
L00829,Producto Digital,34,Santa Fe,Universitario,Si,32.0,No,Pago unico,312000,260.6,Computadora,19,6,1,1249,1,0,4.4,14,1,Si,1
L01110,Data Analytics,39,CABA,Terciario,Si,43.0,No,Cuotas,471000,390.5,Computadora,23,3,1,11575,1,1,,3,2,No,0
L01902,Marketing Digital,52,Santa Fe,Terciario,No,0.0,No,Cuotas,325000,267.4,Celular,20,8,5,101058,0,1,6.9,2,3,No,0
L02097,Programacion Web,25,CABA,Terciario,No,0.0,Si,Beca,106000,85.7,Computadora,13,8,6,161528,2,2,9.6,0,3,No,0
L01385,UX/UI,45,Cordoba,Universitario,Si,35.0,Si,Pago unico,354000,297.0,Computadora,18,3,3,155398,2,0,7.5,0,9,No,0
L02900,Programacion Web,49,CABA,Secundario,No,0.0,No,Cuotas,546000,451.6,Computadora,18,1,3,65829,0,0,,6,0,Si,1
L02185,Programacion Web,22,Cordoba,Universitario,No,0.0,No,Cuotas,495000,429.2,Computadora,9,7,5,99233,1,1,8.5,4,4,No,0
L00987,Data Analytics,32,CABA,Secundario,Si,37.0,No,Cuotas,476000,403.9,Tablet,16,6,11,209313,5,2,10.0,1,6,No,0
L02182,Programacion Web,28,CABA,Terciario,No,0.0,No,Cuotas,552000,460.3,Celular,23,0,0,14794,0,1,,4,0,No,1
L02410,Programación Web,17,CABA,Terciario,No,0.0,No,Pago unico,419000,358.3,Computadora,12,4,3,166818,3,1,6.8,1,5,No,0
L02034,Python Inicial,57,Mendoza,Universitario,Si,29.0,No,Pago unico,234000,194.7,Computadora,13,2,0,133882,2,1,10.0,1,7,No,0
L01365,Marketing Digital,20,CABA,Secundario,No,0.0,Si,Cuotas,335000,271.1,Celular,21,2,2,187156,0,2,8.0,0,5,No,0
L00452,Data Analytics,32,Otra,Universitario,No,0.0,No,Cuotas,422000,345.8,Computadora,8,6,2,125194,2,2,5.4,1,3,No,0
