id_publicacion,genero_musical,oyentes_mensuales_spotify,capacidad_venue,tipo_venue,sector,precio_original,precio_original_con_cargos,dias_hasta_el_show,dia_semana_show,show_agotado_en_preventa,vendedor_verificado,cantidad_entradas_publicadas,cantidad_fotos_publicacion,precio_publicado,se_vendio,comision_plataforma,precio_reventa
P00826,Electronica,4346767,8400,Arena,Campo,52000,60000,22,Viernes,No,No,2.0,3.0,70000,1,10000.0,70000.0
P01270,Trap,843108,3300,Teatro,Campo,46000,53900,8,Viernes,No,Si,2.0,1.0,68000,1,10000.0,68000.0
P00986,Indie,13744934,25000,Estadio,CAMPO,57000,68900,23,Jueves,Si,Si,1.0,8.0,158000,1,24000.0,158000.0
P01204,Indie,10211935,15000,Arena,Platea Alta,44000,52700,47,Jueves,No,Si,3.0,5.0,68000,1,10000.0,68000.0
P00438,Cumbia,351766,3300,Teatro,General,22000,25700,21,Martes,No,Si,4.0,3.0,23000,1,3000.0,23000.0
P00700,Rock nacional,2793314,15000,Arena,Platea Alta,43000,51500,3,Lunes,No,No,3.0,1.0,43000,1,6000.0,43000.0
P00118,Trap,566378,8400,Arena,General,26000,30100,53,Jueves,No,Si,2.0,1.0,29000,1,4000.0,29000.0
P00772,Pop internacional,5179242,15000,Arena,Campo,55000,66200,7,Viernes,No,No,2.0,3.0,86000,1,13000.0,86000.0
P00200,Cumbia,215965,3300,Teatro,Platea Alta,38000,45600,8,Martes,No,Si,2.0,7.0,58000,1,9000.0,58000.0
P01202,Pop internacional,960228,5000,Arena,general,26000,31600,36,Jueves,No,Si,2.0,3.0,37000,1,6000.0,37000.0
P01149,Pop internacional,494400,3300,Teatro,General,23000,27100,22,Sabado,No,No,1.0,5.0,40000,1,6000.0,40000.0
P01173,Rock nacional,31264677,25000,Estadio,Palco,183000,214200,28,Miercoles,No,Si,6.0,5.0,313000,1,47000.0,313000.0
P00749,Indie,1138665,8400,Arena,Campo,54000,66200,23,Viernes,No,No,1.0,3.0,88000,1,13000.0,88000.0
P00603,Rock nacional,2027740,8400,Arena,Campo,52000,64400,19,Sabado,No,No,2.0,6.0,103000,1,15000.0,103000.0
P01388,Trap,3741075,15000,Arena,Platea Alta,43000,51600,8,Sabado,No,Si,1.0,3.0,102000,1,15000.0,102000.0
P00707,Pop internacional,550072,5000,Arena,General,26000,31100,3,Domingo,No,Si,1.0,8.0,38000,1,6000.0,38000.0
P00035,Rock nacional,505470,3300,Teatro,Palco,143000,167700,24,Domingo,No,Si,1.0,8.0,252000,1,38000.0,252000.0
P01152,Cumbia,10309698,15000,Arena,GENERAL,31000,38300,5,Viernes,No,No,2.0,8.0,51000,1,8000.0,51000.0
P01383,Pop internacional,60000000,45000,Estadio,campo,58000,68900,14,Jueves,No,No,6.0,7.0,128000,1,19000.0,128000.0
P00744,Pop internacional,50000,1100,Club,campo,34000,40300,0,Sabado,No,Si,2.0,7.0,21000,1,3000.0,21000.0
P00681,Trap,550938,3300,Teatro,PLATEA ALTA,33000,41000,6,Domingo,Si,No,3.0,7.0,38000,1,6000.0,38000.0
P00940,Trap,355195,3300,Teatro,Campo,48000,59400,1,Viernes,No,Si,2.0,6.0,48000,1,7000.0,48000.0
P00657,Pop internacional,37621370,45000,Estadio,platea baja,71000,82500,27,Jueves,Si,No,1.0,2.0,160000,1,24000.0,160000.0
P00434,Rock nacional,15818706,45000,Estadio,General,32000,37700,35,Viernes,No,Si,3.0,7.0,48000,1,7000.0,48000.0
P00470,Pop internacional,2362108,5000,Arena,general,25000,28900,7,Sabado,No,Si,1.0,5.0,44000,1,7000.0,44000.0
P01124,Cumbia,205513,1500,Club,CAMPO,40000,46000,17,Miercoles,No,No,1.0,5.0,48000,1,7000.0,48000.0
P00052,Pop internacional,459213,5000,Arena,Platea Baja,64000,78400,0,Viernes,No,No,1.0,8.0,62000,1,9000.0,62000.0
P00867,Indie,12840717,25000,Estadio,Platea Baja,61000,72500,47,Sabado,Si,No,4.0,8.0,97000,1,15000.0,97000.0
P01215,Rock nacional,50000,1100,Club,General,23000,27700,24,Domingo,No,Si,1.0,4.0,29000,1,4000.0,29000.0
P00557,Trap,3057577,8400,Arena,General,25000,29300,45,Jueves,No,No,1.0,4.0,28000,1,4000.0,28000.0
P00911,Pop internacional,495415,1500,Club,Campo,39000,45300,18,Sabado,No,Si,2.0,6.0,71000,1,11000.0,71000.0
P01381,Electronica,2978706,5000,Arena,Platea Baja,58000,70000,34,Viernes,No,Si,2.0,2.0,79000,1,12000.0,79000.0
P01300,Rock nacional,60000000,84000,Estadio,General,37000,44800,35,Martes,No,No,1.0,5.0,62000,1,9000.0,62000.0
P00534,Cumbia,60000000,84000,Estadio,Platea Alta,51000,59300,17,Miercoles,No,No,1.0,3.0,102000,1,15000.0,102000.0
P00758,Electronica,6613162,25000,Estadio,Platea Alta,51000,61500,3,Miercoles,No,Si,6.0,8.0,55000,1,8000.0,55000.0
P00856,Trap,6150980,8400,Arena,General,26000,31100,7,Viernes,Si,No,2.0,2.0,67000,1,10000.0,67000.0
P00859,Trap,949565,3300,Teatro,Campo,47000,56900,9,Sabado,No,Si,1.0,3.0,76000,1,11000.0,76000.0
P00668,Pop internacional,40124009,45000,Estadio,Campo,64000,74800,21,Sabado,Si,Si,1.0,2.0,154000,1,23000.0,154000.0
P00465,Electronica,73287,1500,Club,Campo,36000,41600,41,Viernes,No,No,4.0,7.0,41000,1,6000.0,41000.0
P00387,Cumbia,121997,1500,Club,general,24000,29700,41,Sabado,No,Si,4.0,8.0,22000,1,3000.0,22000.0
P00691,Electronica,160908,1100,Club,Platea Alta,28000,34900,60,Lunes,No,No,1.0,2.0,21000,1,3000.0,21000.0
P00490,Indie,166232,1500,Club,general,21000,24500,12,Lunes,No,Si,1.0,2.0,35000,1,5000.0,35000.0
P00964,Electronica,316730,1100,Club,Campo,36000,43400,29,Jueves,No,Si,1.0,1.0,50000,1,8000.0,50000.0
P01306,Trap,33187945,84000,Estadio,Campo,69000,84800,23,Sabado,No,Si,1.0,8.0,164000,1,25000.0,164000.0
P00363,Indie,3491118,25000,Estadio,Campo,52000,63000,19,Miercoles,No,No,2.0,3.0,85000,1,13000.0,85000.0
P01250,Pop internacional,18520853,15000,Arena,Platea Alta,47000,57700,1,Jueves,Si,Si,2.0,5.0,59000,1,9000.0,59000.0
P00140,Rock nacional,1945905,15000,Arena,GENERAL,27000,31100,8,Domingo,No,No,1.0,5.0,38000,1,6000.0,38000.0
P00709,Electronica,1039328,8400,Arena,PLATEA ALTA,40000,49900,17,Sabado,Si,No,3.0,3.0,85000,1,13000.0,85000.0
P00439,Cumbia,963245,5000,Arena,Platea Alta,32000,38500,7,Martes,No,Si,1.0,3.0,57000,1,9000.0,57000.0
P00711,Pop internacional,109899,1100,Club,PLATEA ALTA,27000,31400,7,Domingo,No,No,1.0,4.0,39000,1,6000.0,39000.0
P00801,Rock nacional,17080018,25000,Estadio,Platea Baja,69000,79600,7,Sabado,Si,Si,2.0,7.0,166000,1,25000.0,166000.0
P00551,Rock nacional,16753387,45000,Estadio,General,29000,34900,3,Sabado,No,Si,2.0,6.0,43000,1,6000.0,43000.0
P00445,Pop internacional,760571,3300,Teatro,Platea Alta,38000,45800,6,Sabado,No,No,6.0,3.0,52000,1,8000.0,52000.0
P01343,Pop internacional,2720617,5000,Arena,Platea Baja,60000,74800,1,Domingo,Si,Si,2.0,8.0,51000,1,8000.0,51000.0
P00149,Rock nacional,101069,1100,Club,General,22000,25600,19,Sabado,No,No,1.0,2.0,31000,1,5000.0,31000.0
P01398,Indie,2856713,15000,Arena,Campo,51000,62000,6,Viernes,No,Si,2.0,1.0,87000,1,13000.0,87000.0
P00944,Pop internacional,153358,1100,Club,Campo,42000,51500,17,Viernes,No,Si,2.0,3.0,76000,1,11000.0,76000.0
P00736,Trap,884801,5000,Arena,platea baja,54000,66200,29,Sabado,No,Si,2.0,7.0,75000,1,11000.0,75000.0
P01369,Trap,40688124,45000,Estadio,general,32000,39300,9,Sabado,No,No,6.0,1.0,53000,1,8000.0,53000.0
P00638,Pop internacional,7838046,15000,Arena,Platea Baja,77000,89900,0,Sabado,No,Si,,8.0,85000,1,13000.0,85000.0
P00807,Cumbia,1641202,15000,Arena,Platea Alta,40000,48900,2,Martes,No,No,1.0,6.0,34000,1,5000.0,34000.0
P00792,Electronica,2979262,8400,Arena,General,29000,35000,24,Miercoles,No,Si,2.0,7.0,46000,1,7000.0,46000.0
P01153,Trap,3322538,15000,Arena,Platea Baja,65000,76600,5,Viernes,Si,Si,2.0,7.0,194000,1,29000.0,194000.0
P00515,Rock nacional,4042706,8400,Arena,Platea Alta,40000,49900,11,Viernes,No,Si,2.0,3.0,92000,1,14000.0,92000.0
P00480,Pop internacional,4148960,25000,Estadio,Platea Baja,57000,69600,2,Domingo,Si,Si,1.0,8.0,68000,1,10000.0,68000.0
P00634,Indie,3273949,8400,Arena,Platea Baja,58000,71200,21,Lunes,Si,No,1.0,1.0,99000,1,15000.0,99000.0
P01326,Indie,1976119,8400,Arena,Campo,54000,65700,23,Domingo,No,No,2.0,4.0,93000,1,14000.0,93000.0
P00218,Pop internacional,7212317,45000,Estadio,Campo,54000,63000,20,Viernes,No,Si,1.0,1.0,102000,1,15000.0,102000.0
P00843,Trap,216928,1100,Club,General,19000,22300,18,Sabado,No,Si,1.0,8.0,33000,1,5000.0,33000.0
P00743,Pop internacional,13361861,15000,Arena,Campo,56000,65100,2,Jueves,No,No,2.0,1.0,63000,1,9000.0,63000.0
P00960,Cumbia,60051,1500,Club,Platea Alta,30000,36900,19,Sabado,Si,No,1.0,8.0,60000,1,9000.0,60000.0
P00814,Rock nacional,558641,3300,Teatro,Campo,44000,53500,20,Sabado,No,Si,2.0,2.0,79000,1,12000.0,79000.0
P01104,Rock nacional,11257922,45000,Estadio,Platea Alta,51000,62700,28,Domingo,Si,Si,1.0,2.0,102000,1,15000.0,102000.0
P00790,Pop internacional,1691283,8400,Arena,Platea Baja,54000,62300,41,Jueves,No,Si,6.0,8.0,69000,1,10000.0,69000.0
P01078,Pop internacional,62164,1100,Club,Platea Baja,48000,56200,11,Viernes,No,No,2.0,7.0,63000,1,9000.0,63000.0
P00754,Trap,428145,1500,Club,Campo,44000,50900,5,Jueves,No,No,2.0,5.0,63000,1,9000.0,63000.0
P01009,Electronica,13524139,25000,Estadio,Campo,48000,58600,25,Martes,No,Si,2.0,7.0,63000,1,9000.0,63000.0
P01275,Trap,35438156,45000,Estadio,Platea Alta,53000,63800,4,Sabado,No,Si,1.0,8.0,103000,1,15000.0,103000.0
P01001,Cumbia,26526609,25000,Estadio,Campo,58000,72300,14,Jueves,Si,No,6.0,6.0,111000,1,17000.0,111000.0
P01190,Rock nacional,305419,1500,Club,Campo,38000,45100,8,Jueves,No,No,3.0,2.0,58000,1,9000.0,58000.0
P00575,Electronica,1106070,3300,Teatro,Platea Baja,56000,66800,16,Viernes,Si,No,1.0,8.0,153000,1,23000.0,153000.0
P01108,Trap,50000,1500,Club,General,22000,26500,41,Sabado,No,Si,1.0,6.0,21000,1,3000.0,21000.0
P00109,Pop internacional,5019093,15000,Arena,Platea Baja,73000,87800,29,Viernes,No,No,2.0,6.0,123000,1,18000.0,123000.0
P00472,Pop internacional,22496509,15000,Arena,campo,56000,65200,10,Sabado,No,Si,1.0,7.0,107000,1,16000.0,107000.0
P00891,Trap,1580270,5000,Arena,General,25000,30000,14,Jueves,No,Si,4.0,4.0,33000,1,5000.0,33000.0
P00721,Trap,60000000,45000,Estadio,Platea Baja,66000,77600,18,Sabado,Si,Si,2.0,5.0,114000,1,17000.0,114000.0
P01109,Rock nacional,4935776,8400,Arena,Campo,45000,55400,26,Sabado,Si,No,2.0,7.0,99000,1,15000.0,99000.0
P01267,Rock nacional,6600206,25000,Estadio,General,31000,38600,5,Sabado,No,No,2.0,3.0,54000,1,8000.0,54000.0
P00426,Cumbia,109285,1500,Club,platea alta,35000,40700,2,Viernes,No,Si,1.0,2.0,29000,1,4000.0,29000.0
P01253,Pop internacional,14887343,45000,Estadio,Palco,177000,220500,15,Sabado,No,Si,1.0,6.0,411000,1,62000.0,411000.0
P00786,Cumbia,10641898,25000,Estadio,Platea Alta,42000,52100,999,Jueves,No,No,2.0,1.0,47000,1,7000.0,47000.0
P00424,Trap,8930377,25000,Estadio,palco,169000,199300,18,Viernes,No,No,2.0,7.0,353000,1,53000.0,353000.0
P01199,Rock nacional,50000,1100,Club,General,22000,26800,15,Viernes,No,No,1.0,7.0,36000,1,5000.0,36000.0
P01242,Pop internacional,14819328,25000,Estadio,General,33000,39900,23,Miercoles,No,Si,4.0,7.0,62000,1,9000.0,62000.0
P00852,Trap,60000000,84000,Estadio,Campo,63000,76200,5,Viernes,No,Si,4.0,3.0,108000,1,16000.0,108000.0
P00385,Rock nacional,1924978,5000,Arena,PLATEA BAJA,56000,66000,15,Sabado,No,Si,2.0,6.0,122000,1,18000.0,122000.0
P00592,Rock nacional,6623430,8400,Arena,Campo,50000,58700,0,Jueves,No,Si,2.0,6.0,42000,1,6000.0,42000.0
P00738,Rock nacional,3570257,15000,Arena,Platea Alta,42000,50200,4,Sabado,No,Si,1.0,6.0,57000,1,9000.0,57000.0
P00209,Rock nacional,3997677,45000,Estadio,Platea Alta,50000,62400,1,Viernes,No,No,1.0,3.0,49000,1,7000.0,49000.0
P00740,Rock nacional,251366,3300,Teatro,Platea Alta,37000,44500,2,Jueves,No,Si,2.0,8.0,44000,1,7000.0,44000.0
P00223,Rock nacional,3043150,15000,Arena,Campo,58000,69800,12,Viernes,No,Si,3.0,3.0,102000,1,15000.0,102000.0
P01044,Cumbia,3242741,15000,Arena,General,28000,34400,6,Jueves,No,No,3.0,7.0,45000,1,7000.0,45000.0
P01214,Rock nacional,142521,1100,Club,Platea Baja,41000,48700,15,Miercoles,No,Si,4.0,3.0,75000,1,11000.0,75000.0
P01004,Indie,2380845,8400,Arena,Platea Baja,59000,70400,0,Domingo,No,Si,1.0,6.0,37000,1,6000.0,37000.0
P01084,Trap,139262,1100,Club,Campo,37000,42900,2,Viernes,Si,Si,,8.0,58000,1,9000.0,58000.0
P00930,Rock nacional,1420149,5000,Arena,General,26000,30100,9,Jueves,No,No,2.0,7.0,41000,1,6000.0,41000.0
P00825,Rock nacional,161070,1100,Club,Platea Alta,29000,34700,8,Sabado,No,No,2.0,,48000,1,7000.0,48000.0
P00690,Cumbia,16497224,45000,Estadio,Campo,60000,71300,8,Jueves,Si,Si,2.0,3.0,112000,1,17000.0,112000.0
P01131,Rock nacional,9645195,25000,Estadio,Palco,172000,210700,3,Domingo,No,No,,6.0,199000,1,30000.0,199000.0
P00278,Cumbia,54469,1100,Club,Platea Baja,47000,55700,21,Martes,No,Si,1.0,2.0,62000,1,9000.0,62000.0
P00355,Cumbia,50000,1100,Club,GENERAL,19000,23100,25,Viernes,No,Si,6.0,3.0,24000,1,4000.0,24000.0
P01106,Cumbia,6190641,15000,Arena,Campo,57000,71000,9,Sabado,Si,Si,2.0,1.0,121000,1,18000.0,121000.0
P00637,Trap,15418608,15000,Arena,Campo,57000,70800,10,Domingo,Si,Si,2.0,8.0,152000,1,23000.0,152000.0
P00425,Rock nacional,1017164,3300,Teatro,General,24000,27700,8,Viernes,No,Si,2.0,8.0,30000,1,4000.0,30000.0
P01085,Trap,62476,1100,Club,General,20000,23500,11,Jueves,No,No,2.0,6.0,25000,1,4000.0,25000.0
P00041,Rock nacional,2550229,15000,Arena,General,27000,31500,11,Viernes,Si,Si,,,60000,1,9000.0,60000.0
P00377,Pop internacional,42931849,45000,Estadio,Campo,61000,75500,19,Jueves,No,Si,1.0,1.0,109000,1,16000.0,109000.0
P00887,Pop internacional,1202673,5000,Arena,Campo,45000,56100,8,Sabado,No,Si,3.0,3.0,76000,1,11000.0,76000.0
P01233,Cumbia,251947,1500,Club,Platea Baja,51000,62500,0,Sabado,No,Si,1.0,4.0,33000,1,5000.0,33000.0
P00429,Trap,17390757,45000,Estadio,Platea Baja,69000,82100,2,Martes,No,No,2.0,6.0,91000,1,14000.0,91000.0
P01344,Trap,696022,5000,Arena,General,25000,30100,2,Viernes,No,Si,1.0,5.0,35000,1,5000.0,35000.0
P00270,Trap,934889,8400,Arena,PLATEA ALTA,40000,46800,19,Viernes,No,Si,2.0,2.0,73000,1,11000.0,73000.0
P00167,Trap,28373389,84000,Estadio,General,35000,40300,46,Sabado,No,Si,1.0,5.0,44000,1,7000.0,44000.0
P00793,Electronica,1077162,5000,Arena,general,25000,28900,7,Domingo,No,Si,2.0,6.0,37000,1,6000.0,37000.0
P01166,Trap,31128304,45000,Estadio,Campo,59000,71500,6,Domingo,Si,No,2.0,4.0,141000,1,21000.0,141000.0
P00848,Pop internacional,2806360,5000,Arena,Campo,46000,53600,17,Viernes,No,No,2.0,3.0,86000,1,13000.0,86000.0
P01045,Trap,27892007,45000,Estadio,Campo,48000,55900,15,Sabado,Si,Si,2.0,1.0,139000,1,21000.0,139000.0
P00284,Trap,5585085,15000,Arena,Platea Alta,50000,59100,6,Miercoles,Si,Si,2.0,5.0,97000,1,15000.0,97000.0
P01071,Trap,92757,1100,Club,Platea Baja,47000,55600,10,Sabado,No,No,2.0,8.0,73000,1,11000.0,73000.0
P00016,Rock nacional,15707225,25000,Estadio,Platea Baja,70000,86700,20,Viernes,No,No,2.0,1.0,129000,1,19000.0,129000.0
P00444,Rock nacional,3520825,8400,Arena,Platea Baja,57000,68900,23,Domingo,No,Si,1.0,5.0,87000,1,13000.0,87000.0
P00046,Pop internacional,3034564,8400,Arena,PALCO,142000,165600,9,Domingo,No,Si,2.0,7.0,288000,1,43000.0,288000.0
P01400,Indie,16287559,25000,Estadio,Platea Baja,64000,74600,3,Viernes,Si,No,1.0,4.0,123000,1,18000.0,123000.0
P00684,Rock nacional,2700127,8400,Arena,Campo,51000,60200,5,Miercoles,No,Si,2.0,6.0,89000,1,13000.0,89000.0
P00247,Trap,3422701,8400,Arena,Campo,50000,59700,6,Sabado,Si,No,,8.0,87000,1,13000.0,87000.0
P00860,Rock nacional,957171,5000,Arena,Campo,42000,51600,14,Viernes,Si,Si,2.0,6.0,106000,1,16000.0,106000.0
P00522,Cumbia,7908538,45000,Estadio,Campo,67000,83000,3,Viernes,No,Si,2.0,3.0,96000,1,14000.0,96000.0
P01135,Cumbia,60000000,84000,Estadio,platea baja,70000,86700,18,Martes,Si,No,1.0,7.0,111000,1,17000.0,111000.0
P01107,Pop internacional,805319,3300,Teatro,Platea Baja,52000,63100,8,Domingo,No,Si,1.0,1.0,84000,1,13000.0,84000.0
P00574,Pop internacional,3641346,8400,Arena,Platea Baja,58000,70700,10,Miercoles,No,Si,1.0,,94000,1,14000.0,94000.0
P01322,Cumbia,54573833,45000,Estadio,Platea Alta,55000,68500,22,Viernes,No,No,1.0,6.0,69000,1,10000.0,69000.0
P00755,Cumbia,129464,1100,Club,Platea Alta,27000,32600,12,Domingo,No,Si,1.0,5.0,48000,1,7000.0,48000.0
P00437,Cumbia,10771624,25000,Estadio,Campo,51000,60200,2,Sabado,No,Si,2.0,3.0,57000,1,9000.0,57000.0
P01097,Trap,7737753,25000,Estadio,PALCO,172000,210300,8,Miercoles,No,No,1.0,3.0,333000,1,50000.0,333000.0
P00918,Cumbia,7916788,25000,Estadio,general,33000,39200,2,Sabado,No,No,2.0,5.0,50000,1,8000.0,50000.0
P00607,Trap,6042563,45000,Estadio,Campo,63000,74500,11,Sabado,No,No,1.0,1.0,153000,1,23000.0,153000.0
P00656,Rock nacional,739822,1500,Club,Campo,42000,49400,2,Jueves,No,Si,2.0,2.0,33000,1,5000.0,33000.0
P00024,Indie,50000,1100,Club,Campo,35000,41800,10,Viernes,No,No,2.0,5.0,59000,1,9000.0,59000.0
P00008,Trap,237159,1500,Club,Campo,35000,40500,8,Miercoles,No,Si,2.0,8.0,63000,1,9000.0,63000.0
P01368,Rock nacional,58599,1100,Club,Campo,39000,48600,3,Miercoles,No,No,2.0,1.0,35000,1,5000.0,35000.0
P01053,Cumbia,46256456,45000,Estadio,General,35000,41100,2,Martes,No,Si,2.0,8.0,39000,1,6000.0,39000.0
P01261,Pop internacional,21017503,84000,Estadio,Pl. Alta,51000,61800,16,Sabado,Si,No,,4.0,122000,1,18000.0,122000.0
P01144,Indie,77180,1500,Club,Campo,37000,45300,17,Jueves,Si,Si,3.0,8.0,77000,1,12000.0,77000.0
P00811,Indie,425808,3300,Teatro,Campo,48000,58400,18,Domingo,No,Si,2.0,3.0,74000,1,11000.0,74000.0
P01163,Pop internacional,242035,1100,Club,Platea Alta,35000,43100,35,Jueves,No,No,1.0,7.0,46000,1,7000.0,46000.0
P00204,Electronica,7361160,15000,Arena,campo,57000,66800,16,Domingo,No,No,1.0,6.0,106000,1,16000.0,106000.0
P00794,Cumbia,79856,1500,Club,Campo,36000,42500,6,Jueves,No,Si,2.0,6.0,45000,1,7000.0,45000.0
P01393,Pop internacional,59355,1100,Club,Platea Baja,53000,65600,45,Sabado,No,Si,2.0,,57000,1,9000.0,57000.0
P00502,Pop internacional,465118,3300,Teatro,Platea Alta,40000,48600,23,Domingo,No,Si,2.0,6.0,60000,1,9000.0,60000.0
P01126,Trap,175980,1100,Club,General,22000,25400,29,Martes,No,No,2.0,5.0,36000,1,5000.0,36000.0
P00593,Cumbia,60000000,84000,Estadio,General,34000,40300,13,Sabado,Si,No,3.0,2.0,82000,1,12000.0,82000.0
P01088,Rock nacional,347042,3300,Teatro,Palco,139000,163600,2,Lunes,No,Si,1.0,8.0,108000,1,16000.0,108000.0
P00134,Rock nacional,12764915,45000,Estadio,General,31000,36600,13,Domingo,Si,Si,3.0,4.0,85000,1,13000.0,85000.0
P00157,Rock nacional,10131563,25000,Estadio,CAMPO,62000,77300,31,Miercoles,No,No,2.0,7.0,85000,1,13000.0,85000.0
P01301,Electronica,41114580,45000,Estadio,Platea Alta,53000,64700,2,Viernes,No,Si,2.0,5.0,60000,1,9000.0,60000.0
P00096,Cumbia,12228005,15000,Arena,general,30000,36700,8,Viernes,No,Si,4.0,3.0,63000,1,9000.0,63000.0
P00255,Rock nacional,11672552,15000,Arena,Platea Alta,41000,47300,27,Miercoles,No,Si,1.0,6.0,64000,1,10000.0,64000.0
P01375,Trap,352806,3300,Teatro,General,25000,30700,2,Lunes,No,Si,4.0,7.0,25000,1,4000.0,25000.0
P01372,Electronica,8241256,15000,Arena,Campo,53000,63800,2,Sabado,No,Si,2.0,5.0,79000,1,12000.0,79000.0
P00289,Rock nacional,3737604,8400,Arena,Platea Baja,62000,77500,6,Viernes,No,Si,3.0,8.0,94000,1,14000.0,94000.0
P00058,Indie,1518138,5000,Arena,Platea Alta,37000,43000,35,Jueves,No,Si,6.0,2.0,43000,1,6000.0,43000.0
P00969,Pop internacional,50948526,45000,Estadio,Platea Baja,66000,78800,0,Viernes,No,No,4.0,6.0,66000,1,10000.0,66000.0
P00004,Rock nacional,646749,5000,Arena,Platea Alta,35000,43700,17,Miercoles,No,No,6.0,1.0,53000,1,8000.0,53000.0
P00127,Trap,8322953,15000,Arena,general,31000,36300,29,Miercoles,No,Si,2.0,2.0,54000,1,8000.0,54000.0
P00236,Trap,864166,3300,Teatro,campo,41000,51000,17,Domingo,No,No,2.0,8.0,92000,1,14000.0,92000.0
P00488,Trap,3099921,8400,Arena,Platea Baja,62000,77200,18,Viernes,No,No,,3.0,106000,1,16000.0,106000.0
P01273,Cumbia,114378,1500,Club,General,22000,26000,19,Domingo,Si,No,2.0,8.0,42000,1,6000.0,42000.0
P00203,Rock nacional,176192,1500,Club,General,24000,29400,32,Viernes,No,Si,1.0,7.0,40000,1,6000.0,40000.0
P01319,Rock nacional,9600557,15000,Arena,Platea Baja,65000,78200,11,Jueves,No,Si,2.0,3.0,131000,1,20000.0,131000.0
P00596,Pop internacional,481590,1500,Club,GENERAL,20000,25000,2,Viernes,Si,No,1.0,2.0,34000,1,5000.0,34000.0
P00448,Rock nacional,332231,1500,Club,Platea Baja,48000,55500,42,Sabado,Si,Si,2.0,5.0,78000,1,12000.0,78000.0
P01158,Electronica,777543,8400,Arena,General,30000,37500,21,Sabado,No,No,2.0,2.0,42000,1,6000.0,42000.0
P01022,Rock nacional,20510191,25000,Estadio,Platea Baja,71000,86400,24,Viernes,No,Si,2.0,4.0,132000,1,20000.0,132000.0
P00471,Electronica,1429284,5000,Arena,Campo,43000,52300,3,Jueves,No,Si,1.0,4.0,57000,1,9000.0,57000.0
P00954,Indie,2519728,8400,Arena,Platea Baja,58000,72100,21,Jueves,No,Si,,5.0,105000,1,16000.0,105000.0
P00493,Indie,1559863,15000,Arena,Platea Alta,45000,54200,6,Miercoles,No,No,1.0,2.0,70000,1,10000.0,70000.0
P00983,Pop internacional,1892705,8400,Arena,Campo,44000,52800,14,Sabado,No,No,1.0,,115000,1,17000.0,115000.0
P01283,Rock nacional,4962276,15000,Arena,Platea Alta,43000,53600,10,Miercoles,Si,Si,2.0,1.0,112000,1,17000.0,112000.0
P01122,Trap,150425,1100,Club,General,22000,25900,12,Viernes,Si,Si,2.0,5.0,54000,1,8000.0,54000.0
P01315,Indie,2722001,15000,Arena,Campo,51000,59200,27,Viernes,No,No,1.0,7.0,73000,1,11000.0,73000.0
P00777,Pop internacional,2095194,15000,Arena,Platea Baja,69000,83900,27,Sabado,No,Si,1.0,5.0,131000,1,20000.0,131000.0
P00692,Pop internacional,4723726,8400,Arena,Platea Alta,42000,51800,32,Lunes,No,No,1.0,6.0,67000,1,10000.0,67000.0
P00590,Rock nacional,1568405,5000,Arena,Platea Alta,38000,44700,17,Sabado,No,Si,2.0,4.0,71000,1,11000.0,71000.0
P00723,Indie,60000000,84000,Estadio,Platea Baja,88000,103000,15,Viernes,Si,No,2.0,8.0,233000,1,35000.0,233000.0
P00617,Trap,1253856,5000,Arena,CAMPO,50000,60100,10,Viernes,No,Si,2.0,4.0,102000,1,15000.0,102000.0
P01073,Trap,89987,1500,Club,Campo,38000,44900,25,Viernes,No,No,2.0,3.0,69000,1,10000.0,69000.0
P00822,Rock nacional,12201076,15000,Arena,General,27000,32200,11,Jueves,No,No,2.0,6.0,53000,1,8000.0,53000.0
P00150,Rock nacional,158912,3300,Teatro,General,27000,32600,22,Jueves,No,Si,2.0,3.0,39000,1,6000.0,39000.0
P00496,Indie,3506694,25000,Estadio,Platea Alta,43000,53200,3,Jueves,No,No,1.0,5.0,48000,1,7000.0,48000.0
P00287,Indie,2297866,15000,Arena,Campo,55000,64500,14,Jueves,Si,No,1.0,6.0,137000,1,21000.0,137000.0
P00107,Indie,4265766,8400,Arena,Campo,50000,60400,4,Martes,Si,Si,2.0,5.0,82000,1,12000.0,82000.0
P01320,Rock nacional,8793296,45000,Estadio,Palco,172000,208000,11,Sabado,Si,Si,1.0,4.0,441000,1,66000.0,441000.0
P01187,Rock nacional,60000000,84000,Estadio,Campo,58000,72200,12,Viernes,No,Si,6.0,1.0,126000,1,19000.0,126000.0
P00012,Indie,60000000,45000,Estadio,Palco,189000,224100,24,Viernes,No,Si,2.0,8.0,339000,1,51000.0,339000.0
P00864,Indie,3440432,8400,Arena,Campo,45000,53600,39,Sabado,Si,No,2.0,8.0,59000,1,9000.0,59000.0
P00532,Trap,20982052,45000,Estadio,Palco,172000,202000,3,Viernes,No,No,2.0,1.0,261000,1,39000.0,261000.0
P00105,Indie,6506789,15000,Arena,General,30000,36600,14,Domingo,Si,No,2.0,,65000,1,10000.0,65000.0
P00981,Electronica,39603335,45000,Estadio,Platea Alta,41000,48600,7,Lunes,No,No,2.0,2.0,92000,1,14000.0,92000.0
P00620,Indie,236803,1100,Club,General,23000,28300,12,Viernes,No,Si,2.0,7.0,39000,1,6000.0,39000.0
P01003,Rock nacional,3232541,15000,Arena,Palco,152000,176700,60,Viernes,No,Si,2.0,2.0,180000,1,27000.0,180000.0
P00213,Trap,342034,3300,Teatro,General,25000,29400,1,Domingo,No,Si,,4.0,22000,1,3000.0,22000.0
P00963,Pop internacional,51871,1100,Club,Campo,40000,49200,23,Viernes,No,Si,1.0,2.0,77000,1,12000.0,77000.0
P00059,Trap,50000,1100,Club,General,20000,23100,3,Sabado,Si,Si,1.0,8.0,35000,1,5000.0,35000.0
P00254,Electronica,29972921,45000,Estadio,platea baja,75000,87900,1,Lunes,No,No,2.0,7.0,65000,1,10000.0,65000.0
P00102,Cumbia,325761,1500,Club,General,24000,29800,4,Lunes,No,Si,1.0,8.0,26000,1,4000.0,26000.0
P00689,Rock nacional,1916516,8400,Arena,Platea Alta,42000,50400,13,Jueves,Si,Si,2.0,7.0,97000,1,15000.0,97000.0
P00160,Rock nacional,6908044,15000,Arena,Platea Alta,45000,54500,17,Viernes,Si,No,2.0,,93000,1,14000.0,93000.0
P00543,Rock nacional,15520609,15000,Arena,Campo,58000,67300,4,Viernes,Si,Si,3.0,6.0,128000,1,19000.0,128000.0
P00293,Rock nacional,20517732,45000,Estadio,Campo,62000,72400,16,Sabado,Si,Si,2.0,2.0,201000,1,30000.0,201000.0
P00798,Pop internacional,7727744,25000,Estadio,Platea Baja,65000,76000,25,Jueves,No,No,4.0,8.0,109000,1,16000.0,109000.0
P00237,Indie,240236,3300,Teatro,Platea Baja,47000,57900,8,Jueves,No,Si,1.0,1.0,70000,1,10000.0,70000.0
P00562,Pop internacional,1586067,3300,Teatro,General,21000,25200,33,Domingo,Si,Si,1.0,8.0,39000,1,6000.0,39000.0
P00611,Trap,27507719,45000,Estadio,Palco,160000,194000,5,Viernes,Si,No,4.0,1.0,294000,1,44000.0,294000.0
P00925,Trap,644486,8400,Arena,Campo,49000,56900,4,Domingo,Si,Si,1.0,6.0,94000,1,14000.0,94000.0
P00335,Trap,1854125,15000,Arena,CAMPO,56000,68900,6,Lunes,No,Si,2.0,,99000,1,15000.0,99000.0
P00051,Trap,3731857,15000,Arena,PLATEA BAJA,63000,76100,18,Jueves,No,No,1.0,4.0,140000,1,21000.0,140000.0
P01376,Pop internacional,19261180,25000,Estadio,Platea Alta,44000,53200,9,Jueves,No,Si,,7.0,81000,1,12000.0,81000.0
P01012,Pop internacional,299043,3300,Teatro,Palco,138000,162400,24,Martes,No,Si,1.0,2.0,255000,1,38000.0,255000.0
P00033,Pop internacional,24997326,25000,Estadio,PLATEA BAJA,69000,79900,22,Sabado,No,No,3.0,2.0,115000,1,17000.0,115000.0
P00433,Cumbia,167317,1100,Club,General,22000,26200,9,Jueves,No,Si,2.0,7.0,30000,1,4000.0,30000.0
P00806,Trap,377675,5000,Arena,Campo,48000,58300,10,Jueves,Si,No,2.0,4.0,84000,1,13000.0,84000.0
P00939,Cumbia,1059108,5000,Arena,Platea Alta,35000,43700,15,Jueves,No,Si,1.0,2.0,68000,1,10000.0,68000.0
P00827,Electronica,778292,3300,Teatro,Platea Alta,33000,39100,15,Sabado,No,No,2.0,7.0,62000,1,9000.0,62000.0
P00124,Pop internacional,1096375,3300,Teatro,Campo,41000,51200,14,Martes,No,Si,2.0,2.0,65000,1,10000.0,65000.0
P01392,Trap,4246280,15000,Arena,Campo,54000,64300,9,Viernes,No,No,1.0,1.0,113000,1,17000.0,113000.0
P00367,Rock nacional,35283159,45000,Estadio,Campo,54000,67100,37,Martes,No,No,2.0,,70000,1,10000.0,70000.0
P01325,Cumbia,60000000,45000,Estadio,Palco,167000,205800,10,Sabado,No,Si,3.0,8.0,298000,1,45000.0,298000.0
P01308,Trap,103433,1500,Club,general,22000,27400,21,Sabado,No,Si,6.0,8.0,38000,1,6000.0,38000.0
P00317,Indie,1356723,5000,Arena,Campo,46000,56800,2,Sabado,Si,Si,3.0,5.0,48000,1,7000.0,48000.0
P00821,Rock nacional,117483,1500,Club,Campo,43000,53600,18,Miercoles,No,No,2.0,7.0,60000,1,9000.0,60000.0
P00696,Electronica,9024856,25000,Estadio,Campo,53000,65900,26,Sabado,No,Si,2.0,1.0,86000,1,13000.0,86000.0
P00842,Electronica,2004397,5000,Arena,General,24000,29100,30,Jueves,No,No,2.0,8.0,22000,1,3000.0,22000.0
P01391,Rock nacional,111161,1100,Club,Platea Alta,28000,33900,29,Viernes,No,Si,2.0,8.0,41000,1,6000.0,41000.0
P01035,Pop internacional,3056743,25000,Estadio,Platea Alta,45000,54700,15,Jueves,Si,Si,1.0,3.0,101000,1,15000.0,101000.0
P00072,Trap,337498,5000,Arena,Palco,131000,154600,2,Viernes,No,Si,2.0,1.0,144000,1,22000.0,144000.0
P01268,Electronica,534191,5000,Arena,Campo,44000,51400,21,Viernes,Si,No,2.0,4.0,100000,1,15000.0,100000.0
P00526,Cumbia,3380813,15000,Arena,Platea Baja,65000,80500,1,Miercoles,No,Si,3.0,3.0,51000,1,8000.0,51000.0
P00514,Indie,184339,1500,Club,General,22000,26500,12,Jueves,No,No,,4.0,38000,1,6000.0,38000.0
P01297,Cumbia,219581,1500,Club,Palco,113000,134300,21,Viernes,No,Si,1.0,7.0,188000,1,28000.0,188000.0
P00871,Pop internacional,2700833,25000,Estadio,GENERAL,28000,33800,22,Miercoles,No,No,2.0,3.0,38000,1,6000.0,38000.0
P00221,Trap,1595593,5000,Arena,Platea Alta,41000,50600,3,Domingo,No,No,2.0,2.0,53000,1,8000.0,53000.0
P01211,Trap,60000000,84000,Estadio,Platea Baja,79000,98000,2,Jueves,Si,No,2.0,6.0,120000,1,18000.0,120000.0
P00733,Pop internacional,9286892,15000,Arena,palco,148000,171400,12,Viernes,Si,Si,3.0,8.0,362000,1,54000.0,362000.0
P00817,Indie,12143824,25000,Estadio,Campo,60000,73200,24,Jueves,Si,No,2.0,6.0,126000,1,19000.0,126000.0
P00630,Trap,153816,3300,Teatro,Platea Baja,58000,67400,6,Viernes,No,Si,2.0,3.0,112000,1,17000.0,112000.0
P00086,Rock nacional,3486731,8400,Arena,General,25000,29700,3,Sabado,No,Si,1.0,6.0,34000,1,5000.0,34000.0
P00268,Rock nacional,95944,1100,Club,General,19000,23200,24,Domingo,No,Si,6.0,8.0,26000,1,4000.0,26000.0
P01150,Rock nacional,2280202,15000,Arena,Pl. Baja,75000,91500,6,Sabado,No,Si,3.0,8.0,110000,1,16000.0,110000.0
P00924,Rock nacional,16990021,45000,Estadio,Campo,60000,70900,45,Miercoles,No,Si,2.0,7.0,74000,1,11000.0,74000.0
P00300,Pop internacional,7645215,15000,Arena,General,31000,37100,25,Martes,No,Si,4.0,6.0,53000,1,8000.0,53000.0
P00862,Rock nacional,1402441,15000,Arena,campo,55000,66700,8,Jueves,Si,Si,2.0,3.0,149000,1,22000.0,149000.0
P00857,Rock nacional,21104208,45000,Estadio,Platea Baja,72000,86600,1,Viernes,No,Si,2.0,1.0,83000,1,12000.0,83000.0
P00636,Trap,9665507,45000,Estadio,Platea Alta,49000,60200,26,Domingo,No,No,6.0,3.0,60000,1,9000.0,60000.0
P00505,Pop internacional,232958,1100,Club,General,22000,27100,13,Sabado,No,No,1.0,8.0,42000,1,6000.0,42000.0
P00896,Trap,14300317,25000,Estadio,Platea Alta,45000,54900,23,Sabado,Si,No,3.0,2.0,112000,1,17000.0,112000.0
P00432,Pop internacional,55832,1100,Club,Platea Alta,27000,33500,10,Viernes,No,No,3.0,6.0,40000,1,6000.0,40000.0
P00729,Rock nacional,1288952,8400,Arena,Platea Baja,55000,63800,33,Sabado,Si,Si,1.0,3.0,87000,1,13000.0,87000.0
P00081,Cumbia,573143,3300,Teatro,platea baja,62000,71700,3,Sabado,No,Si,2.0,,73000,1,11000.0,73000.0
P00622,Trap,30133051,25000,Estadio,campo,61000,74300,21,Lunes,Si,No,2.0,1.0,128000,1,19000.0,128000.0
P00967,Rock nacional,2031799,8400,Arena,Campo,49000,56900,15,Viernes,No,No,1.0,1.0,87000,1,13000.0,87000.0
P00507,Trap,1909733,5000,Arena,general,26000,30700,7,Viernes,No,Si,1.0,7.0,55000,1,8000.0,55000.0
P00553,Indie,610446,5000,Arena,Platea Baja,58000,67900,8,Martes,No,Si,2.0,3.0,82000,1,12000.0,82000.0
P00712,Cumbia,60000000,84000,Estadio,Platea Alta,51000,60100,21,Jueves,Si,No,4.0,1.0,81000,1,12000.0,81000.0
P01299,Cumbia,9148554,15000,Arena,Campo,52000,63100,24,Miercoles,No,No,2.0,2.0,76000,1,11000.0,76000.0
P00813,Cumbia,28185940,84000,Estadio,Platea Baja,78000,92800,3,Domingo,No,Si,6.0,6.0,91000,1,14000.0,91000.0
P01014,Rock nacional,19577005,45000,Estadio,PLATEA BAJA,73000,90700,11,Jueves,No,Si,6.0,2.0,124000,1,19000.0,124000.0
P00447,Trap,8127727,15000,Arena,PALCO,146000,181100,38,Viernes,No,No,1.0,6.0,214000,1,32000.0,214000.0
P01259,Electronica,4544302,8400,Arena,General,29000,33900,0,Sabado,No,No,2.0,4.0,26000,1,4000.0,26000.0
P01240,Electronica,517465,8400,Arena,General,24000,27700,13,Viernes,No,Si,1.0,2.0,41000,1,6000.0,41000.0
P00799,Indie,111865,1500,Club,Campo,42000,48500,3,Viernes,No,Si,1.0,1.0,54000,1,8000.0,54000.0
P00600,Indie,253212,1100,Club,Platea Baja,46000,55200,2,Domingo,No,No,1.0,6.0,28000,1,4000.0,28000.0
P00613,Rock nacional,11868830,25000,Estadio,General,32000,38000,14,Domingo,Si,Si,3.0,2.0,70000,1,10000.0,70000.0
P01123,Rock nacional,21497821,45000,Estadio,Platea Alta,47000,58100,3,Jueves,No,Si,3.0,2.0,74000,1,11000.0,74000.0
P00060,Rock nacional,35878737,25000,Estadio,Campo,64000,74800,24,Miercoles,No,Si,3.0,8.0,104000,1,16000.0,104000.0
P01082,Rock nacional,754818,5000,Arena,PLATEA ALTA,35000,42500,10,Jueves,No,No,1.0,3.0,55000,1,8000.0,55000.0
P00344,Indie,2027171,15000,Arena,Platea Baja,74000,87000,36,Sabado,No,No,2.0,2.0,97000,1,15000.0,97000.0
P00780,Trap,60000000,84000,Estadio,Platea Baja,81000,96100,16,Sabado,No,Si,,5.0,132000,1,20000.0,132000.0
P00122,Rock nacional,10808185,45000,Estadio,Platea Alta,53000,61600,26,Sabado,Si,Si,3.0,1.0,109000,1,16000.0,109000.0
P00214,Electronica,475070,5000,Arena,Platea Alta,34000,40000,7,Viernes,No,Si,1.0,3.0,63000,1,9000.0,63000.0
P00546,Pop internacional,924748,8400,Arena,Campo,44000,54100,5,Sabado,No,Si,3.0,,73000,1,11000.0,73000.0
P00837,Rock nacional,9536126,25000,Estadio,platea baja,75000,91700,9,Viernes,No,Si,2.0,6.0,142000,1,21000.0,142000.0
P00029,Indie,557731,5000,Arena,General,28000,34100,4,Miercoles,No,Si,2.0,4.0,35000,1,5000.0,35000.0
P01266,Trap,416150,3300,Teatro,Platea Baja,56000,67700,21,Domingo,Si,Si,2.0,8.0,128000,1,19000.0,128000.0
P00803,Trap,4538896,25000,Estadio,General,31000,38600,23,Miercoles,No,No,4.0,1.0,45000,1,7000.0,45000.0
P00907,Pop internacional,149429,1100,Club,Campo,40000,47800,11,Domingo,No,Si,3.0,1.0,69000,1,10000.0,69000.0
P00428,Trap,62108,1100,Club,Platea Baja,45000,54800,13,Viernes,No,No,1.0,2.0,74000,1,11000.0,74000.0
P00413,Electronica,19672106,45000,Estadio,CAMPO,72000,87800,5,Sabado,No,Si,3.0,4.0,110000,1,16000.0,110000.0
P00259,Trap,60000000,84000,Estadio,Campo,60000,71900,20,Miercoles,No,Si,3.0,3.0,127000,1,19000.0,127000.0
P00166,Pop internacional,86670,1100,Club,Platea Baja,49000,61000,14,Lunes,No,Si,2.0,4.0,55000,1,8000.0,55000.0
P00464,Rock nacional,3741709,8400,Arena,Campo,51000,61100,23,Viernes,No,No,3.0,3.0,92000,1,14000.0,92000.0
P00359,Rock nacional,1160265,3300,Teatro,Campo,40000,49800,8,Domingo,No,No,1.0,2.0,64000,1,10000.0,64000.0
P01064,Pop internacional,10449425,25000,Estadio,Platea Alta,43000,50000,22,Lunes,Si,Si,3.0,8.0,87000,1,13000.0,87000.0
P00442,Trap,562923,5000,Arena,Platea Alta,38000,44500,12,Sabado,No,Si,1.0,2.0,68000,1,10000.0,68000.0
P01293,Rock nacional,674445,5000,Arena,Campo,42000,49300,13,Sabado,No,Si,4.0,4.0,58000,1,9000.0,58000.0
P01148,Trap,689623,5000,Arena,Campo,48000,58100,21,Viernes,No,No,1.0,7.0,73000,1,11000.0,73000.0
P00650,Indie,61136,1100,Club,Pl. Alta,33000,39100,10,Martes,No,Si,3.0,6.0,42000,1,6000.0,42000.0
P00248,Pop internacional,238530,1100,Club,Campo,41000,48000,16,Lunes,No,Si,1.0,3.0,68000,1,10000.0,68000.0
P00831,Cumbia,21983151,84000,Estadio,Platea Alta,52000,62600,33,Miercoles,No,Si,3.0,2.0,80000,1,12000.0,80000.0
P00391,Pop internacional,12003075,15000,Arena,Campo,59000,71300,5,Martes,Si,Si,4.0,5.0,129000,1,19000.0,129000.0
P00948,Rock nacional,164383,1500,Club,Platea Baja,46000,57300,42,Jueves,Si,Si,3.0,2.0,66000,1,10000.0,66000.0
P00073,Rock nacional,60000000,25000,Estadio,Platea Baja,70000,83000,17,Sabado,Si,Si,2.0,8.0,207000,1,31000.0,207000.0
P00137,Rock nacional,9556417,15000,Arena,Platea Baja,63000,74800,27,Jueves,No,Si,1.0,2.0,109000,1,16000.0,109000.0
P00094,Indie,12574443,25000,Estadio,General,29000,34000,13,Sabado,No,No,1.0,3.0,53000,1,8000.0,53000.0
P00294,Rock nacional,494058,5000,Arena,Campo,46000,53200,11,Lunes,No,No,2.0,8.0,70000,1,10000.0,70000.0
P00476,Rock nacional,4529682,25000,Estadio,Campo,60000,73400,6,Sabado,Si,No,2.0,8.0,136000,1,20000.0,136000.0
P00009,Cumbia,4000136,15000,Arena,Palco,150000,182000,27,Viernes,No,Si,2.0,7.0,220000,1,33000.0,220000.0
P00182,Pop internacional,4101250,15000,Arena,Campo,49000,60400,0,Martes,No,Si,2.0,1.0,38000,1,6000.0,38000.0
P00595,Trap,251786,1500,Club,Palco,110000,133900,55,Sabado,No,No,2.0,3.0,114000,1,17000.0,114000.0
P00339,Rock nacional,41937321,84000,Estadio,Platea Baja,80000,98000,14,Domingo,Si,Si,2.0,4.0,168000,1,25000.0,168000.0
P00141,Trap,3853954,8400,Arena,General,26000,31400,33,Viernes,No,Si,2.0,8.0,48000,1,7000.0,48000.0
P00629,Pop internacional,51118817,84000,Estadio,Platea Baja,79000,98700,29,Viernes,No,No,2.0,8.0,158000,1,24000.0,158000.0
P00036,Rock nacional,28996898,84000,Estadio,Palco,178000,213800,26,Domingo,No,No,1.0,6.0,353000,1,53000.0,353000.0
P00304,Rock nacional,1889944,8400,Arena,Campo,48000,56300,46,Viernes,Si,Si,2.0,2.0,74000,1,11000.0,74000.0
P00055,Rock nacional,1905113,5000,Arena,Platea Baja,58000,71400,4,Viernes,No,Si,2.0,1.0,86000,1,13000.0,86000.0
P01096,Indie,500605,3300,Teatro,platea baja,56000,70000,16,Viernes,No,Si,3.0,6.0,98000,1,15000.0,98000.0
P01103,Rock nacional,290612,3300,Teatro,Platea Alta,35000,42800,45,Jueves,Si,Si,4.0,7.0,42000,1,6000.0,42000.0
P00797,Rock nacional,1758711,5000,Arena,Platea Alta,35000,41300,60,Sabado,No,Si,2.0,4.0,43000,1,6000.0,43000.0
P00316,Electronica,204693,1500,Club,Platea Baja,45000,55600,34,Jueves,No,Si,1.0,2.0,50000,1,8000.0,50000.0
P00647,Pop internacional,38045702,45000,Estadio,Campo,57000,71100,33,Jueves,Si,No,1.0,5.0,113000,1,17000.0,113000.0
P01321,Pop internacional,1656844,3300,Teatro,palco,119000,148700,2,Viernes,No,Si,2.0,5.0,143000,1,21000.0,143000.0
P00245,Rock nacional,125833,1500,Club,Platea Baja,47000,56100,18,Miercoles,No,No,2.0,1.0,80000,1,12000.0,80000.0
P00568,Trap,4735236,15000,Arena,CAMPO,58000,71500,9,Viernes,Si,Si,2.0,8.0,166000,1,25000.0,166000.0
P00892,Trap,3478573,8400,Arena,Platea Alta,41000,49100,14,Sabado,No,Si,1.0,4.0,85000,1,13000.0,85000.0
P00518,Rock nacional,2958559,8400,Arena,campo,50000,61600,0,Miercoles,No,Si,2.0,6.0,33000,1,5000.0,33000.0
P00208,Indie,248786,1500,Club,Platea Baja,49000,59500,15,Jueves,No,No,3.0,4.0,61000,1,9000.0,61000.0
P01397,Indie,362952,1500,Club,Platea Alta,34000,41200,11,Sabado,No,No,2.0,4.0,52000,1,8000.0,52000.0
P00524,Rock nacional,2900178,8400,Arena,Campo,48000,59900,14,Domingo,Si,Si,4.0,7.0,122000,1,18000.0,122000.0
P01170,Electronica,2507881,8400,Arena,Palco,134000,165100,4,Sabado,No,Si,2.0,1.0,200000,1,30000.0,200000.0
P01353,Pop internacional,337196,5000,Arena,campo,38000,47000,1,Viernes,No,Si,2.0,5.0,39000,1,6000.0,39000.0
P01303,Rock nacional,11395773,45000,Estadio,Platea Alta,46000,53200,15,Jueves,No,No,6.0,2.0,75000,1,11000.0,75000.0
P00313,Cumbia,8463703,8400,Arena,General,23000,27500,18,Martes,No,No,2.0,3.0,41000,1,6000.0,41000.0
P00296,Trap,7332327,8400,Arena,Platea Baja,62000,73800,24,Sabado,No,No,4.0,4.0,92000,1,14000.0,92000.0
P00881,Rock nacional,533722,5000,Arena,General,23000,26600,29,Sabado,Si,No,2.0,3.0,44000,1,7000.0,44000.0
P00396,Indie,3721119,15000,Arena,Platea Alta,46000,55700,25,Sabado,No,Si,3.0,3.0,77000,1,12000.0,77000.0
P00565,Rock nacional,948463,5000,Arena,PLATEA BAJA,54000,63700,12,Domingo,No,Si,2.0,2.0,93000,1,14000.0,93000.0
P00420,Trap,1291697,8400,Arena,Campo,44000,54700,3,Sabado,No,Si,1.0,5.0,64000,1,10000.0,64000.0
P00910,Trap,60000000,84000,Estadio,platea baja,75000,86700,20,Sabado,Si,Si,2.0,2.0,189000,1,28000.0,189000.0
P01305,Rock nacional,60000000,84000,Estadio,General,40000,49100,3,Martes,Si,Si,1.0,7.0,81000,1,12000.0,81000.0
P00653,Pop internacional,2206721,8400,Arena,Platea Baja,57000,66300,2,Martes,No,Si,2.0,3.0,71000,1,11000.0,71000.0
P00716,Trap,1049848,8400,Arena,Campo,53000,63200,10,Miercoles,No,Si,1.0,2.0,104000,1,16000.0,104000.0
P01357,Trap,389772,3300,Teatro,Platea Alta,30000,36500,7,Domingo,No,No,1.0,7.0,42000,1,6000.0,42000.0
P01098,Electronica,50000,1100,Club,PLATEA BAJA,49000,59200,12,Martes,No,Si,2.0,2.0,70000,1,10000.0,70000.0
P00839,Rock nacional,9291450,15000,Arena,Pl. Alta,40000,46300,10,Jueves,No,Si,4.0,6.0,84000,1,13000.0,84000.0
P00576,Electronica,187415,1500,Club,Palco,113000,136200,3,Sabado,No,No,1.0,5.0,150000,1,22000.0,150000.0
P00177,Pop internacional,8983862,25000,Estadio,Platea Alta,51000,60800,31,Domingo,No,No,2.0,1.0,95000,1,14000.0,95000.0
P00688,Pop internacional,391749,5000,Arena,Platea Baja,68000,84600,18,Jueves,Si,Si,2.0,3.0,170000,1,26000.0,170000.0
P01209,Trap,641558,3300,Teatro,Campo,47000,56900,1,Sabado,No,Si,3.0,3.0,40000,1,6000.0,40000.0
P00525,Pop internacional,638513,3300,Teatro,General,23000,28200,42,Domingo,No,Si,2.0,5.0,25000,1,4000.0,25000.0
P00427,Cumbia,760713,3300,Teatro,Platea Baja,56000,66900,30,Sabado,No,Si,2.0,1.0,88000,1,13000.0,88000.0
P00666,Trap,95923,1100,Club,Platea Baja,50000,58100,0,Sabado,No,Si,3.0,6.0,34000,1,5000.0,34000.0
P00484,Trap,2512185,5000,Arena,General,27000,32300,1,Lunes,Si,Si,2.0,4.0,37000,1,6000.0,37000.0
P00371,Cumbia,1011436,5000,Arena,Platea Alta,39000,45800,15,Domingo,No,Si,2.0,3.0,68000,1,10000.0,68000.0
P00632,Trap,2441061,8400,Arena,platea alta,36000,43000,21,Martes,No,Si,1.0,6.0,67000,1,10000.0,67000.0
P01032,Rock nacional,5084044,8400,Arena,Palco,156000,184600,14,Viernes,No,No,2.0,7.0,294000,1,44000.0,294000.0
P00665,Indie,9002060,84000,Estadio,Campo,65000,79400,0,Sabado,No,Si,2.0,1.0,52000,1,8000.0,52000.0
P00251,Rock nacional,30384511,84000,Estadio,Platea Baja,73000,84800,39,Domingo,No,Si,1.0,7.0,91000,1,14000.0,91000.0
P00998,Cumbia,199970,1500,Club,Platea Alta,30000,36500,9,Martes,No,Si,,4.0,45000,1,7000.0,45000.0
P00627,Rock nacional,441999,3300,Teatro,Platea Baja,55000,63500,12,Miercoles,No,No,2.0,,94000,1,14000.0,94000.0
P00163,Rock nacional,324109,1500,Club,Palco,115000,141900,33,Viernes,No,Si,1.0,6.0,140000,1,21000.0,140000.0
P00775,Trap,678798,3300,Teatro,Platea Baja,60000,70700,3,Miercoles,No,No,1.0,2.0,90000,1,14000.0,90000.0
P00927,Rock nacional,255337,1100,Club,Platea Alta,30000,36900,20,Sabado,No,Si,6.0,1.0,41000,1,6000.0,41000.0
P00756,Rock nacional,236934,1100,Club,platea baja,51000,60000,42,Sabado,No,Si,1.0,5.0,53000,1,8000.0,53000.0
P00353,Trap,50000,1100,Club,Platea Baja,44000,50700,19,Viernes,No,No,2.0,8.0,70000,1,10000.0,70000.0
P01276,Electronica,12772547,15000,Arena,palco,163000,194800,12,Sabado,No,No,,,307000,1,46000.0,307000.0
P01232,Electronica,16107813,84000,Estadio,Campo,60000,74800,28,Viernes,Si,No,3.0,6.0,127000,1,19000.0,127000.0
P01140,Indie,2775302,3300,Teatro,General,25000,29300,4,Viernes,No,Si,2.0,8.0,37000,1,6000.0,37000.0
P00748,Electronica,130613,1100,Club,Platea Baja,52000,60800,31,Sabado,Si,No,2.0,5.0,75000,1,11000.0,75000.0
P00768,Rock nacional,27313191,45000,Estadio,CAMPO,57000,68300,13,Domingo,Si,Si,3.0,1.0,183000,1,27000.0,183000.0
P00229,Electronica,2413586,8400,Arena,Campo,46000,53500,14,Domingo,No,Si,2.0,6.0,67000,1,10000.0,67000.0
P01378,Pop internacional,4312900,15000,Arena,Platea Baja,57000,70600,15,Jueves,No,Si,3.0,5.0,106000,1,16000.0,106000.0
P01307,Indie,412011,3300,Teatro,Platea Baja,60000,73200,29,Viernes,No,Si,2.0,8.0,90000,1,14000.0,90000.0
P00932,Pop internacional,4213787,15000,Arena,Platea Alta,45000,52100,2,Domingo,No,No,1.0,4.0,59000,1,9000.0,59000.0
P01332,Rock nacional,3838570,25000,Estadio,Platea Alta,47000,58700,7,Viernes,No,Si,1.0,,84000,1,13000.0,84000.0
P01324,Rock nacional,7704645,15000,Arena,general,28000,34000,31,Miercoles,No,Si,1.0,1.0,27000,1,4000.0,27000.0
P00327,Cumbia,467050,3300,Teatro,General,25000,29300,19,Viernes,No,Si,4.0,5.0,31000,1,5000.0,31000.0
P01237,Indie,2506910,8400,Arena,General,31000,37800,18,Viernes,No,Si,2.0,1.0,60000,1,9000.0,60000.0
P00781,Pop internacional,3210362,15000,Arena,CAMPO,45000,55000,1,Viernes,No,Si,2.0,7.0,42000,1,6000.0,42000.0
P00569,Rock nacional,2237568,15000,Arena,PLATEA ALTA,44000,51200,14,Jueves,Si,Si,1.0,7.0,111000,1,17000.0,111000.0
P00824,Trap,22909613,15000,Arena,Campo,55000,66400,1,Viernes,No,Si,2.0,3.0,71000,1,11000.0,71000.0
P01060,Rock nacional,1130891,5000,Arena,Campo,52000,61600,11,Jueves,Si,Si,1.0,7.0,142000,1,21000.0,142000.0
P01100,Pop internacional,75530,1100,Club,Platea Alta,29000,36200,35,Sabado,No,No,2.0,4.0,27000,1,4000.0,27000.0
P00350,Rock nacional,11215927,25000,Estadio,Platea Baja,71000,81900,0,Viernes,No,Si,2.0,7.0,60000,1,9000.0,60000.0
P01058,Trap,2637839,15000,Arena,Campo,52000,61500,3,Viernes,No,Si,3.0,3.0,78000,1,12000.0,78000.0
P00306,Trap,395063,3300,Teatro,Campo,44000,53700,4,Domingo,No,Si,1.0,4.0,51000,1,8000.0,51000.0
P00389,Trap,954214,8400,Arena,Campo,47000,55500,2,Sabado,Si,No,1.0,8.0,67000,1,10000.0,67000.0
P00785,Trap,333906,3300,Teatro,General,24000,28100,17,Viernes,No,No,1.0,5.0,46000,1,7000.0,46000.0
P01236,Trap,120732,1500,Club,Platea Alta,29000,35400,30,Jueves,Si,Si,2.0,5.0,63000,1,9000.0,63000.0
P01228,Trap,75579,1500,Club,Palco,113000,132100,14,Sabado,Si,Si,2.0,8.0,278000,1,42000.0,278000.0
P01051,Pop internacional,89508,1100,Club,Platea Alta,33000,38900,2,Viernes,No,No,2.0,7.0,42000,1,6000.0,42000.0
P00202,Rock nacional,5207966,15000,Arena,Platea Baja,70000,84200,2,Martes,Si,Si,6.0,3.0,108000,1,16000.0,108000.0
P00829,Trap,45595196,45000,Estadio,Campo,58000,70600,33,Jueves,No,Si,4.0,5.0,90000,1,14000.0,90000.0
P00913,Cumbia,7558374,25000,Estadio,Platea Baja,69000,82300,1,Domingo,No,No,4.0,3.0,47000,1,7000.0,47000.0
P00833,Trap,1807617,5000,Arena,Platea Alta,37000,44100,5,Sabado,No,No,6.0,8.0,44000,1,7000.0,44000.0
P00909,Trap,562767,3300,Teatro,Platea Baja,53000,63300,22,Sabado,No,No,2.0,2.0,80000,1,12000.0,80000.0
P00332,Trap,6025003,45000,Estadio,Campo,68000,83300,39,Jueves,No,Si,3.0,1.0,88000,1,13000.0,88000.0
P01255,Trap,69115,1100,Club,Campo,36000,43500,3,Miercoles,No,Si,1.0,7.0,47000,1,7000.0,47000.0
P00061,Cumbia,2351619,8400,Arena,Platea Baja,58000,72000,22,Viernes,No,No,4.0,7.0,86000,1,13000.0,86000.0
P01257,Trap,4021619,8400,Arena,Platea Baja,63000,77200,25,Miercoles,No,Si,2.0,2.0,107000,1,16000.0,107000.0
P00013,Rock nacional,2137551,15000,Arena,Platea Baja,64000,77500,8,Viernes,No,No,2.0,3.0,153000,1,23000.0,153000.0
P00646,Cumbia,1244295,8400,Arena,Platea Baja,65000,77800,5,Sabado,Si,Si,2.0,3.0,110000,1,16000.0,110000.0
P00405,Trap,180090,1100,Club,Campo,38000,46800,3,Miercoles,No,Si,2.0,2.0,49000,1,7000.0,49000.0
P00499,Pop internacional,61104,1100,Club,Platea Baja,47000,55200,12,Sabado,No,Si,1.0,6.0,99000,1,15000.0,99000.0
P00584,Electronica,2103741,8400,Arena,Platea Baja,62000,74700,12,Martes,No,Si,2.0,7.0,89000,1,13000.0,89000.0
P00560,Pop internacional,1178976,8400,Arena,General,27000,32100,17,Viernes,No,Si,1.0,8.0,66000,1,10000.0,66000.0
P00235,Rock nacional,346501,5000,Arena,PLATEA ALTA,35000,41600,14,Sabado,No,Si,4.0,4.0,64000,1,10000.0,64000.0
P00763,Cumbia,1307018,8400,Arena,Platea Baja,65000,80400,8,Sabado,Si,Si,1.0,5.0,133000,1,20000.0,133000.0
P00796,Indie,3338029,15000,Arena,Campo,51000,60400,7,Sabado,No,Si,2.0,2.0,80000,1,12000.0,80000.0
P01145,Pop internacional,3513007,15000,Arena,general,31000,38100,12,Viernes,No,No,2.0,6.0,64000,1,10000.0,64000.0
P01335,Indie,76806,1500,Club,Palco,116000,137400,17,Domingo,No,Si,3.0,1.0,132000,1,20000.0,132000.0
P00328,Rock nacional,1735151,5000,Arena,Platea Baja,48000,58700,2,Domingo,No,No,2.0,2.0,58000,1,9000.0,58000.0
P00301,Rock nacional,14377374,15000,Arena,Platea Baja,61000,71200,7,Viernes,Si,No,1.0,7.0,124000,1,19000.0,124000.0
P01367,Trap,135147,1500,Club,Campo,42000,52000,5,Lunes,No,Si,1.0,3.0,61000,1,9000.0,61000.0
P00098,Trap,13672270,45000,Estadio,CAMPO,56000,64600,12,Sabado,No,No,2.0,7.0,133000,1,20000.0,133000.0
P00958,Pop internacional,30350479,84000,Estadio,Pl. Alta,51000,59600,15,Domingo,No,No,2.0,1.0,89000,1,13000.0,89000.0
P01316,Electronica,12199180,25000,Estadio,Campo,59000,70800,28,Miercoles,Si,No,1.0,1.0,91000,1,14000.0,91000.0
P01386,Trap,49856663,45000,Estadio,Campo,59000,73500,11,Sabado,Si,Si,2.0,6.0,146000,1,22000.0,146000.0
P00133,Pop internacional,10435099,15000,Arena,Campo,52000,63000,11,Viernes,Si,No,4.0,5.0,120000,1,18000.0,120000.0
P00955,Pop internacional,1833039,5000,Arena,Platea Baja,60000,70800,8,Miercoles,No,Si,3.0,4.0,108000,1,16000.0,108000.0
P01244,Rock nacional,1306741,5000,Arena,Campo,43000,49800,22,Jueves,No,Si,1.0,2.0,67000,1,10000.0,67000.0
P00453,Cumbia,166613,1500,Club,General,22000,25900,20,Miercoles,No,No,1.0,3.0,29000,1,4000.0,29000.0
P00667,Electronica,414571,3300,Teatro,PLATEA BAJA,53000,61700,20,Martes,No,No,2.0,7.0,88000,1,13000.0,88000.0
P01371,Electronica,60000000,84000,Estadio,Platea Alta,53000,65700,22,Viernes,No,Si,2.0,2.0,114000,1,17000.0,114000.0
P00579,Pop internacional,122420,1500,Club,Palco,115000,138500,3,Viernes,No,No,2.0,2.0,112000,1,17000.0,112000.0
P00997,Rock nacional,13535620,25000,Estadio,Platea Alta,42000,52200,16,Jueves,Si,Si,2.0,4.0,100000,1,15000.0,100000.0
P00034,Rock nacional,2900313,8400,Arena,General,29000,35600,23,Lunes,No,Si,1.0,7.0,47000,1,7000.0,47000.0
P01241,Pop internacional,6251702,25000,Estadio,Platea Alta,47000,58200,4,Miercoles,No,No,2.0,5.0,64000,1,10000.0,64000.0
P00989,Pop internacional,60000000,84000,Estadio,Platea Baja,83000,98700,10,Jueves,No,Si,4.0,3.0,162000,1,24000.0,162000.0
P00753,Rock nacional,6579508,25000,Estadio,Campo,58000,68100,6,Viernes,Si,Si,2.0,5.0,93000,1,14000.0,93000.0
P00787,Pop internacional,9674308,25000,Estadio,General,28000,34800,19,Domingo,Si,Si,2.0,7.0,71000,1,11000.0,71000.0
P00348,Pop internacional,349760,1500,Club,Platea Alta,32000,38000,25,Miercoles,No,Si,1.0,7.0,62000,1,9000.0,62000.0
P00489,Rock nacional,9237316,25000,Estadio,Platea Baja,69000,80100,3,Sabado,No,Si,2.0,1.0,73000,1,11000.0,73000.0
P00516,Indie,53841825,84000,Estadio,Platea Alta,56000,68000,1,Viernes,No,No,1.0,1.0,44000,1,7000.0,44000.0
P01207,Trap,50000,1100,Club,General,19000,23400,2,Miercoles,No,Si,1.0,5.0,21000,1,3000.0,21000.0
P01355,Trap,489328,3300,Teatro,Platea Baja,50000,58300,30,Jueves,No,No,2.0,6.0,72000,1,11000.0,72000.0
P00601,Pop internacional,1886927,8400,Arena,General,29000,33900,16,Domingo,No,No,1.0,2.0,50000,1,8000.0,50000.0
P01176,Trap,724940,1500,Club,General,24000,28100,18,Lunes,No,No,2.0,3.0,30000,1,4000.0,30000.0
P00878,Electronica,10479193,15000,Arena,PLATEA BAJA,68000,81600,1,Viernes,No,Si,2.0,8.0,82000,1,12000.0,82000.0
P01382,Electronica,4366840,15000,Arena,Campo,50000,59600,14,Jueves,No,No,2.0,2.0,100000,1,15000.0,100000.0
P00462,Cumbia,2017044,8400,Arena,Campo,45000,52600,10,Viernes,Si,Si,3.0,2.0,106000,1,16000.0,106000.0
P00510,Rock nacional,9930605,25000,Estadio,Campo,52000,61500,26,Viernes,No,Si,1.0,4.0,85000,1,13000.0,85000.0
P00132,Indie,2422876,15000,Arena,Platea Baja,62000,76900,5,Domingo,No,Si,3.0,1.0,113000,1,17000.0,113000.0
P00661,Pop internacional,2842436,8400,Arena,Campo,50000,58700,25,Viernes,No,Si,2.0,7.0,88000,1,13000.0,88000.0
P00644,Rock nacional,74934,1100,Club,General,21000,25900,8,Lunes,No,No,1.0,6.0,34000,1,5000.0,34000.0
P00087,Rock nacional,5504947,8400,Arena,Campo,52000,62700,16,Sabado,No,No,2.0,4.0,108000,1,16000.0,108000.0
P01399,Trap,2408071,8400,Arena,GENERAL,31000,36500,1,Viernes,No,No,6.0,5.0,29000,1,4000.0,29000.0
P01015,Indie,551698,5000,Arena,Platea Baja,61000,72300,3,Sabado,No,Si,1.0,6.0,57000,1,9000.0,57000.0
P00197,Pop internacional,15889401,45000,Estadio,Campo,53000,62400,3,Domingo,Si,No,1.0,4.0,111000,1,17000.0,111000.0
P00345,Rock nacional,3281058,15000,Arena,General,29000,33600,5,Lunes,Si,Si,1.0,1.0,56000,1,8000.0,56000.0
P00699,Cumbia,3148108,15000,Arena,General,28000,33900,33,Sabado,Si,Si,1.0,1.0,45000,1,7000.0,45000.0
P00916,Electronica,109470,1500,Club,Campo,40000,47100,32,Sabado,No,Si,2.0,6.0,51000,1,8000.0,51000.0
P01155,Pop internacional,3784313,15000,Arena,Campo,55000,64500,3,Viernes,No,Si,1.0,,70000,1,10000.0,70000.0
P01031,Trap,652833,3300,Teatro,Campo,44000,52100,0,Martes,Si,No,2.0,5.0,49000,1,7000.0,49000.0
P00710,Indie,1077861,5000,Arena,General,26000,31300,2,Miercoles,Si,Si,6.0,5.0,36000,1,5000.0,36000.0
P00530,Trap,28065056,45000,Estadio,Platea Alta,43000,51300,16,Sabado,No,Si,6.0,6.0,89000,1,13000.0,89000.0
P00635,Rock nacional,60000000,84000,Estadio,Campo,69000,84200,10,Sabado,No,Si,6.0,5.0,132000,1,20000.0,132000.0
P00973,Rock nacional,8549965,25000,Estadio,palco,140000,171800,3,Sabado,No,Si,2.0,6.0,227000,1,34000.0,227000.0
P00422,Trap,600721,5000,Arena,Campo,47000,54500,19,Miercoles,No,Si,2.0,,83000,1,12000.0,83000.0
P00527,Pop internacional,60000000,84000,Estadio,general,37000,43600,11,Sabado,Si,Si,4.0,6.0,104000,1,16000.0,104000.0
P00469,Trap,55843,1100,Club,Campo,38000,44100,22,Martes,Si,Si,4.0,8.0,78000,1,12000.0,78000.0
P00233,Trap,16978928,45000,Estadio,Platea Baja,67000,82800,22,Viernes,No,Si,3.0,1.0,146000,1,22000.0,146000.0
P00682,Rock nacional,3457069,8400,Arena,Platea Baja,60000,72800,8,Miercoles,No,No,2.0,2.0,97000,1,15000.0,97000.0
P01230,Trap,91529,1100,Club,Campo,38000,45600,22,Sabado,No,Si,,4.0,64000,1,10000.0,64000.0
P00731,Electronica,774535,8400,Arena,Campo,47000,54200,40,Viernes,No,No,2.0,3.0,55000,1,8000.0,55000.0
P00970,Trap,1382579,5000,Arena,General,24000,28000,11,Sabado,No,Si,3.0,6.0,42000,1,6000.0,42000.0
P00945,Electronica,54969,1100,Club,Campo,40000,47100,23,Martes,No,Si,6.0,1.0,49000,1,7000.0,49000.0
P01385,Trap,870104,5000,Arena,Campo,39000,48300,12,Sabado,No,Si,2.0,8.0,71000,1,11000.0,71000.0
P01178,Pop internacional,1000851,8400,Arena,Platea Baja,56000,66000,1,Sabado,Si,Si,2.0,8.0,63000,1,9000.0,63000.0
P01183,Cumbia,876667,5000,Arena,Platea Baja,52000,63500,0,Sabado,No,Si,1.0,4.0,47000,1,7000.0,47000.0
P00347,Indie,4499211,8400,Arena,Campo,48000,56400,9,Viernes,No,Si,2.0,3.0,103000,1,15000.0,103000.0
P00231,Trap,233214,1100,Club,Platea Alta,29000,33900,2,Domingo,Si,Si,4.0,3.0,39000,1,6000.0,39000.0
P01101,Trap,3243672,8400,Arena,Platea Alta,34000,39500,30,Jueves,No,No,2.0,8.0,59000,1,9000.0,59000.0
P00362,Electronica,239509,1500,Club,Platea Baja,53000,62500,5,Domingo,No,No,2.0,4.0,61000,1,9000.0,61000.0
P00920,Pop internacional,4579674,25000,Estadio,Platea Alta,50000,59600,27,Lunes,No,No,1.0,,102000,1,15000.0,102000.0
P01062,Rock nacional,14490693,25000,Estadio,PALCO,183000,213300,6,Viernes,No,No,2.0,5.0,334000,1,50000.0,334000.0
P00352,Electronica,5113798,15000,Arena,Pl. Baja,60000,69500,7,Viernes,No,Si,2.0,2.0,93000,1,14000.0,93000.0
P01029,Rock nacional,60000000,84000,Estadio,Platea Baja,82000,97500,3,Viernes,No,No,2.0,2.0,108000,1,16000.0,108000.0
P00299,Rock nacional,1181197,8400,Arena,Campo,45000,53900,29,Sabado,Si,No,1.0,5.0,59000,1,9000.0,59000.0
P01377,Indie,14627358,15000,Arena,Platea Alta,41000,50100,2,Lunes,No,No,1.0,6.0,49000,1,7000.0,49000.0
P00407,Trap,442404,3300,Teatro,General,27000,31800,26,Domingo,Si,Si,1.0,6.0,49000,1,7000.0,49000.0
P00654,Cumbia,2002155,5000,Arena,Platea Baja,66000,81200,16,Sabado,Si,Si,3.0,2.0,136000,1,20000.0,136000.0
P00400,Indie,2635569,8400,Arena,General,24000,30000,12,Miercoles,No,Si,1.0,3.0,58000,1,9000.0,58000.0
P01284,Indie,458065,5000,Arena,Platea Baja,58000,68300,29,Viernes,No,Si,1.0,2.0,85000,1,13000.0,85000.0
P01017,Trap,2624668,8400,Arena,Campo,53000,61100,1,Sabado,No,Si,3.0,,62000,1,9000.0,62000.0
P01310,Cumbia,264301,3300,Teatro,Palco,134000,164900,31,Jueves,No,Si,1.0,4.0,185000,1,28000.0,185000.0
P00309,Cumbia,902648,5000,Arena,Platea Baja,57000,68800,17,Martes,No,No,1.0,1.0,86000,1,13000.0,86000.0
P00626,Rock nacional,3695325,15000,Arena,Platea Baja,56000,64700,14,Viernes,No,No,2.0,4.0,107000,1,16000.0,107000.0
P00602,Electronica,7169668,15000,Arena,Platea Baja,57000,69600,24,Jueves,No,Si,4.0,2.0,93000,1,14000.0,93000.0
P00863,Pop internacional,153211,1100,Club,Campo,40000,46900,0,Jueves,No,No,1.0,5.0,27000,1,4000.0,27000.0
P01191,Rock nacional,1755866,5000,Arena,Platea Alta,35000,43100,6,Viernes,Si,No,4.0,1.0,79000,1,12000.0,79000.0
P01339,Trap,118627,1100,Club,Platea Alta,30000,36600,3,Viernes,No,Si,2.0,7.0,39000,1,6000.0,39000.0
P01387,Electronica,627388,3300,Teatro,Platea Alta,41000,48900,16,Viernes,No,Si,1.0,6.0,60000,1,9000.0,60000.0
P00459,Trap,77952,1500,Club,Platea Baja,55000,67700,20,Viernes,No,Si,3.0,1.0,70000,1,10000.0,70000.0
P00788,Electronica,35835662,84000,Estadio,Platea Alta,47000,58000,32,Sabado,No,No,2.0,2.0,80000,1,12000.0,80000.0
P00616,Rock nacional,1849034,8400,Arena,Campo,52000,64800,29,Jueves,No,Si,2.0,4.0,88000,1,13000.0,88000.0
P00535,Trap,2364666,15000,Arena,Platea Alta,38000,46600,19,Martes,No,Si,4.0,,74000,1,11000.0,74000.0
P00767,Rock nacional,248128,1500,Club,Platea Baja,49000,59000,24,Sabado,No,No,4.0,5.0,73000,1,11000.0,73000.0
P00450,Pop internacional,2377571,8400,Arena,Platea Baja,65000,79200,11,Sabado,No,No,1.0,4.0,125000,1,19000.0,125000.0
P00014,Cumbia,10734439,15000,Arena,Palco,171000,209500,8,Viernes,No,Si,3.0,5.0,298000,1,45000.0,298000.0
P01154,Trap,40394779,84000,Estadio,Platea Baja,73000,88600,22,Sabado,No,Si,6.0,7.0,139000,1,21000.0,139000.0
P00541,Trap,497365,8400,Arena,Palco,138000,165000,2,Sabado,No,Si,3.0,1.0,128000,1,19000.0,128000.0
P00894,Trap,4798378,25000,Estadio,Campo,62000,72900,16,Martes,Si,Si,4.0,3.0,187000,1,28000.0,187000.0
P01330,Trap,715056,3300,Teatro,Campo,43000,51500,44,Viernes,No,Si,1.0,7.0,54000,1,8000.0,54000.0
P00545,Trap,2659567,15000,Arena,PLATEA BAJA,61000,74100,22,Viernes,No,Si,2.0,2.0,119000,1,18000.0,119000.0
P00342,Pop internacional,23950077,45000,Estadio,campo,66000,80600,2,Viernes,Si,Si,3.0,3.0,108000,1,16000.0,108000.0
P00280,Trap,2047358,5000,Arena,Platea Alta,38000,44400,4,Jueves,No,Si,4.0,6.0,55000,1,8000.0,55000.0
P01025,Rock nacional,168053,1500,Club,Platea Baja,51000,62700,22,Sabado,No,Si,3.0,6.0,88000,1,13000.0,88000.0
P00318,Cumbia,4198939,8400,Arena,campo,54000,64000,15,Domingo,No,Si,2.0,6.0,80000,1,12000.0,80000.0
P00934,Electronica,60000000,45000,Estadio,Platea Alta,51000,62800,39,Viernes,No,Si,4.0,7.0,85000,1,13000.0,85000.0
P00929,Rock nacional,1749944,8400,Arena,Campo,53000,62000,30,Viernes,Si,Si,2.0,1.0,100000,1,15000.0,100000.0
P00401,Pop internacional,183415,1500,Club,Campo,39000,45100,8,Viernes,No,Si,2.0,7.0,65000,1,10000.0,65000.0
P00336,Pop internacional,876423,5000,Arena,Platea Baja,55000,66500,29,Domingo,Si,Si,2.0,5.0,96000,1,14000.0,96000.0
P00169,Pop internacional,247456,1100,Club,Campo,38000,46700,8,Lunes,Si,Si,2.0,5.0,80000,1,12000.0,80000.0
P00734,Trap,130460,1100,Club,Platea Baja,48000,59600,17,Jueves,No,Si,1.0,2.0,80000,1,12000.0,80000.0
P00873,Rock nacional,3382001,8400,Arena,Campo,47000,56700,3,Martes,No,Si,1.0,3.0,68000,1,10000.0,68000.0
P00506,Pop internacional,712627,3300,Teatro,Platea Alta,32000,38800,9,Viernes,No,No,1.0,2.0,69000,1,10000.0,69000.0
P00658,Rock nacional,55543641,45000,Estadio,Palco,167000,197200,23,Lunes,No,Si,2.0,2.0,290000,1,44000.0,290000.0
P00179,Trap,54182247,25000,Estadio,Platea Baja,65000,80700,15,Viernes,Si,Si,2.0,4.0,167000,1,25000.0,167000.0
P01389,Cumbia,60000000,45000,Estadio,Platea Baja,69000,81900,2,Sabado,No,Si,2.0,6.0,77000,1,12000.0,77000.0
P00366,Indie,1452416,5000,Arena,Platea Alta,38000,45000,36,Sabado,Si,Si,2.0,2.0,70000,1,10000.0,70000.0
P01077,Trap,353530,3300,Teatro,Platea Baja,56000,64900,23,Domingo,Si,Si,2.0,1.0,130000,1,20000.0,130000.0
P01256,Pop internacional,23600466,25000,Estadio,Platea Baja,73000,90000,16,Viernes,No,Si,2.0,4.0,154000,1,23000.0,154000.0
P00320,Rock nacional,121940,1100,Club,campo,36000,42200,10,Miercoles,No,Si,2.0,2.0,70000,1,10000.0,70000.0
P01198,Cumbia,583730,3300,Teatro,Platea Alta,36000,44500,27,Jueves,Si,No,2.0,8.0,72000,1,11000.0,72000.0
P00578,Indie,126989,1100,Club,General,25000,29000,10,Miercoles,No,Si,2.0,1.0,36000,1,5000.0,36000.0
P01174,Rock nacional,1035923,5000,Arena,Platea Baja,55000,67200,19,Viernes,Si,Si,3.0,7.0,142000,1,21000.0,142000.0
P00846,Trap,60000000,45000,Estadio,Palco,166000,202600,11,Martes,No,Si,2.0,3.0,292000,1,44000.0,292000.0
P00356,Trap,2957987,15000,Arena,General,30000,35900,7,Miercoles,Si,No,4.0,8.0,59000,1,9000.0,59000.0
P00285,Rock nacional,26276888,45000,Estadio,Campo,66000,78400,3,Sabado,No,No,6.0,8.0,80000,1,12000.0,80000.0
P00776,Trap,1251215,8400,Arena,General,26000,31500,14,Miercoles,No,Si,1.0,1.0,56000,1,8000.0,56000.0
P00521,Indie,17462812,15000,Arena,Platea Baja,63000,76700,16,Sabado,No,Si,1.0,8.0,161000,1,24000.0,161000.0
P00393,Trap,3604227,8400,Arena,General,23000,27400,6,Viernes,No,No,2.0,1.0,38000,1,6000.0,38000.0
P00587,Electronica,103208,1100,Club,Pl. Alta,33000,40400,41,Viernes,No,Si,1.0,8.0,43000,1,6000.0,43000.0
P01212,Rock nacional,39658663,84000,Estadio,General,38000,43800,32,Viernes,No,No,2.0,1.0,45000,1,7000.0,45000.0
P01039,Rock nacional,8748393,15000,Arena,Campo,54000,65900,11,Sabado,No,Si,1.0,2.0,108000,1,16000.0,108000.0
P00199,Trap,176550,3300,Teatro,Campo,40000,46700,27,Lunes,No,No,2.0,7.0,63000,1,9000.0,63000.0
P01312,Trap,60000000,84000,Estadio,Platea Alta,51000,61300,6,Sabado,No,No,2.0,5.0,103000,1,15000.0,103000.0
P01093,Trap,391647,5000,Arena,Campo,45000,54000,1,Sabado,No,Si,2.0,4.0,38000,1,6000.0,38000.0
P00912,Cumbia,275023,1500,Club,Platea Baja,47000,56800,0,Jueves,No,Si,3.0,8.0,25000,1,4000.0,25000.0
P01304,Cumbia,27638978,45000,Estadio,Platea Baja,69000,83000,10,Viernes,No,Si,1.0,1.0,108000,1,16000.0,108000.0
P00194,Pop internacional,1907362,8400,Arena,Platea Baja,66000,80200,17,Sabado,No,Si,3.0,8.0,135000,1,20000.0,135000.0
P00577,Electronica,3187579,8400,Arena,Platea Alta,42000,52300,19,Martes,No,Si,2.0,6.0,66000,1,10000.0,66000.0
P01136,Pop internacional,111554,1100,Club,Campo,39000,47500,1,Jueves,No,Si,2.0,7.0,32000,1,5000.0,32000.0
P00950,Rock nacional,382633,3300,Teatro,Platea Baja,53000,63000,38,Miercoles,No,Si,1.0,1.0,50000,1,8000.0,50000.0
P01066,Trap,10061322,25000,Estadio,Campo,56000,67100,16,Viernes,Si,Si,1.0,2.0,154000,1,23000.0,154000.0
P00288,Indie,33379454,84000,Estadio,Platea Alta,51000,61100,8,Jueves,No,Si,1.0,,102000,1,15000.0,102000.0
P00538,Cumbia,201971,1100,Club,Platea Baja,46000,55100,6,Sabado,No,Si,3.0,4.0,57000,1,9000.0,57000.0
P01248,Trap,50000,1100,Club,Platea Baja,51000,60100,3,Jueves,No,Si,3.0,4.0,47000,1,7000.0,47000.0
P01159,Pop internacional,55804,1100,Club,PLATEA BAJA,45000,56000,36,Viernes,No,Si,2.0,4.0,73000,1,11000.0,73000.0
P00719,Trap,8396230,15000,Arena,CAMPO,57000,67800,23,Lunes,No,Si,3.0,,106000,1,16000.0,106000.0
P00019,Indie,652049,3300,Teatro,General,23000,26700,21,Viernes,No,Si,2.0,3.0,26000,1,4000.0,26000.0
P00582,Rock nacional,71275,1100,Club,General,22000,26100,1,Viernes,No,Si,1.0,4.0,18000,1,3000.0,18000.0
P00446,Indie,50000,1500,Club,Platea Alta,29000,34400,28,Jueves,No,No,2.0,8.0,38000,1,6000.0,38000.0
P01079,Indie,133666,1500,Club,Platea Alta,35000,40500,28,Jueves,No,No,2.0,4.0,40000,1,6000.0,40000.0
P01208,Cumbia,4770280,15000,Arena,Platea Alta,40000,49900,25,Domingo,Si,Si,3.0,1.0,79000,1,12000.0,79000.0
P00841,Electronica,3097081,8400,Arena,Platea Alta,42000,50600,13,Viernes,Si,No,1.0,4.0,103000,1,15000.0,103000.0
P00440,Trap,155103,5000,Arena,Platea Alta,40000,48300,10,Martes,No,Si,2.0,1.0,82000,1,12000.0,82000.0
P00698,Rock nacional,1536943,8400,Arena,Campo,49000,60600,2,Viernes,Si,No,6.0,1.0,60000,1,9000.0,60000.0
P01139,Cumbia,10634099,8400,Arena,Platea Alta,45000,52900,9,Martes,No,Si,2.0,2.0,87000,1,13000.0,87000.0
P01374,Pop internacional,5578249,15000,Arena,Platea Baja,67000,80400,4,Miercoles,No,No,2.0,1.0,114000,1,17000.0,114000.0
P00823,Electronica,178473,1500,Club,Platea Alta,32000,37700,13,Viernes,Si,No,2.0,3.0,69000,1,10000.0,69000.0
P00757,Electronica,9450608,25000,Estadio,Platea Alta,45000,53700,8,Viernes,Si,Si,3.0,8.0,96000,1,14000.0,96000.0
P01274,Cumbia,1049570,5000,Arena,Platea Baja,64000,73900,17,Viernes,No,No,2.0,7.0,94000,1,14000.0,94000.0
P00926,Cumbia,4378805,15000,Arena,Platea Baja,63000,76300,7,Sabado,No,Si,4.0,5.0,97000,1,15000.0,97000.0
P00697,Trap,12020737,15000,Arena,Campo,58000,68500,999,Miercoles,No,No,2.0,1.0,52000,1,8000.0,52000.0
P00815,Rock nacional,142611,1100,Club,Platea Alta,30000,35100,22,Sabado,No,Si,3.0,6.0,58000,1,9000.0,58000.0
P01349,Pop internacional,130428,1500,Club,platea baja,51000,62600,26,Jueves,No,No,1.0,3.0,64000,1,10000.0,64000.0
P00417,Trap,1547200,15000,Arena,Platea Alta,39000,45000,3,Jueves,No,Si,2.0,3.0,48000,1,7000.0,48000.0
P00310,Indie,89532,1100,Club,Platea Alta,32000,37500,1,Viernes,Si,No,1.0,5.0,37000,1,6000.0,37000.0
P00487,Pop internacional,152211,1100,Club,CAMPO,36000,41800,24,Viernes,No,Si,1.0,6.0,57000,1,9000.0,57000.0
P00354,Electronica,738311,5000,Arena,General,24000,28000,1,Viernes,No,Si,4.0,7.0,23000,1,3000.0,23000.0
P00651,Rock nacional,24801040,25000,Estadio,Campo,57000,66200,2,Lunes,Si,Si,1.0,5.0,88000,1,13000.0,88000.0
P00435,Rock nacional,50000,1100,Club,Platea Baja,54000,65400,2,Miercoles,No,No,3.0,1.0,44000,1,7000.0,44000.0
P00220,Pop internacional,375452,1500,Club,Platea Alta,31000,35900,13,Domingo,No,Si,2.0,2.0,63000,1,9000.0,63000.0
P01195,Pop internacional,1637471,1500,Club,Platea Baja,46000,54400,3,Martes,No,Si,6.0,8.0,42000,1,6000.0,42000.0
P01281,Rock nacional,22814800,84000,Estadio,Platea Baja,82000,96400,6,Martes,No,No,2.0,6.0,168000,1,25000.0,168000.0
P00903,Pop internacional,399513,5000,Arena,Platea Baja,53000,65200,16,Viernes,Si,Si,3.0,2.0,117000,1,18000.0,117000.0
P00559,Rock nacional,1907785,8400,Arena,Platea Baja,62000,74500,33,Martes,No,No,1.0,1.0,82000,1,12000.0,82000.0
P01286,Pop internacional,548072,5000,Arena,Campo,48000,59800,47,Viernes,No,No,2.0,,56000,1,8000.0,56000.0
P01251,Pop internacional,1469104,8400,Arena,General,27000,33100,13,Viernes,No,No,2.0,1.0,54000,1,8000.0,54000.0
P00262,Indie,863497,8400,Arena,Platea Baja,58000,67800,20,Viernes,Si,Si,2.0,5.0,124000,1,19000.0,124000.0
P00889,Pop internacional,2235650,15000,Arena,Campo,43000,51100,31,Sabado,Si,No,2.0,3.0,95000,1,14000.0,95000.0
P01362,Indie,6320008,8400,Arena,Platea Baja,63000,73900,9,Viernes,No,No,4.0,1.0,101000,1,15000.0,101000.0
P00976,Trap,662985,3300,Teatro,Platea Alta,39000,47600,14,Sabado,No,No,3.0,5.0,76000,1,11000.0,76000.0
P01264,Rock nacional,2453374,5000,Arena,Campo,50000,61400,6,Martes,No,Si,1.0,3.0,96000,1,14000.0,96000.0
P00737,Cumbia,696662,3300,Teatro,Platea Baja,59000,70400,30,Viernes,Si,Si,3.0,5.0,78000,1,12000.0,78000.0
P00196,Pop internacional,686676,8400,Arena,campo,49000,59100,7,Viernes,No,No,1.0,7.0,92000,1,14000.0,92000.0
P00323,Pop internacional,1571394,5000,Arena,Campo,46000,54900,51,Viernes,No,Si,4.0,4.0,46000,1,7000.0,46000.0
P01167,Cumbia,795509,3300,Teatro,Platea Alta,40000,48300,3,Lunes,Si,Si,1.0,1.0,52000,1,8000.0,52000.0
P00038,Rock nacional,983644,5000,Arena,General,25000,30500,12,Viernes,No,Si,2.0,3.0,54000,1,8000.0,54000.0
P00591,Pop internacional,1307145,5000,Arena,Campo,49000,58700,24,Jueves,No,Si,1.0,3.0,77000,1,12000.0,77000.0
P01016,Pop internacional,2218671,8400,Arena,Campo,56000,65900,13,Lunes,No,No,2.0,8.0,88000,1,13000.0,88000.0
P00965,Rock nacional,31339672,84000,Estadio,Campo,64000,78900,3,Sabado,No,No,3.0,5.0,80000,1,12000.0,80000.0
P01345,Trap,7180789,15000,Arena,Campo,53000,63300,7,Lunes,No,Si,1.0,1.0,79000,1,12000.0,79000.0
P00906,Rock nacional,50599257,84000,Estadio,General,37000,43100,5,Domingo,Si,Si,,8.0,80000,1,12000.0,80000.0
P01263,Trap,558729,3300,Teatro,General,25000,30700,6,Sabado,No,Si,2.0,3.0,36000,1,5000.0,36000.0
P00994,Trap,6359095,15000,Arena,Campo,47000,57700,29,Viernes,No,No,2.0,8.0,72000,1,11000.0,72000.0
P00725,Cumbia,3330202,15000,Arena,PALCO,162000,201500,1,Jueves,Si,No,1.0,1.0,144000,1,22000.0,144000.0
P00872,Electronica,1442849,8400,Arena,General,26000,31900,31,Lunes,Si,Si,2.0,5.0,43000,1,6000.0,43000.0
P00173,Rock nacional,5955812,8400,Arena,Palco,164000,197700,17,Viernes,Si,Si,1.0,8.0,432000,1,65000.0,432000.0
P00724,Indie,60000000,84000,Estadio,General,34000,40900,11,Martes,Si,No,2.0,4.0,88000,1,13000.0,88000.0
P00085,Trap,50000,1100,Club,Platea Baja,47000,57200,7,Jueves,No,No,1.0,2.0,72000,1,11000.0,72000.0
P00483,Pop internacional,175269,1500,Club,Palco,120000,142300,10,Viernes,No,Si,4.0,5.0,160000,1,24000.0,160000.0
P00130,Electronica,796056,8400,Arena,Platea Alta,42000,51700,37,Miercoles,No,No,,1.0,53000,1,8000.0,53000.0
P01061,Pop internacional,13564672,25000,Estadio,Pl. Baja,73000,84000,8,Jueves,No,Si,1.0,3.0,199000,1,30000.0,199000.0
P00673,Rock nacional,15003729,25000,Estadio,Platea Baja,64000,76400,5,Sabado,Si,Si,2.0,1.0,123000,1,18000.0,123000.0
P00139,Pop internacional,260179,3300,Teatro,Platea Baja,58000,70200,12,Sabado,No,No,2.0,1.0,102000,1,15000.0,102000.0
P00456,Pop internacional,88962,1100,Club,Platea Alta,31000,38000,6,Martes,No,Si,3.0,5.0,57000,1,9000.0,57000.0
P01048,Rock nacional,94430,1100,Club,Platea Alta,26000,31900,24,Martes,No,Si,2.0,1.0,33000,1,5000.0,33000.0
P00501,Pop internacional,60000000,45000,Estadio,Platea Alta,41000,47400,29,Martes,Si,Si,1.0,6.0,115000,1,17000.0,115000.0
P00566,Cumbia,532866,5000,Arena,Campo,44000,55000,9,Lunes,No,Si,4.0,2.0,66000,1,10000.0,66000.0
P01340,Cumbia,577933,3300,Teatro,Campo,46000,54500,16,Miercoles,No,No,2.0,2.0,53000,1,8000.0,53000.0
P00146,Pop internacional,185338,1500,Club,Platea Baja,49000,59800,34,Domingo,No,Si,3.0,3.0,71000,1,11000.0,71000.0
P01110,Pop internacional,188386,1500,Club,Pl. Baja,42000,48500,1,Domingo,Si,No,1.0,2.0,58000,1,9000.0,58000.0
P01037,Electronica,117251,1100,Club,General,21000,25800,14,Viernes,No,Si,2.0,5.0,27000,1,4000.0,27000.0
P00990,Trap,1460058,15000,Arena,Platea Baja,70000,83100,18,Sabado,No,No,,1.0,134000,1,20000.0,134000.0
P00357,Indie,559544,3300,Teatro,general,25000,28800,12,Miercoles,No,Si,1.0,6.0,43000,1,6000.0,43000.0
P00670,Trap,402534,3300,Teatro,General,25000,29000,3,Jueves,No,Si,3.0,5.0,35000,1,5000.0,35000.0
P00850,Pop internacional,50000,1100,Club,PLATEA BAJA,43000,50200,0,Viernes,No,Si,2.0,1.0,35000,1,5000.0,35000.0
P00043,Rock nacional,639851,3300,Teatro,Platea Alta,34000,40300,2,Domingo,No,Si,4.0,7.0,28000,1,4000.0,28000.0
P00694,Cumbia,1538472,5000,Arena,platea alta,40000,47900,24,Lunes,No,Si,1.0,7.0,69000,1,10000.0,69000.0
P00655,Trap,10705212,45000,Estadio,Platea Alta,51000,62300,33,Lunes,No,Si,2.0,,78000,1,12000.0,78000.0
P00128,Pop internacional,50264442,25000,Estadio,Platea Alta,46000,57100,22,Sabado,Si,No,2.0,1.0,90000,1,14000.0,90000.0
P00276,Trap,1535891,8400,Arena,Platea Baja,58000,68500,13,Martes,No,Si,4.0,3.0,97000,1,15000.0,97000.0
P00943,Rock nacional,3819279,15000,Arena,General,34000,41900,3,Domingo,No,Si,6.0,8.0,40000,1,6000.0,40000.0
P01219,Trap,60000000,45000,Estadio,Platea Alta,50000,60200,13,Martes,Si,Si,1.0,7.0,123000,1,18000.0,123000.0
P00282,Trap,251792,1500,Club,General,21000,24300,13,Viernes,No,Si,2.0,3.0,47000,1,7000.0,47000.0
P01291,Rock nacional,738968,3300,Teatro,Platea Baja,52000,64100,18,Miercoles,No,Si,2.0,5.0,94000,1,14000.0,94000.0
P00959,Pop internacional,149285,1500,Club,Platea Baja,45000,53100,7,Miercoles,No,Si,2.0,6.0,84000,1,13000.0,84000.0
P01196,Electronica,10625137,25000,Estadio,Palco,125000,154200,2,Sabado,No,No,1.0,6.0,142000,1,21000.0,142000.0
P00005,Cumbia,410926,3300,Teatro,Campo,44000,52300,22,Viernes,Si,Si,1.0,7.0,92000,1,14000.0,92000.0
P00764,Rock nacional,3659784,15000,Arena,Platea Alta,45000,56200,2,Sabado,Si,No,2.0,4.0,65000,1,10000.0,65000.0
P00457,Cumbia,28630062,45000,Estadio,PLATEA BAJA,82000,102100,20,Sabado,No,Si,6.0,8.0,127000,1,19000.0,127000.0
P01346,Rock nacional,1334884,8400,Arena,General,26000,31400,10,Sabado,No,No,2.0,5.0,41000,1,6000.0,41000.0
P00154,Pop internacional,50000,1500,Club,Campo,40000,48800,36,Viernes,No,Si,1.0,1.0,45000,1,7000.0,45000.0
P00664,Pop internacional,300314,3300,Teatro,General,25000,29000,6,Viernes,Si,Si,2.0,3.0,55000,1,8000.0,55000.0
P00978,Pop internacional,291639,3300,Teatro,Palco,120000,149400,15,Sabado,No,No,1.0,7.0,218000,1,33000.0,218000.0
P00971,Cumbia,267067,3300,Teatro,Platea Baja,59000,72400,11,Viernes,No,Si,1.0,5.0,88000,1,13000.0,88000.0
P00538,Cumbia,201971,1100,Club,Platea Baja,46000,55100,6,Sabado,No,Si,3.0,4.0,57000,1,9000.0,57000.0
P01289,Pop internacional,9859397,15000,Arena,Platea Baja,61000,76100,2,Martes,No,Si,3.0,6.0,80000,1,12000.0,80000.0
P00239,Rock nacional,699168,3300,Teatro,Platea Alta,35000,42400,21,Viernes,Si,No,4.0,6.0,73000,1,11000.0,73000.0
P00550,Pop internacional,27734519,25000,Estadio,Platea Baja,72000,86800,13,Viernes,Si,No,2.0,2.0,213000,1,32000.0,213000.0
P00402,Rock nacional,604124,3300,Teatro,General,27000,32200,2,Domingo,No,Si,2.0,7.0,34000,1,5000.0,34000.0
P00152,Trap,435315,3300,Teatro,Campo,46000,53900,9,Viernes,Si,Si,2.0,6.0,103000,1,15000.0,103000.0
P00324,Cumbia,4317579,15000,Arena,General,27000,31500,17,Martes,Si,No,4.0,8.0,54000,1,8000.0,54000.0
P00504,Rock nacional,629940,3300,Teatro,Platea Baja,54000,64200,2,Viernes,No,Si,4.0,2.0,61000,1,9000.0,61000.0
P00597,Pop internacional,12834767,25000,Estadio,Campo,61000,75000,18,Sabado,Si,Si,2.0,5.0,170000,1,26000.0,170000.0
P00773,Trap,1084631,8400,Arena,platea baja,63000,73500,12,Viernes,Si,No,1.0,2.0,181000,1,27000.0,181000.0
P00513,Pop internacional,60000000,84000,Estadio,Campo,61000,74600,19,Miercoles,No,No,2.0,2.0,112000,1,17000.0,112000.0
P01075,Electronica,1165533,3300,Teatro,Campo,41000,48800,13,Jueves,No,Si,2.0,7.0,72000,1,11000.0,72000.0
P00380,Rock nacional,7940098,15000,Arena,Platea Alta,41000,48200,18,Sabado,Si,No,2.0,,118000,1,18000.0,118000.0
P00549,Indie,2871560,8400,Arena,Campo,48000,58400,14,Sabado,No,Si,3.0,3.0,76000,1,11000.0,76000.0
P00993,Electronica,9064421,25000,Estadio,PLATEA BAJA,70000,85700,12,Martes,No,Si,2.0,4.0,115000,1,17000.0,115000.0
P00621,Electronica,4646082,15000,Arena,Platea Baja,58000,70200,8,Viernes,No,Si,2.0,5.0,102000,1,15000.0,102000.0
P01354,Rock nacional,130271,1500,Club,Pl. Baja,47000,54600,5,Sabado,No,Si,2.0,4.0,63000,1,9000.0,63000.0
P01046,Cumbia,503181,5000,Arena,Platea Alta,38000,45500,38,Miercoles,No,Si,2.0,1.0,47000,1,7000.0,47000.0
P01186,Trap,403347,5000,Arena,Palco,141000,163200,34,Jueves,No,Si,4.0,8.0,191000,1,29000.0,191000.0
P01323,Indie,147643,1500,Club,Platea Baja,54000,65300,3,Sabado,No,Si,4.0,6.0,69000,1,10000.0,69000.0
P00192,Trap,925008,8400,Arena,Platea Baja,61000,74800,11,Sabado,No,Si,1.0,7.0,146000,1,22000.0,146000.0
P01356,Trap,15826571,25000,Estadio,Platea Baja,69000,82600,10,Jueves,Si,Si,1.0,5.0,159000,1,24000.0,159000.0
P00760,Indie,5738648,15000,Arena,General,31000,36800,12,Sabado,No,No,3.0,6.0,50000,1,8000.0,50000.0
P01336,Rock nacional,5948996,8400,Arena,Campo,46000,53500,17,Sabado,Si,Si,2.0,7.0,97000,1,15000.0,97000.0
P01067,Cumbia,452241,3300,Teatro,PALCO,130000,161100,2,Sabado,Si,Si,2.0,8.0,212000,1,32000.0,212000.0
P00979,Cumbia,529649,3300,Teatro,Platea Baja,55000,64500,44,Viernes,No,Si,2.0,4.0,58000,1,9000.0,58000.0
P00164,Pop internacional,29676057,25000,Estadio,Platea Baja,79000,92800,9,Sabado,No,Si,2.0,3.0,176000,1,26000.0,176000.0
P00778,Electronica,2360313,8400,Arena,general,28000,33600,17,Domingo,No,Si,2.0,5.0,50000,1,8000.0,50000.0
P00951,Trap,1350443,5000,Arena,Campo,48000,58700,27,Viernes,Si,Si,3.0,1.0,91000,1,14000.0,91000.0
P01282,Rock nacional,2236163,15000,Arena,Platea Baja,63000,75900,21,Sabado,No,Si,3.0,3.0,127000,1,19000.0,127000.0
P00449,Pop internacional,1193301,8400,Arena,General,30000,35500,26,Sabado,No,Si,1.0,4.0,57000,1,9000.0,57000.0
P01040,Trap,402361,3300,Teatro,Palco,129000,156200,11,Domingo,No,Si,2.0,2.0,216000,1,32000.0,216000.0
P00905,Trap,50000,1100,Club,General,19000,23100,50,Viernes,No,No,2.0,1.0,22000,1,3000.0,22000.0
P00088,Electronica,949433,8400,Arena,Platea Baja,60000,74500,56,Viernes,No,Si,2.0,,77000,1,12000.0,77000.0
P01059,Trap,858856,1500,Club,Palco,111000,129100,3,Sabado,No,Si,2.0,4.0,132000,1,20000.0,132000.0
P00995,Pop internacional,320376,1500,Club,Palco,107000,125600,20,Jueves,No,Si,3.0,5.0,179000,1,27000.0,179000.0
P00953,Cumbia,788401,3300,Teatro,Platea Baja,58000,71800,0,Viernes,No,No,3.0,1.0,45000,1,7000.0,45000.0
P01292,Trap,83544,3300,Teatro,General,21000,24300,0,Martes,No,Si,2.0,4.0,15000,1,2000.0,15000.0
P00685,Cumbia,3108228,8400,Arena,General,26000,31000,31,Sabado,Si,No,2.0,1.0,50000,1,8000.0,50000.0
P00783,Rock nacional,15904038,25000,Estadio,Platea Alta,47000,57700,6,Jueves,Si,Si,1.0,5.0,121000,1,18000.0,121000.0
P01023,Trap,296496,1500,Club,Platea Alta,32000,38100,22,Lunes,No,Si,3.0,8.0,43000,1,6000.0,43000.0
P00520,Trap,87606,1100,Club,Platea Alta,31000,38100,3,Martes,No,Si,4.0,7.0,41000,1,6000.0,41000.0
P00238,Cumbia,5299984,15000,Arena,Campo,53000,62200,22,Domingo,Si,Si,2.0,4.0,83000,1,12000.0,83000.0
P00343,Pop internacional,166966,1500,Club,General,20000,25000,21,Lunes,No,No,2.0,2.0,28000,1,4000.0,28000.0
P00297,Electronica,50000,1100,Club,Platea Baja,47000,57400,7,Sabado,Si,No,2.0,3.0,75000,1,11000.0,75000.0
P00201,Indie,17178326,25000,Estadio,Palco,175000,210200,17,Lunes,Si,Si,2.0,2.0,416000,1,62000.0,416000.0
P00376,Rock nacional,95585,1500,Club,Platea Alta,29000,33700,5,Sabado,No,No,3.0,4.0,38000,1,6000.0,38000.0
P00858,Trap,4853636,15000,Arena,Platea Alta,36000,45000,20,Jueves,No,No,1.0,3.0,78000,1,12000.0,78000.0
P00100,Indie,1753694,8400,Arena,Platea Alta,40000,49000,52,Sabado,No,Si,2.0,6.0,40000,1,6000.0,40000.0
P00808,Trap,24025878,25000,Estadio,Campo,56000,67800,10,Viernes,No,Si,4.0,4.0,107000,1,16000.0,107000.0
P00962,Pop internacional,614720,5000,Arena,Platea Alta,38000,44500,15,Sabado,No,Si,2.0,2.0,78000,1,12000.0,78000.0
P01287,Electronica,1066029,15000,Arena,General,29000,35600,39,Sabado,No,Si,4.0,8.0,35000,1,5000.0,35000.0
P01203,Cumbia,60000000,84000,Estadio,General,41000,48600,18,Viernes,Si,Si,2.0,3.0,95000,1,14000.0,95000.0
P00110,Rock nacional,95981,3300,Teatro,Platea Baja,50000,59900,46,Sabado,No,No,,,43000,1,6000.0,43000.0
P00337,Trap,8307777,25000,Estadio,Platea Alta,46000,57400,7,Sabado,No,No,4.0,4.0,86000,1,13000.0,86000.0
P00180,Trap,346958,3300,Teatro,Campo,50000,61600,32,Sabado,No,Si,2.0,8.0,66000,1,10000.0,66000.0
P00623,Pop internacional,16482875,25000,Estadio,Campo,60000,73500,13,Sabado,No,Si,4.0,3.0,124000,1,19000.0,124000.0
P00555,Trap,1711417,8400,Arena,GENERAL,27000,32400,6,Viernes,Si,No,3.0,8.0,58000,1,9000.0,58000.0
P01068,Trap,256775,1100,Club,Platea Baja,50000,59700,18,Jueves,No,No,3.0,6.0,78000,1,12000.0,78000.0
P00631,Pop internacional,520826,3300,Teatro,Campo,47000,55200,0,Lunes,Si,Si,6.0,8.0,42000,1,6000.0,42000.0
P01005,Pop internacional,8854691,15000,Arena,Platea Alta,44000,54100,29,Lunes,No,Si,1.0,3.0,74000,1,11000.0,74000.0
P00119,Rock nacional,188365,1500,Club,General,23000,28500,4,Sabado,No,Si,2.0,3.0,32000,1,5000.0,32000.0
P00774,Pop internacional,1012420,5000,Arena,Campo,46000,54400,32,Sabado,Si,Si,2.0,2.0,94000,1,14000.0,94000.0
P01238,Rock nacional,99587,1500,Club,Campo,32000,38800,3,Sabado,No,Si,1.0,2.0,33000,1,5000.0,33000.0
P00917,Cumbia,171280,1500,Club,General,23000,26600,10,Jueves,No,No,3.0,4.0,29000,1,4000.0,29000.0
P00135,Cumbia,689843,1500,Club,Campo,36000,43500,60,Domingo,No,Si,4.0,1.0,28000,1,4000.0,28000.0
P00486,Pop internacional,60000000,84000,Estadio,Platea Alta,54000,67200,6,Martes,Si,Si,2.0,4.0,164000,1,25000.0,164000.0
P00053,Trap,621974,5000,Arena,General,23000,26800,5,Viernes,No,Si,4.0,5.0,38000,1,6000.0,38000.0
P00361,Rock nacional,3477073,15000,Arena,Platea Alta,45000,53000,0,Domingo,Si,Si,2.0,4.0,57000,1,9000.0,57000.0
P00260,Trap,3678475,8400,Arena,Campo,46000,55600,14,Jueves,No,No,2.0,2.0,113000,1,17000.0,113000.0
P01010,Trap,118298,1100,Club,Campo,41000,50500,44,Viernes,No,No,1.0,7.0,53000,1,8000.0,53000.0
P01296,Pop internacional,8276832,15000,Arena,campo,52000,61000,28,Domingo,No,Si,4.0,3.0,90000,1,14000.0,90000.0
P00330,Pop internacional,11417223,25000,Estadio,Platea Baja,81000,93900,10,Miercoles,Si,Si,1.0,2.0,188000,1,28000.0,188000.0
P00608,Indie,138373,1500,Club,Platea Alta,32000,40000,11,Sabado,No,No,1.0,,48000,1,7000.0,48000.0
P00298,Cumbia,119296,1100,Club,CAMPO,35000,43300,2,Sabado,Si,No,3.0,2.0,43000,1,6000.0,43000.0
P00642,Rock nacional,1415662,5000,Arena,Platea Baja,58000,67000,8,Viernes,Si,Si,2.0,5.0,150000,1,22000.0,150000.0
P00853,Pop internacional,406409,5000,Arena,Platea Alta,35000,43700,57,Miercoles,No,Si,1.0,6.0,30000,1,4000.0,30000.0
P00580,Rock nacional,5544858,15000,Arena,Campo,54000,63200,0,Viernes,No,Si,2.0,7.0,47000,1,7000.0,47000.0
P00023,Pop internacional,13068880,15000,Arena,Campo,55000,66500,8,Viernes,Si,Si,1.0,8.0,142000,1,21000.0,142000.0
P00491,Pop internacional,4175538,8400,Arena,Platea Baja,66000,78900,5,Martes,No,No,1.0,5.0,104000,1,16000.0,104000.0
P00474,Indie,14727968,45000,Estadio,General,35000,43700,60,Domingo,No,No,3.0,4.0,23000,1,3000.0,23000.0
P00283,Electronica,126442,1100,Club,Platea Alta,33000,41100,15,Miercoles,No,Si,2.0,3.0,53000,1,8000.0,53000.0
P00609,Cumbia,895988,8400,Arena,General,29000,34200,30,Sabado,No,Si,2.0,6.0,33000,1,5000.0,33000.0
P01327,Pop internacional,77732,1500,Club,Platea Alta,30000,34500,30,Domingo,No,Si,4.0,2.0,38000,1,6000.0,38000.0
P00812,Rock nacional,10067346,25000,Estadio,General,32000,38300,36,Viernes,Si,Si,1.0,8.0,55000,1,8000.0,55000.0
P01142,Pop internacional,28088746,45000,Estadio,Campo,59000,70600,1,Martes,No,No,4.0,7.0,49000,1,7000.0,49000.0
P01363,Pop internacional,85643,1100,Club,General,22000,26000,35,Viernes,No,Si,1.0,5.0,30000,1,4000.0,30000.0
P01008,Indie,490087,1500,Club,Campo,40000,48300,8,Sabado,No,No,1.0,4.0,64000,1,10000.0,64000.0
P00645,Cumbia,108893,1500,Club,Campo,39000,46400,6,Sabado,No,Si,2.0,1.0,54000,1,8000.0,54000.0
P01366,Electronica,31743247,84000,Estadio,Platea Baja,78000,94900,36,Sabado,No,Si,1.0,3.0,125000,1,19000.0,125000.0
P01080,Trap,313609,1500,Club,Platea Baja,48000,56500,19,Domingo,No,No,1.0,3.0,81000,1,12000.0,81000.0
P00468,Cumbia,3848697,15000,Arena,Campo,53000,62800,18,Viernes,No,Si,1.0,8.0,101000,1,15000.0,101000.0
P00605,Electronica,6302200,25000,Estadio,Platea Alta,43000,52700,4,Lunes,No,Si,1.0,2.0,58000,1,9000.0,58000.0
P00067,Rock nacional,108133,1100,Club,Platea Baja,41000,48900,3,Viernes,No,No,3.0,3.0,44000,1,7000.0,44000.0
P00452,Rock nacional,74109,1100,Club,campo,44000,54700,13,Sabado,No,Si,1.0,4.0,91000,1,14000.0,91000.0
P00662,Rock nacional,4875343,15000,Arena,Platea Alta,47000,58700,12,Sabado,Si,No,3.0,7.0,107000,1,16000.0,107000.0
P01359,Rock nacional,10120132,25000,Estadio,General,31000,37800,3,Sabado,Si,Si,1.0,5.0,55000,1,8000.0,55000.0
P00937,Cumbia,993586,8400,Arena,Palco,156000,181100,48,Sabado,No,Si,2.0,5.0,217000,1,33000.0,217000.0
P01384,Indie,298551,3300,Teatro,Platea Alta,36000,42300,24,Jueves,No,No,4.0,6.0,47000,1,7000.0,47000.0
P00985,Rock nacional,439947,3300,Teatro,Pl. Baja,60000,69100,5,Jueves,No,No,,3.0,73000,1,11000.0,73000.0
P00144,Pop internacional,517207,3300,Teatro,Platea Alta,35000,43300,23,Jueves,No,Si,4.0,,39000,1,6000.0,39000.0
P00431,Trap,711355,8400,Arena,Campo,48000,56100,15,Miercoles,No,No,1.0,6.0,66000,1,10000.0,66000.0
P00693,Indie,8220343,25000,Estadio,Platea Alta,42000,48600,32,Sabado,No,Si,4.0,5.0,46000,1,7000.0,46000.0
P01074,Indie,9306233,25000,Estadio,Campo,58000,66900,14,Viernes,No,Si,2.0,6.0,123000,1,18000.0,123000.0
P00717,Rock nacional,16574013,25000,Estadio,Pl. Baja,71000,84000,28,Viernes,No,Si,1.0,,120000,1,18000.0,120000.0
P00185,Electronica,412257,3300,Teatro,platea baja,52000,62200,32,Miercoles,No,Si,2.0,5.0,70000,1,10000.0,70000.0
P01373,Rock nacional,149669,1500,Club,Pl. Alta,34000,39200,23,Jueves,Si,Si,2.0,1.0,62000,1,9000.0,62000.0
P01028,Pop internacional,188955,1100,Club,Platea Baja,43000,49900,2,Sabado,No,Si,2.0,7.0,60000,1,9000.0,60000.0
P01034,Pop internacional,4604113,15000,Arena,Campo,56000,69600,15,Martes,No,No,3.0,4.0,112000,1,17000.0,112000.0
P00479,Cumbia,429640,3300,Teatro,Palco,116000,137000,20,Domingo,No,Si,2.0,2.0,202000,1,30000.0,202000.0
P00533,Pop internacional,281708,1500,Club,Campo,43000,51500,19,Viernes,No,Si,2.0,3.0,101000,1,15000.0,101000.0
P00410,Rock nacional,5078814,15000,Arena,Platea Alta,42000,49900,24,Viernes,No,Si,2.0,4.0,67000,1,10000.0,67000.0
P00676,Pop internacional,64575,1100,Club,Platea Alta,30000,36600,15,Lunes,No,No,2.0,6.0,44000,1,7000.0,44000.0
P00561,Electronica,55268695,45000,Estadio,Campo,56000,69800,13,Sabado,Si,Si,3.0,5.0,97000,1,15000.0,97000.0
P00558,Pop internacional,118959,1500,Club,Campo,42000,49100,21,Domingo,No,Si,1.0,2.0,56000,1,8000.0,56000.0
P01358,Rock nacional,411590,5000,Arena,General,25000,31100,3,Lunes,No,Si,2.0,6.0,27000,1,4000.0,27000.0
P00956,Electronica,190530,1100,Club,Platea Baja,50000,58800,42,Sabado,No,Si,2.0,6.0,60000,1,9000.0,60000.0
P00481,Trap,101707,1500,Club,General,20000,24700,14,Sabado,No,Si,1.0,3.0,52000,1,8000.0,52000.0
P00121,Rock nacional,2465564,15000,Arena,Platea Baja,65000,74900,19,Jueves,No,Si,2.0,8.0,109000,1,16000.0,109000.0
P01364,Rock nacional,60000000,45000,Estadio,Campo,55000,68600,0,Lunes,No,Si,2.0,6.0,63000,1,9000.0,63000.0
P00090,Cumbia,29500835,45000,Estadio,Platea Baja,73000,86300,2,Sabado,Si,Si,1.0,4.0,102000,1,15000.0,102000.0
P01024,Indie,1773537,8400,Arena,platea baja,64000,78100,8,Domingo,No,Si,2.0,1.0,131000,1,20000.0,131000.0
P01049,Cumbia,11301416,45000,Estadio,General,33000,40100,23,Lunes,No,No,3.0,1.0,53000,1,8000.0,53000.0
P00108,Rock nacional,7136527,25000,Estadio,General,33000,40300,12,Jueves,No,No,3.0,5.0,63000,1,9000.0,63000.0
P00669,Rock nacional,36408719,84000,Estadio,Palco,158000,190900,0,Sabado,Si,No,2.0,6.0,240000,1,36000.0,240000.0
P00473,Rock nacional,96281,1500,Club,Campo,36000,43400,4,Viernes,No,Si,4.0,3.0,38000,1,6000.0,38000.0
P00159,Indie,491676,1500,Club,PLATEA ALTA,31000,38400,2,Jueves,No,Si,,6.0,32000,1,5000.0,32000.0
P00624,Rock nacional,2044614,5000,Arena,Platea Baja,57000,66000,2,Viernes,No,Si,1.0,7.0,51000,1,8000.0,51000.0
P00267,Cumbia,732462,8400,Arena,Platea Baja,63000,78300,11,Domingo,Si,Si,2.0,8.0,152000,1,23000.0,152000.0
P01192,Rock nacional,242060,5000,Arena,Platea Baja,56000,65300,9,Sabado,No,Si,2.0,8.0,91000,1,14000.0,91000.0
P01146,Pop internacional,7843338,15000,Arena,campo,55000,67000,21,Jueves,Si,Si,1.0,7.0,131000,1,20000.0,131000.0
P00269,Trap,9040671,45000,Estadio,Campo,61000,73400,1,Jueves,No,No,2.0,1.0,68000,1,10000.0,68000.0
P00250,Electronica,61725,1500,Club,Platea Baja,45000,54700,22,Sabado,No,Si,2.0,3.0,62000,1,9000.0,62000.0
P00089,Cumbia,4360103,8400,Arena,General,26000,30400,7,Martes,No,Si,2.0,5.0,37000,1,6000.0,37000.0
P01189,Trap,1933696,15000,Arena,Platea Alta,43000,49900,5,Domingo,No,No,1.0,,67000,1,10000.0,67000.0
P00421,Pop internacional,109244,1100,Club,Platea Baja,46000,56600,0,Viernes,No,Si,2.0,5.0,34000,1,5000.0,34000.0
P00141,Trap,3853954,8400,Arena,General,26000,31400,33,Viernes,No,Si,2.0,8.0,48000,1,7000.0,48000.0
P01133,Pop internacional,3401887,8400,Arena,Campo,56000,69100,4,Domingo,No,Si,1.0,5.0,88000,1,13000.0,88000.0
P00467,Indie,777694,5000,Arena,Platea Alta,38000,47400,19,Sabado,Si,No,1.0,5.0,71000,1,11000.0,71000.0
P00463,Cumbia,6226546,45000,Estadio,Platea Baja,75000,89600,36,Domingo,No,Si,2.0,4.0,100000,1,15000.0,100000.0
P00478,Electronica,20294434,45000,Estadio,Platea Baja,66000,77300,45,Sabado,No,Si,2.0,6.0,76000,1,11000.0,76000.0
P00674,Rock nacional,1722729,8400,Arena,Campo,47000,54100,7,Jueves,No,No,1.0,2.0,75000,1,11000.0,75000.0
P00106,Rock nacional,53474,1100,Club,General,21000,26100,24,Sabado,No,Si,2.0,6.0,37000,1,6000.0,37000.0
P01175,Cumbia,6649547,15000,Arena,General,30000,37400,31,Miercoles,Si,Si,1.0,3.0,55000,1,8000.0,55000.0
P00835,Rock nacional,130593,1100,Club,Campo,43000,51400,10,Martes,No,Si,3.0,5.0,74000,1,11000.0,74000.0
P00151,Trap,4205259,45000,Estadio,General,33000,40800,3,Miercoles,No,Si,2.0,1.0,45000,1,7000.0,45000.0
P01210,Cumbia,4507838,15000,Arena,Campo,53000,62100,13,Martes,Si,Si,4.0,3.0,116000,1,17000.0,116000.0
P00702,Cumbia,62175,1100,Club,Campo,39000,45300,35,Viernes,Si,No,2.0,6.0,48000,1,7000.0,48000.0
P00612,Pop internacional,93979,1100,Club,Campo,34000,41900,0,Miercoles,No,Si,1.0,8.0,25000,1,4000.0,25000.0
P00404,Electronica,56273,1100,Club,general,23000,27400,19,Sabado,No,Si,4.0,3.0,27000,1,4000.0,27000.0
P00303,Trap,190634,1100,Club,Platea Alta,30000,35600,1,Viernes,Si,Si,4.0,8.0,35000,1,5000.0,35000.0
P00614,Trap,1626160,15000,Arena,Platea Baja,67000,82400,12,Domingo,No,No,2.0,3.0,119000,1,18000.0,119000.0
P01125,Electronica,431073,1500,Club,Campo,43000,52300,29,Miercoles,No,Si,2.0,2.0,45000,1,7000.0,45000.0
P00125,Pop internacional,247587,3300,Teatro,GENERAL,24000,27900,11,Sabado,No,Si,2.0,3.0,41000,1,6000.0,41000.0
P01087,Rock nacional,1454529,3300,Teatro,Platea Baja,57000,70900,31,Lunes,No,Si,1.0,8.0,86000,1,13000.0,86000.0
P00349,Electronica,155734,1500,Club,Campo,40000,47000,33,Sabado,No,Si,2.0,7.0,45000,1,7000.0,45000.0
P00369,Rock nacional,46871801,84000,Estadio,CAMPO,63000,76900,13,Jueves,Si,No,2.0,4.0,158000,1,24000.0,158000.0
P00142,Trap,2137036,5000,Arena,Platea Baja,55000,67300,8,Viernes,No,Si,4.0,2.0,91000,1,14000.0,91000.0
P01007,Trap,10499465,84000,Estadio,Platea Alta,48000,59900,29,Jueves,No,Si,2.0,2.0,76000,1,11000.0,76000.0
P00022,Cumbia,697776,5000,Arena,General,25000,29600,23,Sabado,No,No,4.0,2.0,41000,1,6000.0,41000.0
P00519,Trap,1086375,8400,Arena,Campo,58000,70300,7,Sabado,No,No,1.0,2.0,99000000,1,14850000.0,99000000.0
P00886,Indie,240388,1500,Club,Palco,123000,143900,17,Jueves,Si,Si,1.0,1.0,243000,1,36000.0,243000.0
P01249,Cumbia,1020164,3300,Teatro,Platea Alta,37000,44100,16,Jueves,No,Si,1.0,8.0,57000,1,9000.0,57000.0
P00050,Pop internacional,2948581,8400,Arena,Platea Alta,39000,47600,46,Jueves,No,No,1.0,5.0,41000,1,6000.0,41000.0
P01147,Rock nacional,1167786,5000,Arena,Campo,41000,50300,31,Sabado,No,Si,2.0,3.0,57000,1,9000.0,57000.0
P00996,Rock nacional,2113278,8400,Arena,CAMPO,47000,58300,19,Viernes,Si,Si,1.0,7.0,113000,1,17000.0,113000.0
P00062,Rock nacional,560340,3300,Teatro,Campo,46000,56100,33,Domingo,No,Si,2.0,1.0,54000,1,8000.0,54000.0
P00844,Electronica,336454,1500,Club,General,23000,28400,9,Domingo,No,Si,3.0,1.0,37000,1,6000.0,37000.0
P01091,Electronica,60000000,84000,Estadio,Campo,62000,77300,7,Jueves,Si,Si,1.0,1.0,114000,1,17000.0,114000.0
P00563,Rock nacional,571087,1500,Club,General,20000,24500,17,Jueves,No,No,2.0,6.0,30000,1,4000.0,30000.0
P00977,Trap,60000000,84000,Estadio,PALCO,198000,230100,1,Viernes,Si,Si,2.0,4.0,296000,1,44000.0,296000.0
P01313,Electronica,6892469,15000,Arena,General,31000,35800,2,Jueves,Si,Si,3.0,4.0,32000,1,5000.0,32000.0
P00819,Trap,986473,3300,Teatro,Campo,41000,48600,10,Lunes,No,Si,6.0,5.0,69000,1,10000.0,69000.0
P01347,Pop internacional,2017997,5000,Arena,Platea Baja,57000,68700,18,Viernes,No,Si,1.0,3.0,114000,1,17000.0,114000.0
P01288,Indie,318887,3300,Teatro,Palco,134000,166500,12,Sabado,No,Si,2.0,2.0,238000,1,36000.0,238000.0
P00640,Pop internacional,217478,3300,Teatro,general,21000,25100,15,Lunes,No,Si,6.0,5.0,32000,1,5000.0,32000.0
P00581,Electronica,5464351,15000,Arena,Platea Baja,64000,78300,4,Lunes,No,Si,2.0,1.0,96000,1,14000.0,96000.0
P01218,Cumbia,697230,3300,Teatro,Campo,42000,51100,3,Martes,No,No,2.0,5.0,43000,1,6000.0,43000.0
P00027,Pop internacional,250495,1500,Club,campo,39000,47900,20,Sabado,No,No,2.0,7.0,60000,1,9000.0,60000.0
P01193,Indie,3566452,15000,Arena,Campo,50000,60000,1,Jueves,No,Si,4.0,8.0,38000,1,6000.0,38000.0
P01265,Pop internacional,50000,1100,Club,Platea Baja,42000,51800,26,Sabado,No,Si,4.0,5.0,67000,1,10000.0,67000.0
P00766,Indie,2021745,8400,Arena,Palco,159000,192900,35,Jueves,Si,Si,2.0,7.0,263000,1,39000.0,263000.0
P00026,Electronica,150528,3300,Teatro,Platea Baja,61000,72900,7,Viernes,Si,No,2.0,2.0,148000,1,22000.0,148000.0
P01002,Electronica,196621,1100,Club,General,23000,27400,42,Jueves,No,Si,1.0,6.0,29000,1,4000.0,29000.0
P00078,Indie,35163667,84000,Estadio,Platea Alta,51000,59200,2,Sabado,No,No,4.0,,59000,1,9000.0,59000.0
P00936,Pop internacional,1322219,15000,Arena,Platea Baja,64000,74100,22,Jueves,No,Si,2.0,7.0,121000,1,18000.0,121000.0
P00386,Indie,570459,3300,Teatro,General,23000,26900,33,Viernes,No,Si,2.0,1.0,26000,1,4000.0,26000.0
P01072,Pop internacional,6647095,25000,Estadio,Platea Alta,50000,61500,21,Domingo,Si,Si,4.0,1.0,112000,1,17000.0,112000.0
P01226,Trap,1098568,8400,Arena,Campo,46000,55400,22,Sabado,No,Si,,1.0,72000,1,11000.0,72000.0
P01099,Trap,12456443,25000,Estadio,campo,57000,71000,13,Jueves,No,No,2.0,7.0,116000,1,17000.0,116000.0
P00495,Indie,5124196,25000,Estadio,Campo,55000,64800,1,Viernes,No,Si,2.0,8.0,48000,1,7000.0,48000.0
P01172,Cumbia,10561428,15000,Arena,Platea Alta,45000,52600,36,Viernes,No,Si,4.0,7.0,51000,1,8000.0,51000.0
P00273,Indie,60000000,84000,Estadio,Campo,59000,70800,12,Jueves,Si,Si,2.0,6.0,129000,1,19000.0,129000.0
P00588,Rock nacional,8114493,45000,Estadio,Platea Alta,45000,52700,9,Viernes,No,No,2.0,7.0,84000,1,13000.0,84000.0
P00241,Trap,10050405,25000,Estadio,Campo,54000,67000,30,Jueves,Si,No,2.0,1.0,126000,1,19000.0,126000.0
P00311,Rock nacional,105787,1500,Club,Palco,126000,156000,35,Miercoles,No,Si,1.0,6.0,172000,1,26000.0,172000.0
P00054,Rock nacional,2904561,8400,Arena,General,31000,38200,7,Jueves,Si,No,2.0,8.0,68000,1,10000.0,68000.0
P00242,Rock nacional,45507743,84000,Estadio,Platea Baja,78000,95900,32,Domingo,Si,Si,2.0,6.0,143000,1,21000.0,143000.0
P00395,Electronica,4420907,15000,Arena,GENERAL,29000,33900,30,Martes,Si,Si,1.0,3.0,56000,1,8000.0,56000.0
P01302,Rock nacional,60000000,84000,Estadio,Campo,69000,84300,2,Viernes,Si,Si,1.0,6.0,110000,1,16000.0,110000.0
P00974,Indie,68422,1100,Club,Platea Alta,31000,35900,9,Sabado,No,Si,2.0,5.0,57000,1,9000.0,57000.0
P00618,Pop internacional,12657354,25000,Estadio,PLATEA ALTA,52000,60600,9,Miercoles,No,Si,2.0,8.0,89000,1,13000.0,89000.0
P00286,Cumbia,12126484,45000,Estadio,Campo,62000,74600,20,Lunes,No,No,2.0,8.0,86000,1,13000.0,86000.0
P01052,Cumbia,518129,3300,Teatro,Platea Alta,39000,47100,7,Jueves,No,Si,2.0,5.0,39000,1,6000.0,39000.0
P01298,Pop internacional,7239535,25000,Estadio,Platea Baja,72000,82800,15,Martes,No,Si,1.0,3.0,141000,1,21000.0,141000.0
P01341,Trap,858667,3300,Teatro,Campo,43000,52600,7,Viernes,Si,Si,2.0,6.0,94000,1,14000.0,94000.0
P00156,Rock nacional,114035,1100,Club,Platea Alta,35000,43300,24,Miercoles,No,Si,6.0,1.0,45000,1,7000.0,45000.0
P00418,Electronica,2723141,8400,Arena,Campo,52000,63700,17,Lunes,No,No,1.0,7.0,86000,1,13000.0,86000.0
P00279,Rock nacional,515944,3300,Teatro,Platea Alta,39000,46700,51,Sabado,No,Si,1.0,4.0,42000,1,6000.0,42000.0
P01342,Indie,110988,1100,Club,Platea Alta,31000,38700,8,Sabado,No,Si,2.0,8.0,40000,1,6000.0,40000.0
P00586,Trap,2151322,8400,Arena,Platea Baja,69000,85900,28,Domingo,No,No,1.0,3.0,76000,1,11000.0,76000.0
P00765,Pop internacional,47450530,84000,Estadio,Platea Baja,83000,98700,17,Lunes,Si,No,3.0,8.0,199000,1,30000.0,199000.0
P01205,Pop internacional,594928,1500,Club,General,21000,24400,16,Viernes,No,Si,1.0,5.0,36000,1,5000.0,36000.0
P00865,Trap,3681752,15000,Arena,Palco,144000,168800,32,Sabado,Si,Si,6.0,7.0,284000,1,43000.0,284000.0
P00379,Pop internacional,164876,1500,Club,Platea Baja,47000,54900,9,Sabado,No,Si,3.0,5.0,93000,1,14000.0,93000.0
P00704,Indie,1898946,5000,Arena,Pl. Alta,33000,39100,29,Viernes,No,Si,1.0,8.0,44000,1,7000.0,44000.0
P00307,Pop internacional,4385091,8400,Arena,General,27000,32500,54,Sabado,No,No,4.0,1.0,33000,1,5000.0,33000.0
P00274,Rock nacional,7613936,15000,Arena,GENERAL,31000,38400,16,Miercoles,Si,Si,3.0,7.0,89000,1,13000.0,89000.0
P00063,Pop internacional,3909539,8400,Arena,Campo,50000,59900,22,Sabado,Si,Si,4.0,7.0,106000,1,16000.0,106000.0
P00261,Cumbia,32213932,84000,Estadio,Platea Alta,46000,57100,27,Viernes,No,Si,2.0,1.0,60000,1,9000.0,60000.0
P01262,Trap,4179707,15000,Arena,Campo,52000,60700,16,Sabado,No,Si,1.0,3.0,102000,1,15000.0,102000.0
P00683,Rock nacional,10518424,25000,Estadio,Platea Baja,69000,83100,4,Martes,No,Si,2.0,4.0,102000,1,15000.0,102000.0
P01390,Trap,4877730,15000,Arena,Campo,51000,59300,28,Sabado,Si,Si,2.0,7.0,102000,1,15000.0,102000.0
P00503,Electronica,23711290,45000,Estadio,General,35000,42700,46,Jueves,Si,Si,6.0,3.0,50000,1,8000.0,50000.0
P01118,Electronica,693006,5000,Arena,Platea Baja,51000,62700,38,Domingo,No,No,2.0,8.0,62000,1,9000.0,62000.0
P00482,Rock nacional,3342211,5000,Arena,Platea Alta,35000,42300,3,Miercoles,No,Si,2.0,3.0,43000,1,6000.0,43000.0
P00966,Electronica,3732622,15000,Arena,Platea Baja,69000,80500,16,Jueves,Si,Si,1.0,2.0,167000,1,25000.0,167000.0
P01180,Pop internacional,144151,3300,Teatro,Campo,45000,51800,18,Domingo,Si,No,2.0,6.0,101000,1,15000.0,101000.0
P00112,Electronica,427481,3300,Teatro,Platea Alta,35000,41100,14,Sabado,Si,Si,2.0,5.0,78000,1,12000.0,78000.0
P00820,Rock nacional,35017346,84000,Estadio,General,35000,41000,17,Viernes,Si,No,1.0,4.0,108000,1,16000.0,108000.0
P01114,Cumbia,10244674,15000,Arena,General,31000,36500,38,Jueves,No,Si,1.0,1.0,41000,1,6000.0,41000.0
P01121,Rock nacional,8425098,15000,Arena,Palco,138000,167700,3,Viernes,No,No,1.0,7.0,183000,1,27000.0,183000.0
P00253,Pop internacional,146970,1100,Club,Platea Alta,32000,36900,10,Sabado,No,No,1.0,4.0,57000,1,9000.0,57000.0
P00455,Rock nacional,547836,3300,Teatro,Platea Alta,40000,46800,14,Jueves,No,No,2.0,4.0,73000,1,11000.0,73000.0
P00715,Indie,50000,1100,Club,Platea Baja,46000,53500,14,Domingo,Si,Si,3.0,3.0,98000,1,15000.0,98000.0
P00002,Indie,15600024,15000,Arena,Platea Baja,68000,81700,60,Sabado,Si,Si,3.0,2.0,77000,1,12000.0,77000.0
P00984,Indie,151842,1100,Club,Platea Alta,32000,39400,2,Martes,No,No,1.0,5.0,22000,1,3000.0,22000.0
P00876,Cumbia,1430133,8400,Arena,Campo,50000,58300,14,Viernes,No,Si,2.0,1.0,90000,1,14000.0,90000.0
P01137,Trap,784981,8400,Arena,Platea Alta,41000,49300,0,Sabado,No,Si,2.0,7.0,37000,1,6000.0,37000.0
P01182,Rock nacional,3280449,15000,Arena,Platea Alta,47000,55500,30,Viernes,No,Si,1.0,7.0,77000,1,12000.0,77000.0
P01328,Trap,60000000,84000,Estadio,Campo,68000,81500,3,Jueves,Si,No,1.0,5.0,113000,1,17000.0,113000.0
P00326,Cumbia,17169776,15000,Arena,Platea Baja,61000,74400,0,Sabado,No,Si,1.0,8.0,44000,1,7000.0,44000.0
P00198,Rock nacional,75117,1500,Club,Campo,41000,50400,8,Sabado,No,Si,2.0,3.0,60000,1,9000.0,60000.0
P00210,Pop internacional,36564295,45000,Estadio,General,34000,40000,21,Jueves,Si,Si,2.0,1.0,94000,1,14000.0,94000.0
P00069,Electronica,5613846,15000,Arena,Platea Baja,63000,74400,32,Jueves,No,Si,2.0,8.0,66000,1,10000.0,66000.0
P00648,Cumbia,1385664,5000,Arena,Platea Alta,39000,48500,3,Jueves,No,No,2.0,2.0,41000,1,6000.0,41000.0
P01370,Trap,369310,3300,Teatro,PLATEA ALTA,36000,43400,3,Martes,No,Si,3.0,7.0,49000,1,7000.0,49000.0
P00895,Trap,1470250,15000,Arena,Campo,48000,55300,17,Domingo,No,No,4.0,5.0,114000,1,17000.0,114000.0
P00680,Trap,65712,1100,Club,Platea Baja,48000,58200,13,Sabado,No,Si,1.0,5.0,96000,1,14000.0,96000.0
P00188,Trap,80211,1100,Club,General,20000,23400,25,Jueves,No,No,1.0,5.0,33000,1,5000.0,33000.0
P00397,Indie,666581,3300,Teatro,Platea Alta,37000,45300,25,Viernes,No,Si,1.0,1.0,55000,1,8000.0,55000.0
P00942,Pop internacional,60000000,84000,Estadio,Platea Baja,88000,107000,11,Lunes,No,Si,4.0,1.0,196000,1,29000.0,196000.0
P00065,Indie,21017905,45000,Estadio,Campo,64000,74000,24,Sabado,Si,No,1.0,6.0,157000,1,24000.0,157000.0
P00331,Rock nacional,859015,3300,Teatro,General,25000,30400,8,Domingo,Si,Si,2.0,7.0,54000,1,8000.0,54000.0
P00855,Rock nacional,232268,5000,Arena,General,29000,34400,53,Lunes,Si,Si,3.0,1.0,40000,1,6000.0,40000.0
P00116,Rock nacional,175823,1100,Club,Platea Alta,29000,35800,8,Jueves,No,Si,2.0,8.0,40000,1,6000.0,40000.0
P01042,Pop internacional,1547741,8400,Arena,General,30000,37000,28,Lunes,Si,No,1.0,5.0,50000,1,8000.0,50000.0
P00364,Rock nacional,30880556,25000,Estadio,General,26000,31800,3,Miercoles,No,No,3.0,1.0,36000,1,5000.0,36000.0
P00314,Rock nacional,22430719,45000,Estadio,platea alta,52000,64100,15,Sabado,No,Si,3.0,6.0,103000,1,15000.0,103000.0
P00129,Indie,346059,5000,Arena,Campo,46000,54300,5,Viernes,Si,Si,4.0,3.0,74000,1,11000.0,74000.0
P00761,Cumbia,53612585,45000,Estadio,Campo,64000,76000,21,Sabado,No,Si,1.0,3.0,130000,1,20000.0,130000.0
P00441,Trap,2851847,15000,Arena,Platea Alta,49000,60900,5,Viernes,No,No,2.0,6.0,87000,1,13000.0,87000.0
P00195,Indie,8876860,15000,Arena,Platea Baja,69000,81000,1,Viernes,Si,No,1.0,7.0,58000,1,9000.0,58000.0
P01338,Rock nacional,1150553,8400,Arena,PLATEA ALTA,40000,49100,16,Sabado,No,Si,1.0,1.0,62000,1,9000.0,62000.0
P00136,Trap,6619146,15000,Arena,Campo,55000,68700,6,Sabado,No,Si,3.0,1.0,118000,1,18000.0,118000.0
P01331,Rock nacional,20244165,45000,Estadio,Pl. Baja,80000,96700,1,Lunes,Si,No,2.0,2.0,110000,1,16000.0,110000.0
P00225,Electronica,1723148,5000,Arena,Campo,45000,56000,11,Jueves,No,No,2.0,1.0,81000,1,12000.0,81000.0
P00003,Pop internacional,531480,5000,Arena,Platea Alta,38000,44100,25,Viernes,Si,No,4.0,2.0,81000,1,12000.0,81000.0
P00564,Trap,8402742,15000,Arena,Palco,148000,171600,1,Sabado,Si,Si,1.0,1.0,177000,1,27000.0,177000.0
P00703,Rock nacional,38909710,84000,Estadio,Platea Alta,52000,64300,8,Viernes,Si,No,3.0,3.0,153000,1,23000.0,153000.0
P00243,Pop internacional,41077807,84000,Estadio,Campo,63000,75400,12,Jueves,No,Si,2.0,8.0,146000,1,22000.0,146000.0
P00076,Cumbia,6582078,15000,Arena,Platea Alta,44000,53800,5,Jueves,Si,Si,3.0,8.0,92000,1,14000.0,92000.0
P00732,Electronica,1413864,15000,Arena,Platea Baja,66000,77700,19,Sabado,No,Si,2.0,2.0,109000,1,16000.0,109000.0
P00735,Indie,270247,1500,Club,Pl. Baja,51000,60800,0,Miercoles,No,Si,1.0,7.0,30000,1,4000.0,30000.0
P00992,Pop internacional,25798247,45000,Estadio,Platea Baja,77000,92200,14,Viernes,No,No,1.0,1.0,160000,1,24000.0,160000.0
P00099,Trap,181226,1500,Club,Platea Baja,51000,62900,10,Sabado,No,No,3.0,1.0,93000,1,14000.0,93000.0
P01269,Trap,9136660,25000,Estadio,Platea Baja,63000,78200,15,Viernes,Si,Si,4.0,8.0,180000,1,27000.0,180000.0
P00360,Trap,2366825,8400,Arena,Campo,53000,65700,0,Domingo,No,Si,2.0,1.0,44000,1,7000.0,44000.0
P00832,Rock nacional,1222246,5000,Arena,General,23000,27800,12,Jueves,No,No,4.0,6.0,40000,1,6000.0,40000.0
P01092,Rock nacional,609523,3300,Teatro,Platea Alta,37000,45000,8,Viernes,No,Si,2.0,1.0,74000,1,11000.0,74000.0
P00370,Electronica,59758,1500,Club,Campo,41000,48900,9,Miercoles,No,No,1.0,8.0,65000,1,10000.0,65000.0
P01128,Rock nacional,10398527,45000,Estadio,Platea Baja,73000,89900,25,Viernes,No,No,1.0,2.0,126000,1,19000.0,126000.0
P00338,Trap,630460,5000,Arena,General,29000,33400,14,Domingo,No,Si,1.0,5.0,71000,1,11000.0,71000.0
P01290,Trap,205246,1500,Club,campo,41000,48000,20,Viernes,No,No,1.0,8.0,70000,1,10000.0,70000.0
P00795,Trap,60000000,84000,Estadio,Platea Alta,56000,65000,22,Sabado,No,Si,1.0,4.0,111000,1,17000.0,111000.0
P00007,Trap,38119736,45000,Estadio,Platea Alta,50000,59000,10,Jueves,No,No,,2.0,124000,1,19000.0,124000.0
P01200,Rock nacional,61673,1100,Club,General,18000,21500,12,Sabado,No,Si,3.0,3.0,30000,1,4000.0,30000.0
P01076,Pop internacional,140612,1100,Club,General,21000,24600,43,Viernes,Si,Si,2.0,3.0,32000,1,5000.0,32000.0
P00249,Trap,216915,1100,Club,CAMPO,44000,52800,9,Viernes,No,Si,1.0,3.0,91000,1,14000.0,91000.0
P01041,Rock nacional,38374179,45000,Estadio,Platea Alta,50000,58600,24,Sabado,No,No,1.0,7.0,96000,1,14000.0,96000.0
P00528,Rock nacional,34609115,84000,Estadio,platea alta,45000,55400,34,Viernes,No,Si,1.0,2.0,70000,1,10000.0,70000.0
P00957,Electronica,10132492,15000,Arena,Platea Baja,62000,76500,11,Viernes,Si,No,1.0,8.0,119000,1,18000.0,119000.0
P01081,Cumbia,60000000,84000,Estadio,Platea Baja,82000,98800,27,Viernes,No,Si,2.0,1.0,175000,1,26000.0,175000.0
P00537,Trap,11929630,8400,Arena,Campo,62000,71900,13,Sabado,Si,Si,1.0,1.0,208000,1,31000.0,208000.0
P01156,Rock nacional,50000,1100,Club,Palco,98000,116000,0,Viernes,No,No,4.0,1.0,90000,1,14000.0,90000.0
P01141,Indie,537825,3300,Teatro,platea baja,54000,63600,20,Jueves,No,Si,1.0,6.0,76000,1,11000.0,76000.0
P00319,Rock nacional,50000,1100,Club,Palco,109000,129900,6,Domingo,No,No,2.0,2.0,152000,1,23000.0,152000.0
P01317,Electronica,561791,1500,Club,Platea Alta,32000,37500,1,Sabado,No,Si,2.0,3.0,27000,1,4000.0,27000.0
P00904,Electronica,248688,3300,Teatro,Platea Alta,35000,40800,14,Viernes,No,Si,2.0,8.0,70000,1,10000.0,70000.0
P00057,Trap,307985,8400,Arena,Platea Baja,61000,71100,8,Sabado,No,Si,2.0,,122000,1,18000.0,122000.0
P00384,Rock nacional,114648,1100,Club,platea baja,53000,61100,35,Lunes,No,Si,1.0,1.0,73000,1,11000.0,73000.0
P00556,Rock nacional,8744756,25000,Estadio,Campo,63000,76900,16,Viernes,No,Si,2.0,,132000,1,20000.0,132000.0
P00358,Cumbia,1085571,5000,Arena,Platea Baja,50000,61800,24,Viernes,Si,Si,3.0,3.0,96000,1,14000.0,96000.0
P00531,Rock nacional,11535250,15000,Arena,Platea Baja,72000,84000,22,Viernes,Si,Si,3.0,3.0,186000,1,28000.0,186000.0
P00875,Electronica,1642733,8400,Arena,Campo,47000,58000,26,Jueves,No,No,1.0,3.0,70000,1,10000.0,70000.0
P00511,Trap,570964,5000,Arena,Platea Baja,56000,66600,15,Viernes,No,No,2.0,8.0,108000,1,16000.0,108000.0
P00547,Rock nacional,106094,1500,Club,Campo,35000,40700,6,Viernes,No,Si,2.0,2.0,58000,1,9000.0,58000.0
P01036,Pop internacional,60000000,25000,Estadio,Campo,55000,66900,1,Miercoles,No,Si,4.0,7.0,55000,1,8000.0,55000.0
P00171,Pop internacional,172992,1500,Club,Campo,38000,44700,13,Jueves,No,Si,1.0,,75000,1,11000.0,75000.0
P01181,Pop internacional,312291,1500,Club,General,19000,23500,15,Sabado,No,No,1.0,7.0,31000,1,5000.0,31000.0
P01314,Rock nacional,495572,3300,Teatro,Platea Alta,37000,44300,21,Viernes,No,Si,2.0,,70000,1,10000.0,70000.0
P00187,Pop internacional,15330686,15000,Arena,General,30000,35000,25,Martes,No,Si,2.0,3.0,47000,1,7000.0,47000.0
P00011,Rock nacional,60000000,84000,Estadio,Campo,63000,77600,15,Viernes,Si,Si,3.0,1.0,189000,1,28000.0,189000.0
P01223,Trap,3745514,15000,Arena,Campo,59000,73500,5,Sabado,No,Si,3.0,6.0,110000,1,16000.0,110000.0
P00687,Cumbia,12104828,25000,Estadio,Pl. Alta,48000,56100,15,Jueves,Si,Si,3.0,7.0,129000,1,19000.0,129000.0
P00183,Pop internacional,11571551,25000,Estadio,Campo,55000,65000,3,Sabado,Si,Si,2.0,8.0,101000,1,15000.0,101000.0
P01318,Rock nacional,33776247,45000,Estadio,palco,181000,208300,5,Martes,Si,No,2.0,7.0,392000,1,59000.0,392000.0
P00031,Rock nacional,484485,1500,Club,Platea Baja,52000,60200,3,Viernes,No,Si,2.0,4.0,68000,1,10000.0,68000.0
P00628,Indie,8693062,15000,Arena,General,30000,34500,18,Viernes,No,No,1.0,4.0,54000,1,8000.0,54000.0
P00066,Rock nacional,49077988,84000,Estadio,platea alta,53000,64700,49,Sabado,No,Si,3.0,7.0,62000,1,9000.0,62000.0
P00190,Indie,1303056,3300,Teatro,Campo,43000,52000,10,Lunes,Si,No,1.0,2.0,79000,1,12000.0,79000.0
P00117,Trap,198409,1100,Club,Platea Baja,47000,56900,14,Sabado,No,Si,2.0,5.0,86000,1,13000.0,86000.0
P01329,Rock nacional,1758416,8400,Arena,Platea Alta,43000,52400,3,Viernes,No,No,2.0,7.0,57000,1,9000.0,57000.0
P00947,Pop internacional,930668,3300,Teatro,platea alta,32000,37700,0,Jueves,No,No,3.0,6.0,23000,1,3000.0,23000.0
P00138,Cumbia,15803503,25000,Estadio,Campo,54000,66700,41,Viernes,No,Si,2.0,2.0,80000,1,12000.0,80000.0
P01221,Trap,187096,3300,Teatro,Campo,42000,49000,15,Jueves,No,Si,1.0,7.0,77000,1,12000.0,77000.0
P00866,Trap,50000,1100,Club,Platea Alta,30000,35700,21,Lunes,Si,Si,2.0,2.0,57000,1,9000.0,57000.0
P00770,Rock nacional,2734159,8400,Arena,Campo,51000,60100,10,Martes,No,Si,1.0,2.0,84000,1,13000.0,84000.0
P00908,Rock nacional,15250675,45000,Estadio,General,36000,42200,9,Jueves,Si,Si,2.0,1.0,89000,1,13000.0,89000.0
P01000,Cumbia,1495803,5000,Arena,Campo,44000,51500,2,Sabado,No,No,2.0,1.0,42000,1,6000.0,42000.0
P01164,Pop internacional,105559,1100,Club,Platea Baja,52000,61200,18,Sabado,No,Si,1.0,3.0,71000,1,11000.0,71000.0
P00701,Trap,1879245,5000,Arena,Platea Alta,44000,53800,16,Domingo,No,Si,2.0,6.0,92000,1,14000.0,92000.0
P00718,Trap,4415460,15000,Arena,Platea Baja,62000,73600,9,Viernes,No,Si,2.0,8.0,101000,1,15000.0,101000.0
P01117,Rock nacional,127761,1500,Club,PLATEA ALTA,36000,43800,18,Viernes,No,Si,1.0,1.0,62000,1,9000.0,62000.0
P00049,Electronica,2523471,15000,Arena,GENERAL,24000,27600,21,Viernes,Si,No,2.0,7.0,56000,1,8000.0,56000.0
P00849,Rock nacional,10939735,25000,Estadio,Campo,53000,62800,10,Jueves,Si,No,4.0,8.0,105000,1,16000.0,105000.0
P00215,Indie,103083,1100,Club,Campo,34000,42300,18,Jueves,No,No,6.0,6.0,36000,1,5000.0,36000.0
P00126,Pop internacional,54163,1100,Club,CAMPO,35000,43200,4,Sabado,No,Si,2.0,4.0,52000,1,8000.0,52000.0
P00834,Electronica,352249,1500,Club,Platea Alta,31000,38100,17,Viernes,No,Si,2.0,,58000,1,9000.0,58000.0
P00870,Pop internacional,1232371,8400,Arena,Campo,53000,63800,10,Miercoles,No,Si,1.0,2.0,93000,1,14000.0,93000.0
P00879,Electronica,118352,1500,Club,Pl. Alta,33000,40200,19,Viernes,No,Si,2.0,5.0,43000,1,6000.0,43000.0
P00047,Electronica,1437782,8400,Arena,Campo,52000,60000,14,Martes,No,Si,2.0,1.0,94000,1,14000.0,94000.0
P00257,Rock nacional,486976,3300,Teatro,Pl. Baja,49000,60000,10,Viernes,No,No,1.0,3.0,93000,1,14000.0,93000.0
P00619,Pop internacional,175648,3300,Teatro,Palco,127000,158700,3,Miercoles,No,No,2.0,2.0,147000,1,22000.0,147000.0
P00830,Rock nacional,270834,3300,Teatro,Platea Baja,51000,63300,16,Sabado,No,Si,1.0,6.0,80000,1,12000.0,80000.0
P01070,Pop internacional,2146037,8400,Arena,General,27000,32500,53,Sabado,No,Si,3.0,2.0,30000,1,4000.0,30000.0
P00554,Cumbia,9320121,25000,Estadio,General,31000,36500,49,Miercoles,No,Si,1.0,8.0,44000,1,7000.0,44000.0
P00840,Electronica,2091892,8400,Arena,Pl. Baja,55000,65100,10,Miercoles,Si,No,3.0,4.0,112000,1,17000.0,112000.0
P01129,Trap,1402071,15000,Arena,Campo,60000,74700,17,Lunes,Si,Si,2.0,,140000,1,21000.0,140000.0
P00092,Cumbia,274022,1500,Club,Platea Baja,50000,59200,6,Domingo,No,Si,1.0,2.0,62000,1,9000.0,62000.0
P01157,Rock nacional,250291,1500,Club,Platea Alta,31000,37400,30,Domingo,No,Si,2.0,1.0,32000,1,5000.0,32000.0
P00784,Rock nacional,784558,8400,Arena,GENERAL,27000,33200,4,Martes,Si,No,2.0,8.0,40000,1,6000.0,40000.0
P00017,Cumbia,598561,5000,Arena,platea baja,62000,72000,2,Viernes,No,No,2.0,4.0,59000,1,9000.0,59000.0
P01018,Trap,199605,1100,Club,Platea Baja,48000,55600,10,Lunes,No,Si,2.0,8.0,104000,1,16000.0,104000.0
P00406,Trap,5891559,15000,Arena,Platea Alta,40000,46900,11,Viernes,No,Si,6.0,4.0,69000,1,10000.0,69000.0
P01360,Trap,3298622,15000,Arena,Campo,47000,55900,7,Sabado,No,Si,4.0,3.0,88000,1,13000.0,88000.0
P00048,Cumbia,442347,1500,Club,Campo,38000,47300,27,Domingo,Si,Si,1.0,8.0,68000,1,10000.0,68000.0
P00158,Trap,1004418,5000,Arena,Platea Alta,34000,39700,13,Miercoles,No,Si,2.0,5.0,64000,1,10000.0,64000.0
P00222,Electronica,11431615,8400,Arena,Platea Alta,39000,47700,25,Viernes,No,No,2.0,7.0,89000,1,13000.0,89000.0
P01065,Trap,3386954,15000,Arena,Campo,51000,58800,5,Jueves,No,No,1.0,1.0,76000,1,11000.0,76000.0
P00290,Rock nacional,6780538,25000,Estadio,General,31000,37400,13,Viernes,No,No,1.0,1.0,58000,1,9000.0,58000.0
P00747,Rock nacional,15134688,25000,Estadio,Campo,54000,66900,10,Lunes,No,Si,2.0,6.0,122000,1,18000.0,122000.0
P00884,Trap,8127392,25000,Estadio,General,30000,35300,21,Domingo,No,Si,1.0,5.0,80000,1,12000.0,80000.0
P00542,Rock nacional,6273820,25000,Estadio,General,33000,38700,1,Jueves,No,No,1.0,1.0,31000,1,5000.0,31000.0
P00991,Indie,373196,3300,Teatro,Platea Baja,53000,63400,16,Miercoles,No,No,1.0,6.0,79000,1,12000.0,79000.0
P00972,Trap,17062973,25000,Estadio,Platea Alta,40000,49600,30,Jueves,Si,Si,1.0,5.0,88000,1,13000.0,88000.0
P00659,Cumbia,60000000,84000,Estadio,Platea Alta,44000,52400,20,Jueves,No,No,,8.0,88000,1,13000.0,88000.0
P00888,Trap,1178316,3300,Teatro,General,22000,25700,22,Lunes,Si,Si,4.0,6.0,54000,1,8000.0,54000.0
P00383,Cumbia,621395,5000,Arena,General,25000,29500,37,Viernes,No,Si,2.0,2.0,37000,1,6000.0,37000.0
P00219,Electronica,2576141,8400,Arena,Platea Baja,67000,80800,4,Jueves,No,Si,2.0,5.0,98000,1,15000.0,98000.0
P00071,Cumbia,1924421,8400,Arena,Campo,56000,66000,31,Sabado,Si,Si,1.0,1.0,113000,1,17000.0,113000.0
P00070,Trap,59570,3300,Teatro,General,27000,33100,19,Sabado,No,Si,4.0,1.0,49000,1,7000.0,49000.0
P00708,Trap,2392182,8400,Arena,Platea Alta,40000,49000,8,Martes,No,Si,1.0,7.0,89000,1,13000.0,89000.0
P00091,Indie,37122724,45000,Estadio,Campo,64000,79300,8,Martes,Si,Si,1.0,3.0,156000,1,23000.0,156000.0
P00675,Indie,694467,5000,Arena,Pl. Baja,55000,65700,19,Viernes,No,Si,3.0,2.0,79000,1,12000.0,79000.0
P01222,Rock nacional,18754318,25000,Estadio,Platea Baja,74000,85300,6,Viernes,No,Si,1.0,1.0,165000,1,25000.0,165000.0
P01006,Pop internacional,169474,1500,Club,Platea Baja,43000,52000,60,Jueves,No,No,3.0,6.0,44000,1,7000.0,44000.0
P00430,Rock nacional,26332491,45000,Estadio,General,37000,44400,12,Domingo,No,Si,4.0,4.0,60000,1,9000.0,60000.0
P00103,Cumbia,836101,8400,Arena,Campo,47000,55400,30,Lunes,Si,Si,4.0,6.0,88000,1,13000.0,88000.0
P01151,Cumbia,756524,5000,Arena,Platea Alta,35000,43700,11,Domingo,No,No,2.0,8.0,52000,1,8000.0,52000.0
P00458,Indie,15907480,15000,Arena,Campo,57000,71100,15,Viernes,No,Si,2.0,7.0,111000,1,17000.0,111000.0
P01013,Cumbia,949738,5000,Arena,Platea Alta,36000,43500,3,Sabado,Si,Si,2.0,2.0,53000,1,8000.0,53000.0
P00615,Trap,12909307,45000,Estadio,Campo,53000,62100,26,Domingo,Si,Si,2.0,1.0,88000,1,13000.0,88000.0
P00914,Cumbia,364889,5000,Arena,Campo,45000,54200,27,Martes,No,No,3.0,3.0,59000,1,9000.0,59000.0
P00485,Rock nacional,66541,1100,Club,Campo,33000,40200,31,Viernes,No,Si,3.0,3.0,38000,1,6000.0,38000.0
P00044,Electronica,7474605,15000,Arena,Platea Baja,70000,84500,31,Viernes,No,Si,3.0,7.0,108000,1,16000.0,108000.0
P00423,Trap,2296798,8400,Arena,Campo,48000,59900,3,Domingo,No,Si,1.0,,54000,1,8000.0,54000.0
P00594,Trap,224361,1500,Club,General,23000,26900,15,Sabado,Si,Si,2.0,7.0,46000,1,7000.0,46000.0
P00039,Trap,27001669,45000,Estadio,General,36000,41900,4,Jueves,Si,No,2.0,8.0,77777777,1,11667000.0,77777777.0
P00589,Rock nacional,2408656,3300,Teatro,Platea Baja,60000,74300,1,Viernes,No,No,1.0,3.0,56000,1,8000.0,56000.0
P00810,Indie,44592586,84000,Estadio,palco,185000,220200,24,Sabado,Si,No,1.0,3.0,399000,1,60000.0,399000.0
P00195,Indie,8876860,15000,Arena,Platea Baja,69000,81000,1,Viernes,Si,No,1.0,7.0,58000,1,9000.0,58000.0
P00454,Trap,2802767,15000,Arena,Campo,61000,70500,12,Miercoles,No,Si,1.0,1.0,136000,1,20000.0,136000.0
P00818,Indie,7980486,25000,Estadio,Platea Baja,72000,86300,34,Viernes,Si,No,1.0,5.0,136000,1,20000.0,136000.0
P01188,Electronica,6625870,15000,Arena,Campo,50000,62000,3,Jueves,No,Si,2.0,8.0,67000,1,10000.0,67000.0
P00161,Rock nacional,5758988,8400,Arena,Platea Baja,62000,77200,19,Viernes,No,Si,1.0,4.0,140000,1,21000.0,140000.0
P01177,Trap,7433238,25000,Estadio,Campo,59000,70500,5,Miercoles,No,No,2.0,1.0,111000,1,17000.0,111000.0
P00475,Cumbia,1786888,3300,Teatro,General,25000,30700,15,Sabado,No,No,1.0,2.0,40000,1,6000.0,40000.0
P00097,Rock nacional,3616263,8400,Arena,PLATEA BAJA,60000,69600,11,Sabado,Si,No,2.0,5.0,149000,1,22000.0,149000.0
P00750,Trap,46412488,45000,Estadio,Campo,65000,77500,10,Sabado,No,Si,2.0,8.0,166000,1,25000.0,166000.0
P00789,Trap,50000,1100,Club,Platea Baja,46000,55000,2,Jueves,No,No,4.0,7.0,39000,1,6000.0,39000.0
P00227,Rock nacional,1041019,8400,Arena,Platea Baja,67000,80700,0,Martes,Si,No,2.0,7.0,48000,1,7000.0,48000.0
P00451,Pop internacional,60000000,84000,Estadio,platea alta,57000,66900,22,Viernes,No,Si,2.0,,122000,1,18000.0,122000.0
P00877,Trap,50000,1100,Club,Platea Baja,50000,61000,4,Sabado,No,Si,2.0,8.0,63000,1,9000.0,63000.0
P01333,Indie,18294931,45000,Estadio,Platea Baja,75000,88800,15,Lunes,No,Si,2.0,8.0,142000,1,21000.0,142000.0
P00382,Trap,1275482,8400,Arena,campo,50000,57700,13,Domingo,No,No,2.0,3.0,95000,1,14000.0,95000.0
P00816,Rock nacional,120982,1500,Club,platea baja,40000,49400,3,Viernes,No,No,2.0,4.0,42000,1,6000.0,42000.0
P01132,Rock nacional,6349532,84000,Estadio,Platea Baja,84000,97100,10,Viernes,Si,No,1.0,2.0,178000,1,27000.0,178000.0
P01056,Indie,340992,3300,Teatro,Platea Baja,51000,63600,13,Viernes,Si,No,2.0,4.0,106000,1,16000.0,106000.0
P00649,Indie,19449897,25000,Estadio,Campo,55000,63600,41,Jueves,No,No,1.0,8.0,67000,1,10000.0,67000.0
P00322,Pop internacional,25887617,25000,Estadio,CAMPO,55000,65800,1,Sabado,No,No,1.0,3.0,59000,1,9000.0,59000.0
P00652,Pop internacional,60000000,45000,Estadio,General,31000,36000,3,Viernes,Si,Si,2.0,4.0,47000,1,7000.0,47000.0
P01361,Indie,2683246,15000,Arena,Campo,55000,63800,999,Viernes,No,Si,1.0,7.0,65000,1,10000.0,65000.0
P00949,Trap,9818601,84000,Estadio,Campo,59000,70200,11,Miercoles,No,No,4.0,4.0,137000,1,21000.0,137000.0
P00443,Pop internacional,16454108,25000,Estadio,Platea Baja,68000,80600,15,Viernes,No,Si,1.0,3.0,146000,1,22000.0,146000.0
P00583,Trap,192811,1500,Club,Campo,37000,45700,28,Miercoles,Si,No,1.0,8.0,64000,1,10000.0,64000.0
P00751,Cumbia,2815449,15000,Arena,General,32000,40000,60,Viernes,Si,No,2.0,7.0,42000,1,6000.0,42000.0
P01115,Rock nacional,5085053,15000,Arena,Campo,59000,70800,33,Miercoles,No,Si,2.0,6.0,90000,1,14000.0,90000.0
P01011,Trap,5889721,15000,Arena,Campo,55000,67000,32,Domingo,Si,Si,2.0,7.0,119000,1,18000.0,119000.0
P00874,Rock nacional,195530,1100,Club,campo,41000,50200,4,Domingo,Si,Si,1.0,3.0,60000,1,9000.0,60000.0
P00714,Rock nacional,36972430,45000,Estadio,Campo,54000,65600,4,Sabado,No,No,3.0,4.0,69000,1,10000.0,69000.0
P00372,Rock nacional,140819,1100,Club,General,22000,26800,19,Sabado,No,Si,1.0,3.0,43000,1,6000.0,43000.0
P00398,Pop internacional,24410999,25000,Estadio,Palco,176000,206800,8,Sabado,No,No,1.0,3.0,298000,1,45000.0,298000.0
P01134,Cumbia,21553883,25000,Estadio,Campo,62000,77200,4,Viernes,No,Si,2.0,6.0,121000,1,18000.0,121000.0
P00189,Trap,5011713,15000,Arena,Platea Baja,67000,81200,5,Sabado,Si,No,3.0,8.0,139000,1,21000.0,139000.0
P00922,Rock nacional,219689,5000,Arena,General,25000,30600,3,Lunes,No,Si,4.0,2.0,27000,1,4000.0,27000.0
P01252,Trap,50000,1500,Club,campo,39000,47700,12,Viernes,No,Si,1.0,5.0,95000,1,14000.0,95000.0
P01277,Trap,87803,1500,Club,Campo,42000,50800,20,Sabado,No,Si,2.0,4.0,81000,1,12000.0,81000.0
P01234,Cumbia,5162764,25000,Estadio,Platea Baja,64000,74200,4,Martes,No,Si,3.0,8.0,81000,1,12000.0,81000.0
P00123,Indie,820669,3300,Teatro,Campo,44000,54600,2,Domingo,No,Si,4.0,3.0,42000,1,6000.0,42000.0
P00010,Trap,443412,3300,Teatro,Platea Baja,56000,68000,9,Viernes,Si,No,2.0,1.0,131000,1,20000.0,131000.0
P01179,Rock nacional,472837,1100,Club,Palco,115000,135200,27,Jueves,No,No,2.0,6.0,152000,1,23000.0,152000.0
P00165,Rock nacional,1930737,3300,Teatro,Campo,49000,57100,11,Sabado,No,Si,2.0,7.0,101000,1,15000.0,101000.0
P00805,Indie,103529,1500,Club,Platea Baja,46000,54100,12,Domingo,Si,No,1.0,1.0,82000,1,12000.0,82000.0
P00232,Trap,770009,1500,Club,Platea Alta,32000,37000,30,Viernes,No,Si,1.0,7.0,52000,1,8000.0,52000.0
P00374,Rock nacional,1242382,5000,Arena,Platea Baja,59000,69400,20,Miercoles,No,Si,4.0,6.0,86000,1,13000.0,86000.0
P00572,Cumbia,27187847,84000,Estadio,Platea Baja,77000,88900,37,Miercoles,Si,No,1.0,2.0,169000,1,25000.0,169000.0
P01243,Cumbia,60000000,45000,Estadio,Campo,59000,72700,8,Miercoles,No,Si,2.0,2.0,142000,1,21000.0,142000.0
P00727,Rock nacional,53826091,84000,Estadio,Platea Baja,80000,92500,19,Jueves,Si,No,4.0,5.0,138000,1,21000.0,138000.0
P00272,Pop internacional,33682389,45000,Estadio,CAMPO,53000,64000,8,Sabado,Si,Si,2.0,1.0,167000,1,25000.0,167000.0
P01165,Trap,363806,1500,Club,CAMPO,34000,41100,3,Sabado,No,Si,2.0,7.0,43000,1,6000.0,43000.0
P00240,Indie,2323146,5000,Arena,Palco,141000,170500,14,Miercoles,Si,No,2.0,1.0,327000,1,49000.0,327000.0
P00935,Electronica,100841,1500,Club,Platea Baja,46000,55000,19,Domingo,No,No,4.0,2.0,57000,1,9000.0,57000.0
P00077,Electronica,243426,1500,Club,Campo,38000,46800,22,Sabado,No,Si,1.0,,53000,1,8000.0,53000.0
P00224,Trap,908551,8400,Arena,platea baja,65000,79000,15,Sabado,No,Si,4.0,7.0,154000,1,23000.0,154000.0
P00663,Indie,3747272,8400,Arena,Platea Baja,67000,78400,10,Viernes,No,Si,1.0,7.0,113000,1,17000.0,113000.0
P00643,Trap,156228,1500,Club,general,22000,26200,11,Viernes,No,Si,1.0,3.0,32000,1,5000.0,32000.0
P00982,Indie,3952778,15000,Arena,General,30000,37400,3,Jueves,No,Si,2.0,5.0,12500000,1,1875000.0,12500000.0
P00461,Trap,10740206,25000,Estadio,campo,53000,63000,7,Viernes,No,No,2.0,7.0,117000,1,18000.0,117000.0
P00312,Trap,15984206,25000,Estadio,General,34000,39500,29,Viernes,No,Si,2.0,3.0,64000,1,10000.0,64000.0
P01043,Indie,4353837,8400,Arena,campo,46000,53500,0,Jueves,Si,Si,4.0,8.0,42000,1,6000.0,42000.0
P00414,Pop internacional,3550710,15000,Arena,campo,59000,70800,0,Viernes,No,Si,3.0,5.0,49000,1,7000.0,49000.0
P01030,Indie,2598528,15000,Arena,General,29000,35600,60,Jueves,No,Si,2.0,1.0,30000,1,4000.0,30000.0
P00281,Indie,7822715,15000,Arena,Platea Alta,41000,48700,10,Sabado,No,Si,3.0,2.0,77000,1,12000.0,77000.0
P00500,Electronica,129869,1500,Club,General,22000,27000,17,Viernes,No,Si,6.0,2.0,35000,1,5000.0,35000.0
P00329,Trap,7083595,45000,Estadio,General,31000,35900,1,Domingo,No,No,2.0,5.0,28000,1,4000.0,28000.0
P00001,Pop internacional,65100,1500,Club,Platea Baja,47000,55500,35,Jueves,No,No,2.0,,56000,1,8000.0,56000.0
P00573,Rock nacional,4335419,15000,Arena,Campo,54000,64200,3,Sabado,No,No,1.0,1.0,80000,1,12000.0,80000.0
P00933,Indie,113296,1500,Club,General,24000,28000,3,Miercoles,Si,Si,2.0,2.0,37000,1,6000.0,37000.0
P00610,Indie,5071725,15000,Arena,Campo,50000,60100,4,Viernes,No,Si,1.0,7.0,92000,1,14000.0,92000.0
P00742,Trap,516429,5000,Arena,General,26000,31600,22,Martes,No,Si,3.0,3.0,29000,1,4000.0,29000.0
P00340,Trap,13858780,45000,Estadio,Campo,58000,69100,33,Jueves,No,Si,1.0,5.0,101000,1,15000.0,101000.0
P00494,Trap,3301123,15000,Arena,Pl. Alta,47000,56000,10,Lunes,No,No,,1.0,52000,1,8000.0,52000.0
P01396,Trap,4605096,15000,Arena,Platea Baja,63000,72900,25,Miercoles,Si,Si,6.0,3.0,166000,1,25000.0,166000.0
P00782,Trap,13929839,15000,Arena,GENERAL,30000,35100,19,Jueves,No,Si,2.0,2.0,54000,1,8000.0,54000.0
P00928,Electronica,1818626,3300,Teatro,Palco,136000,165200,39,Lunes,No,Si,2.0,2.0,157000,1,24000.0,157000.0
P00056,Electronica,5960699,15000,Arena,General,30000,35800,3,Viernes,No,Si,2.0,2.0,35000,1,5000.0,35000.0
P00351,Rock nacional,62806,1500,Club,Palco,110000,127700,10,Viernes,No,Si,3.0,3.0,193000,1,29000.0,193000.0
P00941,Rock nacional,5484212,15000,Arena,Platea Baja,63000,73200,28,Lunes,No,Si,1.0,5.0,84000,1,13000.0,84000.0
P00772,Pop internacional,5179242,15000,Arena,Campo,55000,66200,7,Viernes,No,No,2.0,3.0,86000,1,13000.0,86000.0
P00040,Rock nacional,325740,3300,Teatro,Platea Baja,57000,70900,3,Jueves,No,Si,2.0,6.0,68000,1,10000.0,68000.0
P00523,Rock nacional,31842639,45000,Estadio,Platea Baja,72000,89600,15,Jueves,No,Si,4.0,3.0,154000,1,23000.0,154000.0
P01271,Trap,7412267,15000,Arena,Platea Alta,42000,49800,21,Martes,Si,No,,3.0,83000,1,12000.0,83000.0
P00305,Electronica,97951,1500,Club,Pl. Baja,48000,55900,21,Viernes,No,Si,2.0,2.0,73000,1,11000.0,73000.0
P00216,Pop internacional,808891,3300,Teatro,Campo,48000,55900,21,Viernes,No,Si,1.0,1.0,103000,1,15000.0,103000.0
P00539,Indie,2080701,15000,Arena,Platea Baja,71000,84200,21,Sabado,Si,Si,2.0,5.0,163000,1,24000.0,163000.0
P01213,Electronica,7094630,8400,Arena,Palco,145000,172800,30,Jueves,Si,No,2.0,6.0,287000,1,43000.0,287000.0
P01113,Pop internacional,1066134,8400,Arena,Campo,47000,54300,8,Lunes,No,No,2.0,5.0,86000,1,13000.0,86000.0
P01380,Rock nacional,110109,1100,Club,General,19000,22000,19,Viernes,No,Si,2.0,3.0,38000,1,6000.0,38000.0
P01254,Cumbia,4274763,15000,Arena,Platea Alta,44000,54400,8,Viernes,Si,Si,2.0,8.0,102000,1,15000.0,102000.0
P00269,Trap,9040671,45000,Estadio,Campo,61000,73400,1,Jueves,No,No,2.0,1.0,68000,1,10000.0,68000.0
P01063,Pop internacional,3329136,15000,Arena,Platea Baja,67000,83600,2,Viernes,No,No,3.0,1.0,90000,1,14000.0,90000.0
P00153,Trap,532671,8400,Arena,Campo,53000,65900,24,Jueves,No,Si,1.0,2.0,81000,1,12000.0,81000.0
P00080,Rock nacional,887135,3300,Teatro,General,27000,31100,23,Sabado,No,Si,4.0,5.0,43000,1,6000.0,43000.0
P01224,Trap,409458,3300,Teatro,Campo,50000,59000,31,Domingo,No,Si,4.0,1.0,65000,1,10000.0,65000.0
P00845,Electronica,8348444,15000,Arena,General,31000,36700,36,Viernes,No,No,4.0,2.0,43000,1,6000.0,43000.0
P00390,Rock nacional,328988,1500,Club,Platea Baja,50000,60100,1,Viernes,No,No,4.0,8.0,42000,1,6000.0,42000.0
P00346,Indie,2194395,8400,Arena,Campo,49000,60500,24,Jueves,No,Si,2.0,2.0,63000,1,9000.0,63000.0
P00175,Pop internacional,39188264,45000,Estadio,General,34000,39600,17,Sabado,Si,Si,2.0,2.0,94000,1,14000.0,94000.0
P01309,Trap,55133345,45000,Estadio,Platea Baja,71000,86200,1,Domingo,Si,No,1.0,6.0,106000,1,16000.0,106000.0
P01201,Trap,2284296,5000,Arena,Campo,43000,50100,15,Jueves,Si,Si,,1.0,107000,1,16000.0,107000.0
P00025,Cumbia,390888,5000,Arena,Platea Alta,39000,45100,44,Sabado,No,Si,2.0,5.0,42000,1,6000.0,42000.0
P00162,Pop internacional,1082239,5000,Arena,General,23000,26600,5,Martes,Si,No,2.0,8.0,36000,1,5000.0,36000.0
P01194,Rock nacional,60983,1100,Club,Platea Alta,31000,37400,12,Viernes,Si,Si,2.0,1.0,68000,1,10000.0,68000.0
P00695,Rock nacional,6226781,15000,Arena,Platea Baja,65000,74800,12,Sabado,Si,Si,1.0,6.0,136000,1,20000.0,136000.0
P00120,Trap,1607272,8400,Arena,PLATEA BAJA,55000,66500,22,Viernes,No,Si,1.0,5.0,72000,1,11000.0,72000.0
P01083,Cumbia,1418923,8400,Arena,Platea Baja,56000,69500,15,Sabado,Si,Si,1.0,4.0,146000,1,22000.0,146000.0
P00263,Cumbia,291457,5000,Arena,PLATEA ALTA,36000,43400,33,Domingo,No,Si,4.0,3.0,34000,1,5000.0,34000.0
P00571,Pop internacional,5859681,15000,Arena,Platea Baja,61000,72700,21,Jueves,No,Si,4.0,7.0,87000,1,13000.0,87000.0
P01168,Rock nacional,54277096,45000,Estadio,Platea Alta,48000,56200,0,Jueves,No,No,,8.0,34000,1,5000.0,34000.0
P00082,Rock nacional,7992329,15000,Arena,Platea Baja,78000,90400,18,Viernes,Si,Si,2.0,5.0,215000,1,32000.0,215000.0
P01280,Electronica,6313701,15000,Arena,Platea Alta,45000,55800,27,Sabado,No,Si,2.0,4.0,73000,1,11000.0,73000.0
P00739,Cumbia,45411231,84000,Estadio,General,36000,43700,11,Sabado,Si,Si,1.0,8.0,106000,1,16000.0,106000.0
P01246,Trap,16475471,45000,Estadio,Platea Alta,45000,55400,9,Sabado,No,Si,2.0,8.0,91000,1,14000.0,91000.0
P01351,Indie,87886,1500,Club,Platea Alta,30000,36300,15,Domingo,No,Si,4.0,1.0,35000,1,5000.0,35000.0
P00411,Electronica,227049,1500,Club,General,23000,27000,0,Domingo,Si,Si,4.0,5.0,18000,1,3000.0,18000.0
P00114,Cumbia,257745,1100,Club,platea alta,31000,36900,26,Jueves,No,No,3.0,5.0,34000,1,5000.0,34000.0
P01184,Pop internacional,659958,8400,Arena,Platea Alta,44000,54600,32,Sabado,Si,Si,2.0,8.0,91000,1,14000.0,91000.0
P00436,Cumbia,62192,1500,Club,PLATEA ALTA,31000,37300,29,Sabado,No,No,2.0,5.0,39000,1,6000.0,39000.0
P00084,Trap,100656,1100,Club,Platea Alta,26000,32100,13,Sabado,No,No,2.0,5.0,47000,1,7000.0,47000.0
P00093,Indie,31805950,84000,Estadio,Campo,63000,74400,7,Jueves,Si,Si,2.0,1.0,112000,1,17000.0,112000.0
P00302,Trap,359689,3300,Teatro,General,25000,31100,37,Sabado,No,No,2.0,1.0,45000,1,7000.0,45000.0
P00020,Rock nacional,104073,1500,Club,palco,118000,142000,13,Viernes,Si,Si,3.0,4.0,258000,1,39000.0,258000.0
P00186,Rock nacional,6804462,15000,Arena,Platea Alta,43000,51600,1,Viernes,Si,No,3.0,8.0,52000,1,8000.0,52000.0
P00228,Cumbia,60000000,84000,Estadio,General,36000,42100,7,Viernes,No,Si,2.0,8.0,69000,1,10000.0,69000.0
P00334,Pop internacional,11307165,15000,Arena,Platea Alta,46000,55500,49,Sabado,Si,Si,2.0,2.0,76000,1,11000.0,76000.0
P00509,Trap,1669450,5000,Arena,General,26000,30800,10,Miercoles,No,Si,2.0,3.0,49000,1,7000.0,49000.0
P00315,Pop internacional,5285333,25000,Estadio,Campo,56000,65500,34,Sabado,Si,Si,2.0,5.0,121000,1,18000.0,121000.0
P01394,Pop internacional,593013,3300,Teatro,Platea Baja,62000,71800,14,Miercoles,No,Si,1.0,8.0,112000,1,17000.0,112000.0
P00791,Pop internacional,86850,1100,Club,General,20000,23800,21,Viernes,No,No,1.0,3.0,28000,1,4000.0,28000.0
P01278,Rock nacional,520205,3300,Teatro,Palco,147000,180300,30,Jueves,No,Si,1.0,6.0,220000,1,33000.0,220000.0
P00552,Electronica,110127,1100,Club,GENERAL,19000,23200,2,Viernes,No,Si,2.0,8.0,20000,1,3000.0,20000.0
P00672,Rock nacional,6502433,25000,Estadio,Campo,57000,68300,22,Jueves,Si,No,3.0,3.0,138000,1,21000.0,138000.0
P01162,Trap,433402,1500,Club,Platea Alta,29000,36100,13,Sabado,No,Si,3.0,,51000,1,8000.0,51000.0
P01050,Rock nacional,60000000,45000,Estadio,Platea Baja,69000,85600,11,Viernes,Si,Si,2.0,7.0,199000,1,30000.0,199000.0
P01229,Rock nacional,7895069,15000,Arena,Platea Alta,43000,49800,2,Sabado,No,Si,3.0,3.0,50000,1,8000.0,50000.0
P00341,Electronica,15074317,45000,Estadio,General,33000,39300,3,Viernes,Si,Si,1.0,7.0,53000,1,8000.0,53000.0
P01086,Rock nacional,1784962,8400,Arena,Palco,160000,190600,58,Lunes,Si,Si,1.0,6.0,213000,1,32000.0,213000.0
P00308,Trap,1252188,5000,Arena,Campo,43000,50500,9,Lunes,Si,No,2.0,3.0,91000,1,14000.0,91000.0
P00923,Rock nacional,52640618,45000,Estadio,Platea Alta,49000,57100,4,Sabado,No,Si,1.0,6.0,87000,1,13000.0,87000.0
P00018,Trap,540082,3300,Teatro,Platea Baja,49000,59600,18,Domingo,No,No,6.0,4.0,66000,1,10000.0,66000.0
P00068,Rock nacional,537932,3300,Teatro,Campo,39000,46500,12,Viernes,No,No,2.0,3.0,80000,1,12000.0,80000.0
P01220,Pop internacional,265312,3300,Teatro,General,27000,31100,12,Sabado,No,Si,1.0,4.0,49000,1,7000.0,49000.0
P01337,Rock nacional,548219,8400,Arena,Campo,50000,58300,1,Domingo,No,Si,1.0,1.0,44000,1,7000.0,44000.0
P00722,Trap,9194793,15000,Arena,general,26000,30800,28,Viernes,No,No,2.0,2.0,40000,1,6000.0,40000.0
P00113,Indie,3975497,15000,Arena,General,30000,37400,3,Domingo,Si,Si,2.0,7.0,48000,1,7000.0,48000.0
P00726,Indie,11867073,25000,Estadio,Platea Alta,43000,51400,9,Viernes,No,Si,2.0,3.0,104000,1,16000.0,104000.0
P00517,Trap,765347,8400,Arena,Platea Baja,65000,77400,15,Jueves,Si,No,1.0,4.0,149000,1,22000.0,149000.0
P01350,Rock nacional,510161,3300,Teatro,Platea Alta,32000,39400,8,Sabado,No,Si,2.0,,65000,1,10000.0,65000.0
P01127,Pop internacional,4941817,8400,Arena,Platea Alta,39000,47100,39,Viernes,No,Si,2.0,6.0,68000,1,10000.0,68000.0
P00416,Indie,82049,1100,Club,Platea Alta,30000,37300,8,Martes,No,No,1.0,8.0,43000,1,6000.0,43000.0
P00264,Rock nacional,10296346,25000,Estadio,general,28000,33700,35,Viernes,No,Si,2.0,6.0,46000,1,7000.0,46000.0
P01295,Pop internacional,1728859,8400,Arena,platea alta,42000,51700,15,Viernes,No,Si,2.0,6.0,79000,1,12000.0,79000.0
P00847,Cumbia,539792,5000,Arena,General,25000,29100,0,Sabado,No,No,2.0,8.0,20000,1,3000.0,20000.0
P00292,Trap,238815,3300,Teatro,Campo,37000,42900,16,Viernes,No,No,6.0,8.0,55000,1,8000.0,55000.0
P00252,Electronica,201529,1500,Club,Platea Baja,48000,60000,17,Jueves,No,No,1.0,4.0,67000,1,10000.0,67000.0
P00606,Electronica,2895207,8400,Arena,Platea Alta,42000,50000,27,Sabado,Si,Si,4.0,1.0,81000,1,12000.0,81000.0
P01247,Rock nacional,1014241,5000,Arena,general,26000,31700,10,Viernes,No,Si,2.0,2.0,46000,1,7000.0,46000.0
P01026,Pop internacional,132059,1500,Club,Pl. Baja,48000,55900,35,Lunes,No,Si,2.0,4.0,68000,1,10000.0,68000.0
P00381,Rock nacional,121368,1100,Club,Platea Alta,32000,38000,0,Sabado,No,No,1.0,1.0,23000,1,3000.0,23000.0
P01216,Rock nacional,528806,3300,Teatro,Pl. Baja,57000,67500,11,Jueves,No,Si,1.0,5.0,118000,1,18000.0,118000.0
P00968,Rock nacional,139319,1500,Club,Campo,40000,49400,6,Jueves,No,Si,2.0,4.0,51000,1,8000.0,51000.0
P00368,Rock nacional,68013,1100,Club,Platea Baja,51000,62400,14,Sabado,No,No,1.0,6.0,87000,1,13000.0,87000.0
P00403,Electronica,1434808,5000,Arena,General,29000,36200,21,Jueves,Si,Si,1.0,8.0,66000,1,10000.0,66000.0
P00679,Electronica,86144,1100,Club,Platea Baja,53000,64300,24,Lunes,No,No,2.0,7.0,67000,1,10000.0,67000.0
P01258,Pop internacional,298488,3300,Teatro,Campo,42000,50700,2,Domingo,No,Si,3.0,3.0,35000,1,5000.0,35000.0
P01027,Pop internacional,19235196,15000,Arena,Campo,54000,65700,2,Miercoles,Si,Si,2.0,1.0,93000,1,14000.0,93000.0
P01120,Pop internacional,8594659,15000,Arena,CAMPO,55000,66600,11,Lunes,Si,No,6.0,8.0,154000,1,23000.0,154000.0
P00900,Rock nacional,4713581,15000,Arena,Campo,49000,58600,5,Sabado,Si,Si,1.0,6.0,83000,1,12000.0,83000.0
P00536,Cumbia,447412,1500,Club,Platea Baja,47000,55200,27,Sabado,Si,Si,1.0,1.0,101000,1,15000.0,101000.0
P00952,Rock nacional,405376,1500,Club,Platea Baja,47000,57200,1,Jueves,No,Si,4.0,5.0,41000,1,6000.0,41000.0
P00980,Pop internacional,2197575,15000,Arena,Palco,143000,173900,0,Sabado,No,Si,1.0,8.0,101000,1,15000.0,101000.0
P00497,Rock nacional,3475841,8400,Arena,Campo,46000,54700,3,Lunes,No,Si,2.0,5.0,62000,1,9000.0,62000.0
P01272,Pop internacional,241433,1100,Club,Platea Baja,47000,54500,9,Viernes,No,No,2.0,5.0,75000,1,11000.0,75000.0
P00460,Trap,207735,1100,Club,PLATEA ALTA,25000,30100,1,Viernes,No,Si,2.0,8.0,23000,1,3000.0,23000.0
P00212,Pop internacional,2870766,8400,Arena,Platea Baja,66000,80200,8,Jueves,No,Si,2.0,2.0,120000,1,18000.0,120000.0
P00938,Rock nacional,3271007,15000,Arena,Platea Baja,67000,80600,17,Lunes,No,Si,2.0,5.0,124000,1,19000.0,124000.0
P00174,Cumbia,60000000,84000,Estadio,General,37000,45100,26,Jueves,No,Si,1.0,8.0,57000,1,9000.0,57000.0
P00193,Rock nacional,596952,5000,Arena,Campo,49000,61200,1,Miercoles,No,No,2.0,7.0,45000,1,7000.0,45000.0
P00143,Rock nacional,133828,1100,Club,Platea Alta,34000,41100,18,Sabado,No,No,2.0,4.0,53000,1,8000.0,53000.0
P01217,Trap,165385,1100,Club,Palco,116000,138700,5,Sabado,No,Si,1.0,1.0,133000,1,20000.0,133000.0
P01395,Rock nacional,58636374,45000,Estadio,PLATEA BAJA,64000,77800,17,Miercoles,Si,No,6.0,1.0,155000,1,23000.0,155000.0
P00230,Electronica,33094427,45000,Estadio,Campo,56000,68200,43,Sabado,No,Si,2.0,8.0,65000,1,10000.0,65000.0
P00570,Pop internacional,41702163,45000,Estadio,Platea Alta,48000,59100,14,Miercoles,Si,No,2.0,4.0,142000,1,21000.0,142000.0
P00759,Trap,10420723,45000,Estadio,Campo,67000,80400,9,Martes,No,Si,1.0,,140000,1,21000.0,140000.0
P00598,Trap,416946,5000,Arena,Platea Baja,57000,66900,28,Sabado,Si,No,2.0,2.0,103000,1,15000.0,103000.0
P00762,Trap,35191658,45000,Estadio,Platea Baja,71000,84100,7,Domingo,Si,Si,1.0,3.0,164000,1,25000.0,164000.0
P00155,Cumbia,1550156,15000,Arena,General,34000,41500,28,Domingo,No,Si,2.0,2.0,49000,1,7000.0,49000.0
P00885,Pop internacional,377919,1500,Club,Platea Baja,52000,60000,12,Sabado,No,Si,2.0,,113000,1,17000.0,113000.0
P01206,Cumbia,6188853,15000,Arena,Platea Alta,44000,54000,11,Domingo,Si,Si,1.0,,107000,1,16000.0,107000.0
P01019,Pop internacional,5769539,15000,Arena,Campo,60000,70200,0,Jueves,No,No,4.0,6.0,42000,1,6000.0,42000.0
P00075,Pop internacional,45296366,45000,Estadio,General,34000,42200,5,Viernes,No,Si,4.0,3.0,54000,1,8000.0,54000.0
P00809,Trap,60000000,45000,Estadio,Platea Alta,43000,52700,4,Sabado,No,Si,2.0,3.0,64000,1,10000.0,64000.0
P00415,Trap,914560,5000,Arena,Platea Baja,57000,66600,15,Sabado,Si,Si,1.0,2.0,179000,1,27000.0,179000.0
P01231,Pop internacional,1271321,8400,Arena,General,28000,32800,14,Lunes,Si,No,2.0,4.0,70000,1,10000.0,70000.0
P00931,Indie,389477,3300,Teatro,Campo,41000,47700,12,Domingo,No,Si,1.0,1.0,66000,1,10000.0,66000.0
P00641,Pop internacional,11044228,25000,Estadio,Campo,52000,62800,16,Jueves,No,No,4.0,4.0,77000,1,12000.0,77000.0
P00234,Rock nacional,1668188,8400,Arena,General,31000,36600,32,Miercoles,No,Si,1.0,2.0,35000,1,5000.0,35000.0
P00021,Rock nacional,4369738,8400,Arena,general,30000,34800,26,Viernes,No,No,2.0,7.0,48000,1,7000.0,48000.0
P01294,Indie,233567,1500,Club,Platea Baja,49000,56800,0,Martes,No,Si,,8.0,28000,1,4000.0,28000.0
P00030,Indie,919443,3300,Teatro,Campo,46000,54500,4,Jueves,No,Si,1.0,8.0,59000,1,9000.0,59000.0
P00804,Rock nacional,1774796,5000,Arena,General,26000,31600,16,Sabado,No,No,2.0,6.0,53000,1,8000.0,53000.0
P00883,Indie,32554226,45000,Estadio,campo,60000,71000,15,Miercoles,No,No,2.0,4.0,126000,1,19000.0,126000.0
P01055,Trap,259424,3300,Teatro,Campo,40000,48300,1,Miercoles,No,No,2.0,3.0,32000,1,5000.0,32000.0
P00291,Trap,1415947,5000,Arena,Palco,117000,139900,7,Miercoles,No,Si,2.0,7.0,190000,1,28000.0,190000.0
P00915,Electronica,190982,5000,Arena,Pl. Alta,35000,43500,1,Viernes,No,Si,2.0,8.0,32000,1,5000.0,32000.0
P01094,Electronica,266203,3300,Teatro,General,24000,28600,14,Jueves,No,Si,2.0,6.0,50000,1,8000.0,50000.0
P01112,Electronica,7160259,45000,Estadio,Campo,56000,68700,13,Martes,Si,Si,3.0,,95000,1,14000.0,95000.0
P00115,Rock nacional,146734,3300,Teatro,Palco,122000,150500,16,Jueves,Si,No,1.0,2.0,247000,1,37000.0,247000.0
P01116,Cumbia,545500,3300,Teatro,Platea Baja,51000,62600,6,Viernes,No,No,1.0,3.0,100000,1,15000.0,100000.0
P00466,Indie,84166,1500,Club,platea baja,46000,54000,4,Lunes,No,Si,1.0,4.0,64000,1,10000.0,64000.0
P00890,Electronica,2246811,8400,Arena,Campo,57000,67500,25,Jueves,Si,No,1.0,3.0,93000,1,14000.0,93000.0
P00168,Rock nacional,104156,1100,Club,Palco,108000,130300,37,Viernes,Si,Si,1.0,5.0,216000,1,32000.0,216000.0
P00408,Cumbia,4855202,15000,Arena,Campo,49000,59900,15,Sabado,No,No,4.0,6.0,92000,1,14000.0,92000.0
P00321,Indie,5978553,25000,Estadio,Platea Baja,65000,76500,18,Miercoles,No,Si,2.0,6.0,120000,1,18000.0,120000.0
P01348,Cumbia,139310,1500,Club,Campo,42000,49400,13,Lunes,No,No,1.0,4.0,70000,1,10000.0,70000.0
P00898,Pop internacional,4349382,15000,Arena,Palco,147000,178300,13,Jueves,No,No,2.0,3.0,292000,1,44000.0,292000.0
P01102,Rock nacional,6034720,15000,Arena,Campo,49000,60600,15,Lunes,Si,Si,2.0,5.0,111000,1,17000.0,111000.0
P00705,Trap,643853,3300,Teatro,Platea Baja,61000,73000,21,Viernes,No,Si,2.0,7.0,108000,1,16000.0,108000.0
P00921,Pop internacional,348585,3300,Teatro,Platea Baja,48000,55500,9,Viernes,No,Si,1.0,3.0,91000,1,14000.0,91000.0
P00567,Trap,32703721,84000,Estadio,Platea Baja,77000,94600,24,Viernes,No,Si,2.0,1.0,155000,1,23000.0,155000.0
P00599,Rock nacional,9871743,45000,Estadio,Campo,63000,76200,13,Sabado,No,Si,1.0,8.0,157000,1,24000.0,157000.0
P00258,Electronica,28134354,45000,Estadio,Platea Baja,72000,84100,21,Viernes,Si,Si,1.0,6.0,183000,1,27000.0,183000.0
P00256,Trap,13654892,15000,Arena,General,31000,38700,2,Jueves,Si,Si,2.0,8.0,42000,1,6000.0,42000.0
P00728,Pop internacional,3627865,15000,Arena,Platea Alta,45000,54600,14,Sabado,No,Si,2.0,8.0,82000,1,12000.0,82000.0
P00706,Cumbia,464075,3300,Teatro,Campo,40000,49200,9,Miercoles,No,Si,2.0,3.0,69000,1,10000.0,69000.0
P00988,Trap,60000000,84000,Estadio,Platea Baja,78000,94600,6,Miercoles,Si,Si,3.0,4.0,201000,1,30000.0,201000.0
P00498,Cumbia,1026841,3300,Teatro,Platea Baja,55000,67600,22,Sabado,No,No,4.0,,83000,1,12000.0,83000.0
P00899,Indie,5454845,15000,Arena,Pl. Alta,40000,46300,43,Sabado,Si,Si,2.0,8.0,73000,1,11000.0,73000.0
P00131,Trap,31086606,84000,Estadio,Campo,63000,73600,27,Jueves,No,Si,2.0,5.0,128000,1,19000.0,128000.0
P01379,Cumbia,276778,3300,Teatro,Palco,109000,126200,10,Domingo,No,Si,3.0,2.0,149000,1,22000.0,149000.0
P00101,Rock nacional,10858040,25000,Estadio,Campo,55000,64100,13,Sabado,No,No,2.0,3.0,124000,1,19000.0,124000.0
P00172,Electronica,657948,3300,Teatro,General,25000,29700,8,Sabado,No,Si,1.0,6.0,39000,1,6000.0,39000.0
P00492,Rock nacional,2538174,8400,Arena,campo,44000,51200,20,Martes,No,No,1.0,6.0,50000,1,8000.0,50000.0
P01311,Rock nacional,28576830,45000,Estadio,Platea Alta,45000,53800,3,Miercoles,No,Si,2.0,8.0,63000,1,9000.0,63000.0
P00111,Rock nacional,10060091,15000,Arena,Platea Baja,71000,88100,60,Viernes,Si,No,2.0,4.0,86000,1,13000.0,86000.0
P01225,Cumbia,3677939,8400,Arena,Campo,45000,55700,17,Viernes,No,Si,2.0,3.0,68000,1,10000.0,68000.0
P01021,Pop internacional,1367848,5000,Arena,Campo,40000,48000,5,Martes,Si,No,1.0,2.0,86000,1,13000.0,86000.0
P01227,Trap,2037697,15000,Arena,Campo,50000,60300,13,Viernes,No,Si,2.0,6.0,95000,1,14000.0,95000.0
P00713,Indie,113008,1100,Club,Palco,100000,122500,8,Viernes,No,Si,2.0,3.0,157000,1,24000.0,157000.0
P00828,Trap,2995796,15000,Arena,Pl. Alta,46000,56900,25,Viernes,Si,Si,2.0,5.0,103000,1,15000.0,103000.0
P01020,Trap,57158768,84000,Estadio,Platea Baja,83000,95900,30,Sabado,No,Si,1.0,6.0,149000,1,22000.0,149000.0
P01161,Indie,143227,3300,Teatro,Palco,136000,168300,14,Sabado,No,Si,4.0,4.0,162000,1,24000.0,162000.0
P00961,Rock nacional,9574256,15000,Arena,Campo,54000,66800,12,Sabado,No,Si,2.0,6.0,118000,1,18000.0,118000.0
P00660,Electronica,9044925,45000,Estadio,General,35000,41300,10,Viernes,No,No,2.0,2.0,67000,1,10000.0,67000.0
P00271,Rock nacional,78182,1100,Club,Platea Alta,31000,36300,33,Domingo,No,Si,2.0,3.0,32000,1,5000.0,32000.0
P00064,Trap,82886,1100,Club,Campo,38000,45100,7,Sabado,No,No,1.0,5.0,63000,1,9000.0,63000.0
P00394,Indie,607688,5000,Arena,General,28000,32900,26,Sabado,No,Si,1.0,,48000,1,7000.0,48000.0
P01095,Trap,229994,1500,Club,Campo,33000,40900,31,Lunes,No,Si,2.0,4.0,36000,1,5000.0,36000.0
P00893,Pop internacional,722073,5000,Arena,Campo,47000,56300,0,Viernes,No,Si,1.0,1.0,32000,1,5000.0,32000.0
P00544,Pop internacional,198127,1100,Club,Platea Alta,33000,38300,8,Domingo,No,No,1.0,5.0,69000,1,10000.0,69000.0
P00779,Cumbia,4524591,15000,Arena,Campo,52000,64800,7,Domingo,No,Si,1.0,,75000,1,11000.0,75000.0
P01185,Trap,1866155,8400,Arena,Platea Alta,41000,49000,3,Sabado,No,No,2.0,3.0,59000,1,9000.0,59000.0
P00170,Rock nacional,2726582,5000,Arena,Campo,45000,53100,27,Sabado,No,Si,3.0,7.0,77000,1,12000.0,77000.0
P00037,Cumbia,822564,8400,Arena,General,29000,34100,19,Sabado,No,Si,2.0,3.0,39000,1,6000.0,39000.0
P00244,Rock nacional,1836688,5000,Arena,Campo,47000,58400,20,Jueves,Si,Si,3.0,8.0,101000,1,15000.0,101000.0
P00083,Indie,1880674,5000,Arena,Pl. Baja,55000,65800,2,Miercoles,No,Si,2.0,7.0,59000,1,9000.0,59000.0
P01285,Cumbia,12824409,25000,Estadio,General,32000,39500,32,Miercoles,Si,No,1.0,7.0,60000,1,9000.0,60000.0
P00946,Trap,82089,1500,Club,Platea Baja,49000,61200,60,Miercoles,No,No,4.0,1.0,39000,1,6000.0,39000.0
P00861,Rock nacional,2164445,15000,Arena,Platea Alta,43000,51000,6,Viernes,No,No,4.0,6.0,80000,1,12000.0,80000.0
P00373,Rock nacional,7259440,25000,Estadio,Campo,57000,65900,14,Sabado,Si,Si,2.0,1.0,162000,1,24000.0,162000.0
P01047,Pop internacional,2323734,8400,Arena,GENERAL,25000,29100,9,Viernes,No,Si,2.0,6.0,59000,1,9000.0,59000.0
P01171,Electronica,10044779,8400,Arena,General,28000,33000,29,Viernes,No,Si,2.0,5.0,52000,1,8000.0,52000.0
P00752,Rock nacional,193077,1500,Club,Platea Baja,48000,59800,26,Martes,No,Si,1.0,6.0,71000,1,11000.0,71000.0
P00508,Cumbia,54023,1100,Club,Platea Baja,44000,54100,20,Viernes,No,No,1.0,6.0,67000,1,10000.0,67000.0
P01245,Cumbia,15825379,45000,Estadio,General,29000,33700,15,Miercoles,No,Si,1.0,1.0,49000,1,7000.0,49000.0
P01038,Trap,115592,1500,Club,Palco,116000,141900,11,Jueves,No,No,2.0,1.0,222000,1,33000.0,222000.0
P01235,Trap,1474342,5000,Arena,General,25000,29600,11,Sabado,No,Si,2.0,7.0,46000,1,7000.0,46000.0
P00585,Electronica,1260591,5000,Arena,Platea Baja,50000,60400,37,Jueves,Si,No,1.0,5.0,73000,1,11000.0,73000.0
P00512,Rock nacional,2962389,8400,Arena,Platea Baja,63000,77400,26,Jueves,No,Si,,2.0,120000,1,18000.0,120000.0
P00178,Rock nacional,89898,1500,Club,Platea Baja,53000,65300,3,Domingo,Si,Si,2.0,4.0,90000,1,14000.0,90000.0
P00277,Trap,79640,1100,Club,Campo,33000,40600,12,Domingo,No,No,2.0,1.0,53000,1,8000.0,53000.0
P00880,Indie,598454,5000,Arena,General,28000,33400,19,Viernes,No,Si,2.0,2.0,47000,1,7000.0,47000.0
P00548,Rock nacional,1047485,3300,Teatro,General,23000,28100,21,Martes,No,Si,1.0,7.0,39000,1,6000.0,39000.0
P00720,Electronica,297342,1100,Club,campo,42000,52100,48,Jueves,No,Si,2.0,6.0,42000,1,6000.0,42000.0
P00477,Trap,12304178,25000,Estadio,Platea Baja,74000,92400,10,Miercoles,Si,Si,2.0,7.0,209000,1,31000.0,209000.0
P00226,Pop internacional,1412086,3300,Teatro,Campo,43000,49500,5,Domingo,Si,No,1.0,1.0,77000,1,12000.0,77000.0
P00633,Cumbia,33866271,45000,Estadio,Platea Baja,76000,91500,27,Jueves,Si,Si,2.0,8.0,148000,1,22000.0,148000.0
P00217,Trap,920026,3300,Teatro,Campo,46000,55500,2,Domingo,Si,No,4.0,4.0,52000,1,8000.0,52000.0
P01054,Cumbia,1131715,8400,Arena,Campo,48000,57300,23,Viernes,Si,Si,2.0,6.0,94000,1,14000.0,94000.0
P00838,Rock nacional,140801,1100,Club,Palco,102000,120400,1,Domingo,No,Si,1.0,3.0,77000,1,12000.0,77000.0
P00181,Pop internacional,2392120,15000,Arena,PALCO,163000,195000,40,Viernes,No,Si,2.0,8.0,239000,1,36000.0,239000.0
P00919,Rock nacional,7238438,8400,Arena,Palco,131000,155000,7,Jueves,Si,Si,1.0,1.0,331000,1,50000.0,331000.0
P00746,Indie,4501893,8400,Arena,Campo,57000,67700,27,Viernes,No,Si,2.0,1.0,88000,1,13000.0,88000.0
P00902,Electronica,60000000,84000,Estadio,Platea Baja,79000,98400,26,Viernes,No,No,2.0,2.0,155000,1,23000.0,155000.0
P01334,Rock nacional,6872021,15000,Arena,Campo,55000,63900,8,Lunes,No,Si,2.0,6.0,103000,1,15000.0,103000.0
P00678,Cumbia,2569584,5000,Arena,Campo,42000,48700,3,Viernes,Si,Si,1.0,2.0,61000,1,9000.0,61000.0
P00639,Rock nacional,159791,1500,Club,PLATEA BAJA,53000,65600,11,Sabado,No,No,1.0,2.0,100000,1,15000.0,100000.0
P00045,Pop internacional,250648,1500,Club,platea baja,48000,59200,31,Viernes,No,Si,2.0,7.0,66000,1,10000.0,66000.0
P00265,Trap,3269672,15000,Arena,PLATEA BAJA,59000,70100,31,Jueves,Si,No,2.0,6.0,115000,1,17000.0,115000.0
P01089,Rock nacional,173817,1500,Club,PLATEA BAJA,50000,59900,3,Jueves,Si,Si,2.0,3.0,74000,1,11000.0,74000.0
P01352,Indie,401514,3300,Teatro,Campo,46000,55500,12,Viernes,No,Si,2.0,6.0,88000,1,13000.0,88000.0
P01239,Cumbia,1194099,5000,Arena,platea baja,55000,68500,22,Sabado,No,Si,3.0,2.0,64000,1,10000.0,64000.0
P01365,Cumbia,3853386,15000,Arena,CAMPO,54000,67100,3,Domingo,No,Si,1.0,1.0,71000,1,11000.0,71000.0
P00897,Indie,59704884,84000,Estadio,General,33000,38800,22,Viernes,Si,Si,2.0,1.0,85000,1,13000.0,85000.0
P00851,Pop internacional,2229356,8400,Arena,Platea Baja,62000,76900,23,Sabado,No,Si,2.0,6.0,124000,1,19000.0,124000.0
P00095,Rock nacional,9424432,15000,Arena,Palco,141000,169600,36,Lunes,No,No,4.0,2.0,181000,1,27000.0,181000.0
P00176,Trap,185914,1100,Club,Platea Alta,33000,39200,10,Viernes,Si,Si,2.0,7.0,65000,1,10000.0,65000.0
P00399,Trap,418301,8400,Arena,General,28000,34900,37,Jueves,No,Si,2.0,,34000,1,5000.0,34000.0
P01197,Trap,384870,5000,Arena,Campo,52000,62800,15,Miercoles,Si,Si,2.0,2.0,116000,1,17000.0,116000.0
P00333,Rock nacional,1144078,5000,Arena,General,28000,33200,1,Viernes,Si,Si,1.0,6.0,30000,1,4000.0,30000.0
P01057,Rock nacional,9836425,15000,Arena,Platea Baja,61000,70700,12,Lunes,Si,Si,2.0,8.0,158000,1,24000.0,158000.0
P00032,Indie,15281108,45000,Estadio,Campo,65000,78000,17,Jueves,Si,Si,1.0,5.0,164000,1,25000.0,164000.0
P00745,Indie,2739410,15000,Arena,Platea Alta,42000,51900,2,Sabado,No,No,1.0,5.0,45000,1,7000.0,45000.0
P01260,Cumbia,6265395,8400,Arena,General,27000,32800,25,Sabado,Si,Si,1.0,2.0,60000,1,9000.0,60000.0
P00375,Cumbia,60000000,84000,Estadio,platea baja,68000,78300,24,Viernes,No,Si,1.0,3.0,101000,1,15000.0,101000.0
P00409,Trap,74610,1100,Club,Platea Baja,46000,54500,0,Domingo,No,No,2.0,7.0,33000,1,5000.0,33000.0
P00686,Cumbia,17034505,25000,Estadio,Campo,53000,65300,25,Viernes,No,Si,1.0,,81000,1,12000.0,81000.0
P00419,Trap,211235,1100,Club,Campo,33000,39300,25,Sabado,Si,Si,1.0,4.0,58000,1,9000.0,58000.0
P00145,Rock nacional,60000000,84000,Estadio,General,36000,42700,6,Sabado,No,Si,2.0,4.0,65000,1,10000.0,65000.0
P00266,Pop internacional,100291,1500,Club,campo,37000,44600,32,Domingo,No,Si,1.0,2.0,58000,1,9000.0,58000.0
P00987,Trap,97787,1500,Club,Platea Alta,35000,41300,16,Miercoles,No,Si,3.0,7.0,49000,1,7000.0,49000.0
P00015,Pop internacional,3769221,8400,Arena,GENERAL,26000,31800,26,Viernes,Si,Si,4.0,2.0,46000,1,7000.0,46000.0
P01119,Trap,1663141,8400,Arena,Platea Baja,63000,78700,0,Viernes,No,Si,2.0,7.0,59000,1,9000.0,59000.0
P00529,Cumbia,1410125,3300,Teatro,Pl. Alta,35000,43500,8,Domingo,Si,Si,2.0,8.0,50000,1,8000.0,50000.0
P00392,Trap,1486778,3300,Teatro,General,24000,28800,29,Domingo,No,Si,2.0,8.0,46000,1,7000.0,46000.0
P00854,Cumbia,522218,3300,Teatro,Platea Alta,38000,46400,34,Viernes,No,Si,2.0,8.0,50000,1,8000.0,50000.0
P00730,Rock nacional,2715910,8400,Arena,Palco,155000,182700,17,Martes,No,Si,1.0,4.0,323000,1,48000.0,323000.0
P00802,Pop internacional,5768023,15000,Arena,PLATEA ALTA,45000,56200,37,Viernes,Si,Si,1.0,3.0,73000,1,11000.0,73000.0
P00079,Indie,165563,1100,Club,Platea Baja,48000,58000,18,Jueves,No,Si,4.0,4.0,52000,1,8000.0,52000.0
P00604,Electronica,1320199,5000,Arena,General,27000,31200,3,Jueves,No,No,2.0,4.0,36000,1,5000.0,36000.0
P00388,Pop internacional,25402803,45000,Estadio,Platea Baja,69000,81000,3,Domingo,No,Si,2.0,2.0,68000,1,10000.0,68000.0
P00184,Indie,60000000,84000,Estadio,Palco,155000,191300,2,Jueves,Si,Si,2.0,8.0,221000,1,33000.0,221000.0
P00836,Rock nacional,95649,1100,Club,Campo,39000,48500,26,Sabado,No,Si,1.0,4.0,65000,1,10000.0,65000.0
P00191,Cumbia,80937,1500,Club,Campo,41000,49000,19,Viernes,No,No,2.0,7.0,64000,1,10000.0,64000.0
P00365,Trap,15586000,84000,Estadio,Platea Baja,68000,82600,0,Viernes,No,No,2.0,4.0,66000,1,10000.0,66000.0
P00869,Pop internacional,148788,1100,Club,GENERAL,22000,25400,0,Sabado,No,Si,2.0,6.0,16000,1,2000.0,16000.0
P01160,Cumbia,1142355,5000,Arena,Palco,155000,178400,10,Jueves,No,Si,1.0,4.0,290000,1,44000.0,290000.0
P00246,Indie,103829,1100,Club,Campo,36000,42600,11,Viernes,Si,Si,3.0,5.0,72000,1,11000.0,72000.0
P00882,Trap,3761963,15000,Arena,Platea Alta,44000,52300,16,Sabado,No,Si,4.0,6.0,92000,1,14000.0,92000.0
P00275,Indie,899976,5000,Arena,Pl. Baja,65000,79000,11,Viernes,No,No,1.0,1.0,117000,1,18000.0,117000.0
P00148,Electronica,538311,3300,Teatro,Campo,45000,52700,1,Martes,No,Si,2.0,2.0,36000,1,5000.0,36000.0
P01130,Rock nacional,3487625,8400,Arena,Campo,44000,52000,15,Sabado,No,No,4.0,3.0,71000,1,11000.0,71000.0
P00295,Pop internacional,7525871,15000,Arena,Platea Baja,62000,73100,19,Jueves,Si,No,1.0,2.0,131000,1,20000.0,131000.0
P00325,Rock nacional,927160,8400,Arena,Campo,44000,54300,1,Domingo,Si,Si,3.0,3.0,59000,1,9000.0,59000.0
P00771,Rock nacional,13034945,45000,Estadio,General,32000,37800,10,Domingo,No,Si,2.0,4.0,75000,1,11000.0,75000.0
P00800,Indie,511114,3300,Teatro,Campo,44000,52100,18,Sabado,No,Si,1.0,8.0,45000000,1,6750000.0,45000000.0
P00540,Pop internacional,1214945,8400,Arena,PLATEA BAJA,58000,67000,28,Sabado,No,Si,1.0,3.0,91000,1,14000.0,91000.0
P00677,Trap,422610,3300,Teatro,Campo,42000,52400,19,Lunes,No,Si,2.0,2.0,80000,1,12000.0,80000.0
P01135,Cumbia,60000000,84000,Estadio,platea baja,70000,86700,18,Martes,Si,No,1.0,7.0,111000,1,17000.0,111000.0
P00901,Rock nacional,3512332,15000,Arena,Campo,54000,63600,3,Sabado,Si,No,3.0,6.0,103000,1,15000.0,103000.0
P00769,Trap,158159,1100,Club,campo,38000,45700,21,Domingo,No,Si,4.0,1.0,56000,1,8000.0,56000.0
P00006,Rock nacional,18391788,25000,Estadio,Campo,64000,77400,9,Martes,Si,Si,3.0,3.0,122000,1,18000.0,122000.0
P00975,Indie,2943492,8400,Arena,Platea Baja,55000,66300,1,Viernes,No,Si,2.0,5.0,44000,1,7000.0,44000.0
P01169,Pop internacional,434902,1100,Club,Platea Alta,30000,35500,10,Lunes,No,Si,2.0,4.0,43000,1,6000.0,43000.0
P00104,Indie,1334094,5000,Arena,General,28000,33000,5,Lunes,Si,Si,4.0,8.0,49000,1,7000.0,49000.0
P00211,Electronica,304118,1500,Club,Platea Baja,49000,56600,5,Domingo,Si,Si,1.0,7.0,91000,1,14000.0,91000.0
P00042,Rock nacional,217520,3300,Teatro,Campo,45000,54600,48,Viernes,No,Si,2.0,4.0,66000,1,10000.0,66000.0
P00378,Electronica,683255,3300,Teatro,Campo,44000,54300,25,Domingo,No,No,1.0,7.0,62000,1,9000.0,62000.0
P01279,Pop internacional,52714,1100,Club,Platea Baja,48000,56000,16,Viernes,Si,Si,2.0,3.0,101000,1,15000.0,101000.0
P00147,Indie,50000,1100,Club,Platea Baja,42000,52200,17,Viernes,No,No,2.0,1.0,56000,1,8000.0,56000.0
P01111,Rock nacional,20374346,45000,Estadio,General,31000,36800,6,Sabado,No,Si,2.0,8.0,59000,1,9000.0,59000.0
P01090,Rock nacional,4898452,15000,Arena,Campo,56000,65600,60,Miercoles,Si,No,2.0,1.0,74000,1,11000.0,74000.0
P00206,Pop internacional,13872547,25000,Estadio,Platea Baja,63000,74600,26,Jueves,Si,Si,2.0,1.0,172000,1,26000.0,172000.0
P01069,Trap,116936,1100,Club,Pl. Baja,45000,55800,42,Martes,No,Si,,5.0,51000,1,8000.0,51000.0
P00028,Electronica,1143550,8400,Arena,Campo,48000,55600,18,Viernes,No,Si,6.0,6.0,82000,1,12000.0,82000.0
P01105,Cumbia,3439183,15000,Arena,Platea Baja,71000,85600,5,Domingo,Si,Si,2.0,5.0,112000,1,17000.0,112000.0
P01138,Indie,9954007,15000,Arena,Platea Baja,70000,82500,16,Miercoles,Si,Si,3.0,5.0,162000,1,24000.0,162000.0
P00205,Rock nacional,13954289,25000,Estadio,PLATEA BAJA,65000,78700,20,Viernes,No,No,2.0,2.0,121000,1,18000.0,121000.0
P00671,Rock nacional,49892537,84000,Estadio,Pl. Alta,50000,60200,24,Viernes,No,No,2.0,8.0,93000,1,14000.0,93000.0
P00625,Pop internacional,6997679,15000,Arena,Platea Baja,69000,85300,15,Sabado,No,No,2.0,7.0,124000,1,19000.0,124000.0
P00412,Pop internacional,10785908,45000,Estadio,Platea Alta,50000,57600,25,Viernes,No,No,2.0,7.0,102000,1,15000.0,102000.0
P00741,Trap,32892460,25000,Estadio,Platea Alta,44000,50800,19,Miercoles,Si,Si,1.0,1.0,116000,1,17000.0,116000.0
P01033,Rock nacional,50000,1100,Club,Campo,39000,46300,35,Domingo,No,Si,6.0,4.0,41000,1,6000.0,41000.0
P00074,Rock nacional,60000000,84000,Estadio,Campo,58000,67300,11,Miercoles,Si,No,2.0,4.0,158000,1,24000.0,158000.0
P01143,Cumbia,42289440,45000,Estadio,Campo,64000,78400,59,Martes,Si,No,2.0,3.0,71000,1,11000.0,71000.0
P00999,Electronica,940820,3300,Teatro,Platea Baja,59000,73700,8,Sabado,Si,Si,2.0,8.0,125000,1,19000.0,125000.0
P00207,Trap,359765,1100,Club,Campo,32000,39400,41,Viernes,No,Si,2.0,6.0,42000,1,6000.0,42000.0
P00868,Trap,156854,1500,Club,Platea Baja,46000,54600,14,Jueves,No,No,2.0,3.0,92000,1,14000.0,92000.0
N00001,Rock nacional,4335419,15000,Arena,Campo,54000,64200,3,Sabado,No,No,1.0,8.0,87000,0,,
N00002,Rock nacional,5484212,15000,Arena,Platea Baja,63000,73200,28,Domingo,No,Si,1.0,6.0,111000,0,,
N00003,Cumbia,80937,1500,Club,Campo,41000,49000,19,Jueves,No,No,2.0,1.0,131000,0,,
N00004,Indie,1880674,5000,Arena,Pl. Baja,55000,65800,2,Viernes,No,Si,2.0,7.0,125000,0,,
N00005,Trap,3478573,8400,Arena,Platea Alta,41000,49100,14,Jueves,No,Si,1.0,4.0,70000,0,,
N00006,Pop internacional,1637471,1500,Club,Platea Baja,46000,54400,3,Sabado,No,Si,6.0,6.0,70000,0,,
N00007,Cumbia,518129,3300,Teatro,Platea Alta,39000,47100,7,Sabado,No,Si,2.0,4.0,107000,0,,
N00008,Pop internacional,185338,1500,Club,Platea Baja,49000,59800,34,Sabado,No,Si,3.0,5.0,74000,0,,
N00009,Trap,87606,1100,Club,Platea Alta,31000,38100,3,Domingo,No,Si,4.0,5.0,54000,0,,
N00010,Trap,13654892,15000,Arena,General,31000,38700,2,Domingo,Si,Si,2.0,5.0,56000,0,,
N00011,Pop internacional,149285,1500,Club,Platea Baja,45000,53100,7,Domingo,No,Si,2.0,8.0,79000,0,,
N00012,Rock nacional,859015,3300,Teatro,General,25000,30400,8,Viernes,Si,Si,2.0,8.0,160000,0,,
N00013,Trap,391647,5000,Arena,Campo,45000,54000,1,Martes,No,Si,2.0,5.0,48000,0,,
N00014,Cumbia,54573833,45000,Estadio,Platea Alta,55000,68500,22,Viernes,No,No,1.0,8.0,117000,0,,
N00015,Pop internacional,16454108,25000,Estadio,Platea Baja,68000,80600,15,Jueves,No,Si,1.0,3.0,184000,0,,
N00016,Trap,643853,3300,Teatro,Platea Baja,61000,73000,21,Jueves,No,Si,2.0,5.0,153000,0,,
N00017,Indie,113296,1500,Club,General,24000,28000,3,Sabado,Si,Si,2.0,6.0,63000,0,,
N00018,Rock nacional,5484212,15000,Arena,Platea Baja,63000,73200,28,Viernes,No,Si,1.0,1.0,135000,0,,
N00019,Rock nacional,2137551,15000,Arena,Platea Baja,64000,77500,8,Viernes,No,No,2.0,1.0,203000,0,,
N00020,Trap,2364666,15000,Arena,Platea Alta,38000,46600,19,Jueves,No,Si,4.0,4.0,124000,0,,
N00021,Pop internacional,60000000,84000,Estadio,Campo,61000,74600,19,Jueves,No,No,2.0,7.0,176000,0,,
N00022,Trap,1663141,8400,Arena,Platea Baja,63000,78700,0,Jueves,No,Si,2.0,1.0,61000,0,,
N00023,Cumbia,788401,3300,Teatro,Platea Baja,58000,71800,0,Viernes,No,No,3.0,1.0,87000,0,,
N00024,Indie,9954007,15000,Arena,Platea Baja,70000,82500,16,Viernes,Si,Si,3.0,6.0,171000,0,,
N00025,Rock nacional,111161,1100,Club,Platea Alta,28000,33900,29,Viernes,No,Si,2.0,8.0,61000,0,,
N00026,Cumbia,45411231,84000,Estadio,General,36000,43700,11,Sabado,Si,Si,1.0,4.0,133000,0,,
N00027,Pop internacional,65100,1500,Club,Platea Baja,47000,55500,35,Sabado,No,No,2.0,6.0,74000,0,,
N00028,Trap,50000,1100,Club,Platea Baja,46000,55000,2,Viernes,No,No,4.0,8.0,71000,0,,
N00029,Cumbia,10561428,15000,Arena,Platea Alta,45000,52600,36,Martes,No,Si,4.0,5.0,92000,0,,
N00030,Electronica,5960699,15000,Arena,General,30000,35800,3,Sabado,No,Si,2.0,4.0,44000,0,,
N00031,Indie,50000,1100,Club,Platea Baja,42000,52200,17,Viernes,No,No,2.0,3.0,92000,0,,
N00032,Pop internacional,11307165,15000,Arena,Platea Alta,46000,55500,49,Lunes,Si,Si,2.0,4.0,128000,0,,
N00033,Indie,53841825,84000,Estadio,Platea Alta,56000,68000,1,Sabado,No,No,1.0,3.0,78000,0,,
N00034,Indie,18294931,45000,Estadio,Platea Baja,75000,88800,15,Miercoles,No,Si,2.0,6.0,145000,0,,
N00035,Rock nacional,2113278,8400,Arena,CAMPO,47000,58300,19,Sabado,Si,Si,1.0,3.0,209000,0,,
N00036,Electronica,657948,3300,Teatro,General,25000,29700,8,Miercoles,No,Si,1.0,8.0,51000,0,,
N00037,Pop internacional,86850,1100,Club,General,20000,23800,21,Jueves,No,No,1.0,2.0,34000,0,,
N00038,Pop internacional,198127,1100,Club,Platea Alta,33000,38300,8,Jueves,No,No,1.0,6.0,71000,0,,
N00039,Pop internacional,349760,1500,Club,Platea Alta,32000,38000,25,Domingo,No,Si,1.0,1.0,94000,0,,
N00040,Indie,362952,1500,Club,Platea Alta,34000,41200,11,Lunes,No,No,2.0,1.0,76000,0,,
N00041,Trap,3745514,15000,Arena,Campo,59000,73500,5,Sabado,No,Si,3.0,5.0,201000,0,,
N00042,Electronica,7169668,15000,Arena,Platea Baja,57000,69600,24,Domingo,No,Si,4.0,5.0,97000,0,,
N00043,Rock nacional,89898,1500,Club,Platea Baja,53000,65300,3,Lunes,Si,Si,2.0,4.0,154000,0,,
N00044,Cumbia,219581,1500,Club,Palco,113000,134300,21,Sabado,No,Si,1.0,2.0,169000,0,,
N00045,Rock nacional,2700127,8400,Arena,Campo,51000,60200,5,Sabado,No,Si,2.0,3.0,95000,0,,
N00046,Pop internacional,299043,3300,Teatro,Palco,138000,162400,24,Viernes,No,Si,1.0,7.0,253000,0,,
N00047,Trap,843108,3300,Teatro,Campo,46000,53900,8,Sabado,No,Si,2.0,1.0,120000,0,,
N00048,Cumbia,62192,1500,Club,PLATEA ALTA,31000,37300,29,Jueves,No,No,2.0,4.0,95000,0,,
N00049,Indie,14727968,45000,Estadio,General,35000,43700,60,Viernes,No,No,3.0,1.0,48000,0,,
N00050,Trap,1486778,3300,Teatro,General,24000,28800,29,Viernes,No,Si,2.0,1.0,33000,0,,
N00051,Trap,62476,1100,Club,General,20000,23500,11,Lunes,No,No,2.0,3.0,79000,0,,
N00052,Rock nacional,19577005,45000,Estadio,PLATEA BAJA,73000,90700,11,Viernes,No,Si,6.0,5.0,165000,0,,
N00053,Trap,784981,8400,Arena,Platea Alta,41000,49300,0,Domingo,No,Si,2.0,7.0,54000,0,,
N00054,Rock nacional,62806,1500,Club,Palco,110000,127700,10,Martes,No,Si,3.0,2.0,371000,0,,
N00055,Pop internacional,140612,1100,Club,General,21000,24600,43,Domingo,Si,Si,2.0,3.0,69000,0,,
N00056,Rock nacional,7259440,25000,Estadio,Campo,57000,65900,14,Viernes,Si,Si,2.0,4.0,276000,0,,
N00057,Rock nacional,36972430,45000,Estadio,Campo,54000,65600,4,Martes,No,No,3.0,4.0,79000,0,,
N00058,Pop internacional,60000000,45000,Estadio,campo,58000,68900,14,Sabado,No,No,6.0,4.0,128000,0,,
N00059,Trap,497365,8400,Arena,Palco,138000,165000,2,Sabado,No,Si,3.0,7.0,254000,0,,
N00060,Cumbia,963245,5000,Arena,Platea Alta,32000,38500,7,Sabado,No,Si,1.0,3.0,97000,0,,
N00061,Pop internacional,11307165,15000,Arena,Platea Alta,46000,55500,49,Jueves,Si,Si,2.0,6.0,106000,0,,
N00062,Rock nacional,674445,5000,Arena,Campo,42000,49300,13,Viernes,No,Si,4.0,7.0,125000,0,,
N00063,Cumbia,50000,1100,Club,GENERAL,19000,23100,25,Sabado,No,Si,6.0,8.0,47000,0,,
N00064,Cumbia,60000000,84000,Estadio,General,34000,40300,13,Miercoles,Si,No,3.0,5.0,181000,0,,
N00065,Rock nacional,5085053,15000,Arena,Campo,59000,70800,33,Viernes,No,Si,2.0,2.0,93000,0,,
N00066,Trap,14300317,25000,Estadio,Platea Alta,45000,54900,23,Sabado,Si,No,3.0,1.0,195000,0,,
N00067,Rock nacional,74934,1100,Club,General,21000,25900,8,Lunes,No,No,1.0,4.0,67000,0,,
N00068,Trap,630460,5000,Arena,General,29000,33400,14,Miercoles,No,Si,1.0,7.0,64000,0,,
N00069,Indie,2506910,8400,Arena,General,31000,37800,18,Lunes,No,Si,2.0,6.0,79000,0,,
N00070,Rock nacional,270834,3300,Teatro,Platea Baja,51000,63300,16,Martes,No,Si,1.0,4.0,205000,0,,
N00071,Trap,359765,1100,Club,Campo,32000,39400,41,Martes,No,Si,2.0,3.0,118000,0,,
N00072,Indie,2598528,15000,Arena,General,29000,35600,60,Viernes,No,Si,2.0,5.0,54000,0,,
N00073,Indie,76806,1500,Club,Palco,116000,137400,17,Viernes,No,Si,3.0,6.0,339000,0,,
N00074,Trap,15984206,25000,Estadio,General,34000,39500,29,Domingo,No,Si,2.0,5.0,77000,0,,
N00075,Pop internacional,50000,1100,Club,campo,34000,40300,0,Jueves,No,Si,2.0,8.0,40000,0,,
N00076,Trap,1854125,15000,Arena,CAMPO,56000,68900,6,Sabado,No,Si,2.0,5.0,154000,0,,
N00077,Trap,13858780,45000,Estadio,Campo,58000,69100,33,Domingo,No,Si,1.0,7.0,102000,0,,
N00078,Pop internacional,337196,5000,Arena,campo,38000,47000,1,Sabado,No,Si,2.0,2.0,49000,0,,
N00079,Trap,489328,3300,Teatro,Platea Baja,50000,58300,30,Viernes,No,No,2.0,6.0,137000,0,,
N00080,Cumbia,264301,3300,Teatro,Palco,134000,164900,31,Sabado,No,Si,1.0,6.0,309000,0,,
N00081,Rock nacional,8114493,45000,Estadio,Platea Alta,45000,52700,9,Jueves,No,No,2.0,8.0,110000,0,,
N00082,Trap,192811,1500,Club,Campo,37000,45700,28,Miercoles,Si,No,1.0,6.0,78000,0,,
N00083,Trap,17390757,45000,Estadio,Platea Baja,69000,82100,2,Sabado,No,No,2.0,3.0,105000,0,,
N00084,Cumbia,429640,3300,Teatro,Palco,116000,137000,20,Miercoles,No,Si,2.0,4.0,302000,0,,
N00085,Rock nacional,10518424,25000,Estadio,Platea Baja,69000,83100,4,Miercoles,No,Si,2.0,1.0,179000,0,,
N00086,Trap,100656,1100,Club,Platea Alta,26000,32100,13,Sabado,No,No,2.0,7.0,66000,0,,
N00087,Trap,2366825,8400,Arena,Campo,53000,65700,0,Viernes,No,Si,2.0,7.0,69000,0,,
N00088,Indie,1559863,15000,Arena,Platea Alta,45000,54200,6,Viernes,No,No,1.0,6.0,130000,0,,
N00089,Rock nacional,28996898,84000,Estadio,Palco,178000,213800,26,Sabado,No,No,1.0,4.0,477000,0,,
N00090,Cumbia,10641898,25000,Estadio,Platea Alta,42000,52100,999,Jueves,No,No,2.0,2.0,43000,0,,
N00091,Trap,10705212,45000,Estadio,Platea Alta,51000,62300,33,Viernes,No,Si,2.0,2.0,143000,0,,
N00092,Trap,2441061,8400,Arena,platea alta,36000,43000,21,Sabado,No,Si,1.0,4.0,86000,0,,
N00093,Trap,6042563,45000,Estadio,Campo,63000,74500,11,Viernes,No,No,1.0,8.0,167000,0,,
N00094,Rock nacional,441999,3300,Teatro,Platea Baja,55000,63500,12,Sabado,No,No,2.0,8.0,194000,0,,
N00095,Rock nacional,105787,1500,Club,Palco,126000,156000,35,Viernes,No,Si,1.0,2.0,256000,0,,
N00096,Rock nacional,33776247,45000,Estadio,palco,181000,208300,5,Miercoles,Si,No,2.0,3.0,493000,0,,
N00097,Trap,60000000,84000,Estadio,Platea Alta,56000,65000,22,Viernes,No,Si,1.0,4.0,103000,0,,
N00098,Rock nacional,8549965,25000,Estadio,palco,140000,171800,3,Viernes,No,Si,2.0,8.0,225000,0,,
N00099,Rock nacional,1749944,8400,Arena,Campo,53000,62000,30,Miercoles,Si,Si,2.0,8.0,124000,0,,
N00100,Rock nacional,4529682,25000,Estadio,Campo,60000,73400,6,Sabado,Si,No,2.0,8.0,369000,0,,
N00101,Trap,238815,3300,Teatro,Campo,37000,42900,16,Lunes,No,No,6.0,4.0,91000,0,,
N00102,Pop internacional,1066134,8400,Arena,Campo,47000,54300,8,Martes,No,No,2.0,2.0,136000,0,,
N00103,Trap,229994,1500,Club,Campo,33000,40900,31,Sabado,No,Si,2.0,2.0,90000,0,,
N00104,Trap,10499465,84000,Estadio,Platea Alta,48000,59900,29,Viernes,No,Si,2.0,2.0,120000,0,,
N00105,Rock nacional,50599257,84000,Estadio,General,37000,43100,5,Viernes,Si,Si,,6.0,127000,0,,
N00106,Pop internacional,9286892,15000,Arena,palco,148000,171400,12,Viernes,Si,Si,3.0,6.0,601000,0,,
N00107,Pop internacional,298488,3300,Teatro,Campo,42000,50700,2,Domingo,No,Si,3.0,2.0,70000,0,,
N00108,Pop internacional,494400,3300,Teatro,General,23000,27100,22,Jueves,No,No,1.0,8.0,52000,0,,
N00109,Pop internacional,4148960,25000,Estadio,Platea Baja,57000,69600,2,Jueves,Si,Si,1.0,1.0,73000,0,,
N00110,Electronica,248688,3300,Teatro,Platea Alta,35000,40800,14,Sabado,No,Si,2.0,3.0,100000,0,,
N00111,Indie,236803,1100,Club,General,23000,28300,12,Jueves,No,Si,2.0,1.0,74000,0,,
N00112,Rock nacional,1916516,8400,Arena,Platea Alta,42000,50400,13,Sabado,Si,Si,2.0,3.0,299000,0,,
N00113,Cumbia,54573833,45000,Estadio,Platea Alta,55000,68500,22,Sabado,No,No,1.0,2.0,184000,0,,
N00114,Pop internacional,2377571,8400,Arena,Platea Baja,65000,79200,11,Jueves,No,No,1.0,7.0,125000,0,,
N00115,Rock nacional,3280449,15000,Arena,Platea Alta,47000,55500,30,Miercoles,No,Si,1.0,1.0,137000,0,,
N00116,Trap,100656,1100,Club,Platea Alta,26000,32100,13,Sabado,No,No,2.0,4.0,103000,0,,
N00117,Rock nacional,548219,8400,Arena,Campo,50000,58300,1,Domingo,No,Si,1.0,5.0,71000,0,,
N00118,Indie,3721119,15000,Arena,Platea Alta,46000,55700,25,Miercoles,No,Si,3.0,7.0,200000,0,,
N00119,Trap,353530,3300,Teatro,Platea Baja,56000,64900,23,Viernes,Si,Si,2.0,5.0,143000,0,,
N00120,Electronica,2004397,5000,Arena,General,24000,29100,30,Jueves,No,No,2.0,4.0,52000,0,,
N00121,Electronica,2523471,15000,Arena,GENERAL,24000,27600,21,Viernes,Si,No,2.0,2.0,92000,0,,
N00122,Rock nacional,121368,1100,Club,Platea Alta,32000,38000,0,Jueves,No,No,1.0,4.0,38000,0,,
N00123,Rock nacional,104156,1100,Club,Palco,108000,130300,37,Sabado,Si,Si,1.0,7.0,234000,0,,
N00124,Rock nacional,114648,1100,Club,platea baja,53000,61100,35,Viernes,No,Si,1.0,3.0,144000,0,,
N00125,Trap,6150980,8400,Arena,General,26000,31100,7,Miercoles,Si,No,2.0,8.0,104000,0,,
N00126,Rock nacional,60000000,45000,Estadio,Campo,55000,68600,0,Viernes,No,Si,2.0,8.0,75000,0,,
N00127,Indie,2422876,15000,Arena,Platea Baja,62000,76900,5,Viernes,No,Si,3.0,4.0,135000,0,,
N00128,Cumbia,532866,5000,Arena,Campo,44000,55000,9,Sabado,No,Si,4.0,7.0,71000,0,,
N00129,Rock nacional,1755866,5000,Arena,Platea Alta,35000,43100,6,Viernes,Si,No,4.0,2.0,95000,0,,
N00130,Pop internacional,6251702,25000,Estadio,Platea Alta,47000,58200,4,Domingo,No,No,2.0,4.0,102000,0,,
N00131,Pop internacional,550072,5000,Arena,General,26000,31100,3,Sabado,No,Si,1.0,5.0,40000,0,,
N00132,Indie,19449897,25000,Estadio,Campo,55000,63600,41,Lunes,No,No,1.0,4.0,104000,0,,
N00133,Rock nacional,52640618,45000,Estadio,Platea Alta,49000,57100,4,Miercoles,No,Si,1.0,5.0,158000,0,,
N00134,Cumbia,201971,1100,Club,Platea Baja,46000,55100,6,Martes,No,Si,3.0,3.0,84000,0,,
N00135,Electronica,20294434,45000,Estadio,Platea Baja,66000,77300,45,Jueves,No,Si,2.0,6.0,153000,0,,
N00136,Indie,14727968,45000,Estadio,General,35000,43700,60,Viernes,No,No,3.0,8.0,89000,0,,
N00137,Electronica,6892469,15000,Arena,General,31000,35800,2,Viernes,Si,Si,3.0,1.0,63000,0,,
N00138,Pop internacional,399513,5000,Arena,Platea Baja,53000,65200,16,Jueves,Si,Si,3.0,5.0,269000,0,,
N00139,Pop internacional,198127,1100,Club,Platea Alta,33000,38300,8,Jueves,No,No,1.0,3.0,74000,0,,
N00140,Cumbia,129464,1100,Club,Platea Alta,27000,32600,12,Sabado,No,Si,1.0,8.0,80000,0,,
N00141,Trap,205246,1500,Club,campo,41000,48000,20,Sabado,No,No,1.0,8.0,107000,0,,
N00142,Electronica,13524139,25000,Estadio,Campo,48000,58600,25,Miercoles,No,Si,2.0,5.0,130000,0,,
N00143,Trap,715056,3300,Teatro,Campo,43000,51500,44,Jueves,No,Si,1.0,7.0,124000,0,,
N00144,Pop internacional,2806360,5000,Arena,Campo,46000,53600,17,Viernes,No,No,2.0,5.0,112000,0,,
N00145,Cumbia,264301,3300,Teatro,Palco,134000,164900,31,Viernes,No,Si,1.0,7.0,237000,0,,
N00146,Trap,62476,1100,Club,General,20000,23500,11,Martes,No,No,2.0,4.0,52000,0,,
N00147,Trap,1178316,3300,Teatro,General,22000,25700,22,Viernes,Si,Si,4.0,7.0,78000,0,,
N00148,Electronica,118352,1500,Club,Pl. Alta,33000,40200,19,Viernes,No,Si,2.0,5.0,115000,0,,
N00149,Rock nacional,3475841,8400,Arena,Campo,46000,54700,3,Sabado,No,Si,2.0,1.0,101000,0,,
N00150,Rock nacional,195530,1100,Club,campo,41000,50200,4,Miercoles,Si,Si,1.0,2.0,76000,0,,
N00151,Rock nacional,195530,1100,Club,campo,41000,50200,4,Viernes,Si,Si,1.0,6.0,134000,0,,
N00152,Pop internacional,172992,1500,Club,Campo,38000,44700,13,Jueves,No,Si,1.0,5.0,103000,0,,
N00153,Cumbia,10309698,15000,Arena,GENERAL,31000,38300,5,Viernes,No,No,2.0,6.0,73000,0,,
N00154,Rock nacional,7704645,15000,Arena,general,28000,34000,31,Viernes,No,Si,1.0,7.0,59000,0,,
N00155,Cumbia,12126484,45000,Estadio,Campo,62000,74600,20,Miercoles,No,No,2.0,3.0,237000,0,,
N00156,Trap,10705212,45000,Estadio,Platea Alta,51000,62300,33,Sabado,No,Si,2.0,3.0,131000,0,,
N00157,Electronica,109470,1500,Club,Campo,40000,47100,32,Lunes,No,Si,2.0,4.0,76000,0,,
N00158,Rock nacional,1167786,5000,Arena,Campo,41000,50300,31,Viernes,No,Si,2.0,1.0,109000,0,,
N00159,Indie,490087,1500,Club,Campo,40000,48300,8,Domingo,No,No,1.0,7.0,128000,0,,
N00160,Indie,5454845,15000,Arena,Pl. Alta,40000,46300,43,Domingo,Si,Si,2.0,2.0,112000,0,,
N00161,Cumbia,119296,1100,Club,CAMPO,35000,43300,2,Miercoles,Si,No,3.0,6.0,89000,0,,
N00162,Trap,8930377,25000,Estadio,palco,169000,199300,18,Miercoles,No,No,2.0,6.0,395000,0,,
N00163,Indie,12574443,25000,Estadio,General,29000,34000,13,Viernes,No,No,1.0,8.0,88000,0,,
N00164,Pop internacional,9286892,15000,Arena,palco,148000,171400,12,Domingo,Si,Si,3.0,5.0,483000,0,,
N00165,Trap,1879245,5000,Arena,Platea Alta,44000,53800,16,Domingo,No,Si,2.0,5.0,130000,0,,
N00166,Rock nacional,5078814,15000,Arena,Platea Alta,42000,49900,24,Sabado,No,Si,2.0,3.0,98000,0,,
N00167,Indie,2506910,8400,Arena,General,31000,37800,18,Viernes,No,Si,2.0,1.0,97000,0,,
N00168,Pop internacional,140612,1100,Club,General,21000,24600,43,Sabado,Si,Si,2.0,2.0,53000,0,,
N00169,Rock nacional,1047485,3300,Teatro,General,23000,28100,21,Miercoles,No,Si,1.0,1.0,45000,0,,
N00170,Rock nacional,1758416,8400,Arena,Platea Alta,43000,52400,3,Lunes,No,No,2.0,3.0,102000,0,,
N00171,Pop internacional,1232371,8400,Arena,Campo,53000,63800,10,Sabado,No,Si,1.0,2.0,112000,0,,
N00172,Trap,62476,1100,Club,General,20000,23500,11,Miercoles,No,No,2.0,7.0,43000,0,,
N00173,Trap,3269672,15000,Arena,PLATEA BAJA,59000,70100,31,Sabado,Si,No,2.0,7.0,201000,0,,
N00174,Rock nacional,441999,3300,Teatro,Platea Baja,55000,63500,12,Sabado,No,No,2.0,7.0,214000,0,,
N00175,Electronica,1039328,8400,Arena,PLATEA ALTA,40000,49900,17,Martes,Si,No,3.0,1.0,212000,0,,
N00176,Rock nacional,3487625,8400,Arena,Campo,44000,52000,15,Sabado,No,No,4.0,6.0,96000,0,,
N00177,Pop internacional,7838046,15000,Arena,Platea Baja,77000,89900,0,Sabado,No,Si,,8.0,121000,0,,
N00178,Pop internacional,1571394,5000,Arena,Campo,46000,54900,51,Jueves,No,Si,4.0,1.0,99000,0,,
N00179,Rock nacional,494058,5000,Arena,Campo,46000,53200,11,Sabado,No,No,2.0,8.0,103000,0,,
N00180,Rock nacional,35878737,25000,Estadio,Campo,64000,74800,24,Lunes,No,Si,3.0,7.0,191000,0,,
N00181,Indie,607688,5000,Arena,General,28000,32900,26,Martes,No,Si,1.0,7.0,81000,0,,
N00182,Trap,12909307,45000,Estadio,Campo,53000,62100,26,Viernes,Si,Si,2.0,6.0,186000,0,,
N00183,Trap,4415460,15000,Arena,Platea Baja,62000,73600,9,Viernes,No,Si,2.0,5.0,210000,0,,
N00184,Trap,256775,1100,Club,Platea Baja,50000,59700,18,Sabado,No,No,3.0,4.0,117000,0,,
N00185,Electronica,8348444,15000,Arena,General,31000,36700,36,Miercoles,No,No,4.0,2.0,70000,0,,
N00186,Rock nacional,75117,1500,Club,Campo,41000,50400,8,Viernes,No,Si,2.0,5.0,76000,0,,
N00187,Pop internacional,2700833,25000,Estadio,GENERAL,28000,33800,22,Viernes,No,No,2.0,8.0,79000,0,,
N00188,Electronica,657948,3300,Teatro,General,25000,29700,8,Miercoles,No,Si,1.0,3.0,50000,0,,
N00189,Pop internacional,19261180,25000,Estadio,Platea Alta,44000,53200,9,Jueves,No,Si,,6.0,101000,0,,
N00190,Electronica,4346767,8400,Arena,Campo,52000,60000,22,Jueves,No,No,2.0,5.0,127000,0,,
N00191,Pop internacional,198127,1100,Club,Platea Alta,33000,38300,8,Viernes,No,No,1.0,3.0,122000,0,,
N00192,Trap,256775,1100,Club,Platea Baja,50000,59700,18,Sabado,No,No,3.0,1.0,157000,0,,
N00193,Pop internacional,12657354,25000,Estadio,PLATEA ALTA,52000,60600,9,Lunes,No,Si,2.0,1.0,124000,0,,
N00194,Electronica,1434808,5000,Arena,General,29000,36200,21,Miercoles,Si,Si,1.0,6.0,134000,0,,
N00195,Indie,6506789,15000,Arena,General,30000,36600,14,Martes,Si,No,2.0,8.0,103000,0,,
N00196,Pop internacional,520826,3300,Teatro,Campo,47000,55200,0,Jueves,Si,Si,6.0,8.0,77000,0,,
N00197,Pop internacional,152211,1100,Club,CAMPO,36000,41800,24,Jueves,No,Si,1.0,3.0,122000,0,,
N00198,Rock nacional,54277096,45000,Estadio,Platea Alta,48000,56200,0,Sabado,No,No,,7.0,46000,0,,
N00199,Rock nacional,2538174,8400,Arena,campo,44000,51200,20,Jueves,No,No,1.0,1.0,126000,0,,
N00200,Indie,458065,5000,Arena,Platea Baja,58000,68300,29,Sabado,No,Si,1.0,8.0,81000,0,,
N00201,Pop internacional,805319,3300,Teatro,Platea Baja,52000,63100,8,Viernes,No,Si,1.0,6.0,93000,0,,
N00202,Cumbia,201971,1100,Club,Platea Baja,46000,55100,6,Lunes,No,Si,3.0,7.0,157000,0,,
N00203,Trap,1470250,15000,Arena,Campo,48000,55300,17,Viernes,No,No,4.0,6.0,182000,0,,
N00204,Rock nacional,95944,1100,Club,General,19000,23200,24,Martes,No,Si,6.0,5.0,40000,0,,
N00205,Trap,91529,1100,Club,Campo,38000,45600,22,Jueves,No,Si,,4.0,158000,0,,
N00206,Rock nacional,1041019,8400,Arena,Platea Baja,67000,80700,0,Domingo,Si,No,2.0,7.0,132000,0,,
N00207,Indie,14627358,15000,Arena,Platea Alta,41000,50100,2,Sabado,No,No,1.0,3.0,75000,0,,
N00208,Indie,151842,1100,Club,Platea Alta,32000,39400,2,Sabado,No,No,1.0,7.0,72000,0,,
N00209,Pop internacional,24410999,25000,Estadio,Palco,176000,206800,8,Miercoles,No,No,1.0,4.0,482000,0,,
N00210,Trap,6025003,45000,Estadio,Campo,68000,83300,39,Miercoles,No,Si,3.0,6.0,201000,0,,
N00211,Indie,60000000,84000,Estadio,Platea Baja,88000,103000,15,Jueves,Si,No,2.0,5.0,255000,0,,
N00212,Cumbia,598561,5000,Arena,platea baja,62000,72000,2,Sabado,No,No,2.0,3.0,103000,0,,
N00213,Indie,4499211,8400,Arena,Campo,48000,56400,9,Sabado,No,Si,2.0,8.0,139000,0,,
N00214,Rock nacional,10120132,25000,Estadio,General,31000,37800,3,Domingo,Si,Si,1.0,8.0,61000,0,,
N00215,Trap,229994,1500,Club,Campo,33000,40900,31,Sabado,No,Si,2.0,3.0,70000,0,,
N00216,Electronica,1434808,5000,Arena,General,29000,36200,21,Viernes,Si,Si,1.0,7.0,74000,0,,
N00217,Pop internacional,1096375,3300,Teatro,Campo,41000,51200,14,Martes,No,Si,2.0,2.0,182000,0,,
N00218,Pop internacional,130428,1500,Club,platea baja,51000,62600,26,Viernes,No,No,1.0,4.0,232000,0,,
N00219,Rock nacional,1242382,5000,Arena,Platea Baja,59000,69400,20,Jueves,No,Si,4.0,5.0,141000,0,,
N00220,Indie,44592586,84000,Estadio,palco,185000,220200,24,Viernes,Si,No,1.0,1.0,757000,0,,
N00221,Trap,7083595,45000,Estadio,General,31000,35900,1,Sabado,No,No,2.0,1.0,28000,0,,
N00222,Trap,9818601,84000,Estadio,Campo,59000,70200,11,Sabado,No,No,4.0,1.0,164000,0,,
N00223,Cumbia,10734439,15000,Arena,Palco,171000,209500,8,Sabado,No,Si,3.0,8.0,429000,0,,
N00224,Rock nacional,16753387,45000,Estadio,General,29000,34900,3,Martes,No,Si,2.0,7.0,68000,0,,
N00225,Rock nacional,10060091,15000,Arena,Platea Baja,71000,88100,60,Sabado,Si,No,2.0,7.0,110000,0,,
N00226,Trap,389772,3300,Teatro,Platea Alta,30000,36500,7,Miercoles,No,No,1.0,7.0,79000,0,,
N00227,Rock nacional,6349532,84000,Estadio,Platea Baja,84000,97100,10,Sabado,Si,No,1.0,3.0,267000,0,,
N00228,Pop internacional,517207,3300,Teatro,Platea Alta,35000,43300,23,Jueves,No,Si,4.0,7.0,90000,0,,
N00229,Pop internacional,4312900,15000,Arena,Platea Baja,57000,70600,15,Sabado,No,Si,3.0,1.0,167000,0,,
N00230,Indie,37122724,45000,Estadio,Campo,64000,79300,8,Viernes,Si,Si,1.0,4.0,221000,0,,
N00231,Indie,236803,1100,Club,General,23000,28300,12,Sabado,No,Si,2.0,2.0,45000,0,,
N00232,Pop internacional,299043,3300,Teatro,Palco,138000,162400,24,Jueves,No,Si,1.0,4.0,438000,0,,
N00233,Cumbia,11301416,45000,Estadio,General,33000,40100,23,Sabado,No,No,3.0,6.0,95000,0,,
N00234,Rock nacional,270834,3300,Teatro,Platea Baja,51000,63300,16,Lunes,No,Si,1.0,6.0,208000,0,,
N00235,Rock nacional,639851,3300,Teatro,Platea Alta,34000,40300,2,Sabado,No,Si,4.0,2.0,66000,0,,
N00236,Rock nacional,1905113,5000,Arena,Platea Baja,58000,71400,4,Viernes,No,Si,2.0,8.0,179000,0,,
N00237,Indie,60000000,84000,Estadio,Palco,155000,191300,2,Sabado,Si,Si,2.0,8.0,409000,0,,
N00238,Indie,1356723,5000,Arena,Campo,46000,56800,2,Domingo,Si,Si,3.0,8.0,98000,0,,
N00239,Cumbia,410926,3300,Teatro,Campo,44000,52300,22,Sabado,Si,Si,1.0,7.0,165000,0,,
N00240,Trap,3057577,8400,Arena,General,25000,29300,45,Jueves,No,No,1.0,8.0,66000,0,,
N00241,Cumbia,3848697,15000,Arena,Campo,53000,62800,18,Viernes,No,Si,1.0,4.0,119000,0,,
N00242,Indie,16287559,25000,Estadio,Platea Baja,64000,74600,3,Jueves,Si,No,1.0,7.0,162000,0,,
N00243,Trap,1252188,5000,Arena,Campo,43000,50500,9,Jueves,Si,No,2.0,6.0,213000,0,,
N00244,Trap,118298,1100,Club,Campo,41000,50500,44,Martes,No,No,1.0,7.0,101000,0,,
N00245,Electronica,1143550,8400,Arena,Campo,48000,55600,18,Sabado,No,Si,6.0,7.0,153000,0,,
N00246,Rock nacional,639851,3300,Teatro,Platea Alta,34000,40300,2,Jueves,No,Si,4.0,2.0,63000,0,,
N00247,Cumbia,60000000,45000,Estadio,Platea Baja,69000,81900,2,Viernes,No,Si,2.0,7.0,102000,0,,
N00248,Pop internacional,9674308,25000,Estadio,General,28000,34800,19,Viernes,Si,Si,2.0,3.0,96000,0,,
N00249,Electronica,1066029,15000,Arena,General,29000,35600,39,Viernes,No,Si,4.0,4.0,69000,0,,
N00250,Cumbia,7558374,25000,Estadio,Platea Baja,69000,82300,1,Viernes,No,No,4.0,4.0,98000,0,,
N00251,Rock nacional,50000,1100,Club,Platea Baja,54000,65400,2,Jueves,No,No,3.0,3.0,99000,0,,
N00252,Electronica,949433,8400,Arena,Platea Baja,60000,74500,56,Domingo,No,Si,2.0,1.0,122000,0,,
N00253,Trap,4246280,15000,Arena,Campo,54000,64300,9,Viernes,No,No,1.0,8.0,148000,0,,
N00254,Rock nacional,1035923,5000,Arena,Platea Baja,55000,67200,19,Viernes,Si,Si,3.0,7.0,197000,0,,
N00255,Pop internacional,13872547,25000,Estadio,Platea Baja,63000,74600,26,Lunes,Si,Si,2.0,3.0,122000,0,,
N00256,Rock nacional,2236163,15000,Arena,Platea Baja,63000,75900,21,Sabado,No,Si,3.0,4.0,187000,0,,
N00257,Cumbia,1307018,8400,Arena,Platea Baja,65000,80400,8,Viernes,Si,Si,1.0,6.0,276000,0,,
N00258,Rock nacional,114035,1100,Club,Platea Alta,35000,43300,24,Martes,No,Si,6.0,7.0,74000,0,,
N00259,Rock nacional,17080018,25000,Estadio,Platea Baja,69000,79600,7,Miercoles,Si,Si,2.0,8.0,215000,0,,
N00260,Cumbia,532866,5000,Arena,Campo,44000,55000,9,Viernes,No,Si,4.0,4.0,117000,0,,
N00261,Electronica,2246811,8400,Arena,Campo,57000,67500,25,Domingo,Si,No,1.0,6.0,135000,0,,
N00262,Pop internacional,14887343,45000,Estadio,Palco,177000,220500,15,Sabado,No,Si,1.0,8.0,695000,0,,
N00263,Indie,1077861,5000,Arena,General,26000,31300,2,Lunes,Si,Si,6.0,2.0,51000,0,,
N00264,Trap,10420723,45000,Estadio,Campo,67000,80400,9,Domingo,No,Si,1.0,6.0,234000,0,,
N00265,Cumbia,5162764,25000,Estadio,Platea Baja,64000,74200,4,Viernes,No,Si,3.0,1.0,150000,0,,
N00266,Pop internacional,9674308,25000,Estadio,General,28000,34800,19,Viernes,Si,Si,2.0,3.0,95000,0,,
N00267,Rock nacional,20510191,25000,Estadio,Platea Baja,71000,86400,24,Sabado,No,Si,2.0,7.0,218000,0,,
N00268,Electronica,427481,3300,Teatro,Platea Alta,35000,41100,14,Martes,Si,Si,2.0,1.0,246000,0,,
N00269,Cumbia,9148554,15000,Arena,Campo,52000,63100,24,Sabado,No,No,2.0,3.0,151000,0,,
N00270,Cumbia,139310,1500,Club,Campo,42000,49400,13,Miercoles,No,No,1.0,8.0,141000,0,,
N00271,Trap,87606,1100,Club,Platea Alta,31000,38100,3,Viernes,No,Si,4.0,4.0,68000,0,,
N00272,Electronica,4420907,15000,Arena,GENERAL,29000,33900,30,Viernes,Si,Si,1.0,4.0,83000,0,,
N00273,Rock nacional,114035,1100,Club,Platea Alta,35000,43300,24,Jueves,No,Si,6.0,2.0,73000,0,,
N00274,Rock nacional,20510191,25000,Estadio,Platea Baja,71000,86400,24,Sabado,No,Si,2.0,4.0,197000,0,,
N00275,Trap,9040671,45000,Estadio,Campo,61000,73400,1,Jueves,No,No,2.0,8.0,80000,0,,
N00276,Pop internacional,7843338,15000,Arena,campo,55000,67000,21,Sabado,Si,Si,1.0,5.0,160000,0,,
N00277,Indie,233567,1500,Club,Platea Baja,49000,56800,0,Domingo,No,Si,,1.0,54000,0,,
N00278,Trap,2137036,5000,Arena,Platea Baja,55000,67300,8,Viernes,No,Si,4.0,1.0,176000,0,,
N00279,Cumbia,27187847,84000,Estadio,Platea Baja,77000,88900,37,Viernes,Si,No,1.0,7.0,321000,0,,
N00280,Rock nacional,1889944,8400,Arena,Campo,48000,56300,46,Viernes,Si,Si,2.0,4.0,141000,0,,
N00281,Trap,27892007,45000,Estadio,Campo,48000,55900,15,Sabado,Si,Si,2.0,2.0,215000,0,,
N00282,Pop internacional,59355,1100,Club,Platea Baja,53000,65600,45,Domingo,No,Si,2.0,8.0,62000,0,,
N00283,Indie,2598528,15000,Arena,General,29000,35600,60,Sabado,No,Si,2.0,7.0,38000,0,,
N00284,Trap,116936,1100,Club,Pl. Baja,45000,55800,42,Viernes,No,Si,,6.0,127000,0,,
N00285,Trap,337498,5000,Arena,Palco,131000,154600,2,Miercoles,No,Si,2.0,5.0,181000,0,,
N00286,Pop internacional,1892705,8400,Arena,Campo,44000,52800,14,Viernes,No,No,1.0,5.0,113000,0,,
N00287,Electronica,2523471,15000,Arena,GENERAL,24000,27600,21,Jueves,Si,No,2.0,3.0,55000,0,,
N00288,Trap,175980,1100,Club,General,22000,25400,29,Viernes,No,No,2.0,3.0,74000,0,,
N00289,Trap,40688124,45000,Estadio,general,32000,39300,9,Sabado,No,No,6.0,1.0,108000,0,,
N00290,Trap,158159,1100,Club,campo,38000,45700,21,Domingo,No,Si,4.0,2.0,98000,0,,
N00291,Pop internacional,12003075,15000,Arena,Campo,59000,71300,5,Sabado,Si,Si,4.0,1.0,248000,0,,
N00292,Electronica,59758,1500,Club,Campo,41000,48900,9,Viernes,No,No,1.0,1.0,141000,0,,
N00293,Cumbia,696662,3300,Teatro,Platea Baja,59000,70400,30,Viernes,Si,Si,3.0,4.0,175000,0,,
N00294,Rock nacional,49077988,84000,Estadio,platea alta,53000,64700,49,Martes,No,Si,3.0,1.0,89000,0,,
N00295,Rock nacional,2904561,8400,Arena,General,31000,38200,7,Sabado,Si,No,2.0,5.0,105000,0,,
N00296,Trap,211235,1100,Club,Campo,33000,39300,25,Domingo,Si,Si,1.0,5.0,97000,0,,
N00297,Electronica,657948,3300,Teatro,General,25000,29700,8,Jueves,No,Si,1.0,2.0,70000,0,,
N00298,Pop internacional,144151,3300,Teatro,Campo,45000,51800,18,Sabado,Si,No,2.0,6.0,236000,0,,
N00299,Electronica,100841,1500,Club,Platea Baja,46000,55000,19,Lunes,No,No,4.0,1.0,123000,0,,
N00300,Trap,1275482,8400,Arena,campo,50000,57700,13,Viernes,No,No,2.0,8.0,182000,0,,
N00301,Indie,820669,3300,Teatro,Campo,44000,54600,2,Martes,No,Si,4.0,1.0,96000,0,,
N00302,Rock nacional,1181197,8400,Arena,Campo,45000,53900,29,Lunes,Si,No,1.0,1.0,158000,0,,
N00303,Pop internacional,337196,5000,Arena,campo,38000,47000,1,Sabado,No,Si,2.0,8.0,95000,0,,
N00304,Cumbia,60000000,84000,Estadio,General,37000,45100,26,Miercoles,No,Si,1.0,4.0,60000,0,,
N00305,Indie,863497,8400,Arena,Platea Baja,58000,67800,20,Domingo,Si,Si,2.0,6.0,162000,0,,
N00306,Rock nacional,346501,5000,Arena,PLATEA ALTA,35000,41600,14,Viernes,No,Si,4.0,6.0,81000,0,,
N00307,Cumbia,4274763,15000,Arena,Platea Alta,44000,54400,8,Sabado,Si,Si,2.0,5.0,194000,0,,
N00308,Trap,15418608,15000,Arena,Campo,57000,70800,10,Jueves,Si,Si,2.0,2.0,221000,0,,
N00309,Trap,1711417,8400,Arena,GENERAL,27000,32400,6,Sabado,Si,No,3.0,3.0,104000,0,,
N00310,Rock nacional,95585,1500,Club,Platea Alta,29000,33700,5,Miercoles,No,No,3.0,3.0,88000,0,,
N00311,Rock nacional,142611,1100,Club,Platea Alta,30000,35100,22,Jueves,No,Si,3.0,8.0,48000,0,,
N00312,Pop internacional,712627,3300,Teatro,Platea Alta,32000,38800,9,Domingo,No,No,1.0,7.0,87000,0,,
N00313,Indie,9002060,84000,Estadio,Campo,65000,79400,0,Jueves,No,Si,2.0,5.0,75000,0,,
N00314,Trap,95923,1100,Club,Platea Baja,50000,58100,0,Viernes,No,Si,3.0,5.0,71000,0,,
N00315,Rock nacional,9536126,25000,Estadio,platea baja,75000,91700,9,Jueves,No,Si,2.0,6.0,154000,0,,
N00316,Pop internacional,12657354,25000,Estadio,PLATEA ALTA,52000,60600,9,Sabado,No,Si,2.0,8.0,123000,0,,
N00317,Trap,17062973,25000,Estadio,Platea Alta,40000,49600,30,Sabado,Si,Si,1.0,4.0,111000,0,,
N00318,Indie,412011,3300,Teatro,Platea Baja,60000,73200,29,Jueves,No,Si,2.0,4.0,217000,0,,
N00319,Trap,83544,3300,Teatro,General,21000,24300,0,Viernes,No,Si,2.0,1.0,35000,0,,
N00320,Indie,147643,1500,Club,Platea Baja,54000,65300,3,Lunes,No,Si,4.0,8.0,121000,0,,
N00321,Rock nacional,6502433,25000,Estadio,Campo,57000,68300,22,Sabado,Si,No,3.0,6.0,300000,0,,
N00322,Pop internacional,39188264,45000,Estadio,General,34000,39600,17,Lunes,Si,Si,2.0,6.0,142000,0,,
N00323,Rock nacional,754818,5000,Arena,PLATEA ALTA,35000,42500,10,Viernes,No,No,1.0,5.0,167000,0,,
N00324,Rock nacional,104156,1100,Club,Palco,108000,130300,37,Jueves,Si,Si,1.0,3.0,195000,0,,
N00325,Rock nacional,12201076,15000,Arena,General,27000,32200,11,Miercoles,No,No,2.0,2.0,65000,0,,
N00326,Electronica,2103741,8400,Arena,Platea Baja,62000,74700,12,Sabado,No,Si,2.0,3.0,212000,0,,
N00327,Pop internacional,3513007,15000,Arena,general,31000,38100,12,Miercoles,No,No,2.0,8.0,57000,0,,
N00328,Cumbia,166613,1500,Club,General,22000,25900,20,Jueves,No,No,1.0,2.0,73000,0,,
N00329,Pop internacional,146970,1100,Club,Platea Alta,32000,36900,10,Viernes,No,No,1.0,6.0,88000,0,,
N00330,Trap,600721,5000,Arena,Campo,47000,54500,19,Viernes,No,Si,2.0,1.0,150000,0,,
N00331,Rock nacional,20244165,45000,Estadio,Pl. Baja,80000,96700,1,Sabado,Si,No,2.0,7.0,145000,0,,
N00332,Rock nacional,2538174,8400,Arena,campo,44000,51200,20,Viernes,No,No,1.0,1.0,135000,0,,
N00333,Trap,60000000,45000,Estadio,Platea Baja,66000,77600,18,Lunes,Si,Si,2.0,3.0,415000,0,,
N00334,Trap,216928,1100,Club,General,19000,22300,18,Sabado,No,Si,1.0,8.0,65000,0,,
N00335,Cumbia,10634099,8400,Arena,Platea Alta,45000,52900,9,Martes,No,Si,2.0,5.0,135000,0,,
N00336,Rock nacional,1242382,5000,Arena,Platea Baja,59000,69400,20,Viernes,No,Si,4.0,3.0,216000,0,,
N00337,Rock nacional,495572,3300,Teatro,Platea Alta,37000,44300,21,Viernes,No,Si,2.0,1.0,90000,0,,
N00338,Trap,259424,3300,Teatro,Campo,40000,48300,1,Jueves,No,No,2.0,8.0,87000,0,,
N00339,Electronica,29972921,45000,Estadio,platea baja,75000,87900,1,Jueves,No,No,2.0,7.0,195000,0,,
N00340,Cumbia,464075,3300,Teatro,Campo,40000,49200,9,Jueves,No,Si,2.0,1.0,116000,0,,
N00341,Rock nacional,149669,1500,Club,Pl. Alta,34000,39200,23,Domingo,Si,Si,2.0,8.0,102000,0,,
N00342,Cumbia,119296,1100,Club,CAMPO,35000,43300,2,Jueves,Si,No,3.0,4.0,65000,0,,
N00343,Cumbia,60000000,84000,Estadio,Platea Alta,44000,52400,20,Jueves,No,No,,3.0,115000,0,,
N00344,Trap,4415460,15000,Arena,Platea Baja,62000,73600,9,Sabado,No,Si,2.0,2.0,161000,0,,
N00345,Indie,1356723,5000,Arena,Campo,46000,56800,2,Sabado,Si,Si,3.0,7.0,101000,0,,
N00346,Rock nacional,35017346,84000,Estadio,General,35000,41000,17,Domingo,Si,No,1.0,3.0,118000,0,,
N00347,Cumbia,10309698,15000,Arena,GENERAL,31000,38300,5,Martes,No,No,2.0,5.0,106000,0,,
N00348,Trap,15826571,25000,Estadio,Platea Baja,69000,82600,10,Sabado,Si,Si,1.0,7.0,433000,0,,
N00349,Rock nacional,10120132,25000,Estadio,General,31000,37800,3,Viernes,Si,Si,1.0,3.0,81000,0,,
N00350,Rock nacional,2408656,3300,Teatro,Platea Baja,60000,74300,1,Viernes,No,No,1.0,6.0,93000,0,,
N00351,Cumbia,1410125,3300,Teatro,Pl. Alta,35000,43500,8,Jueves,Si,Si,2.0,4.0,150000,0,,
N00352,Pop internacional,876423,5000,Arena,Platea Baja,55000,66500,29,Domingo,Si,Si,2.0,5.0,133000,0,,
N00353,Pop internacional,7838046,15000,Arena,Platea Baja,77000,89900,0,Viernes,No,Si,,2.0,79000,0,,
N00354,Pop internacional,36564295,45000,Estadio,General,34000,40000,21,Sabado,Si,Si,2.0,7.0,152000,0,,
N00355,Indie,31805950,84000,Estadio,Campo,63000,74400,7,Viernes,Si,Si,2.0,7.0,223000,0,,
N00356,Rock nacional,75117,1500,Club,Campo,41000,50400,8,Jueves,No,Si,2.0,7.0,116000,0,,
N00357,Trap,60000000,84000,Estadio,Platea Baja,79000,98000,2,Miercoles,Si,No,2.0,1.0,197000,0,,
N00358,Rock nacional,8744756,25000,Estadio,Campo,63000,76900,16,Viernes,No,Si,2.0,8.0,110000,0,,
N00359,Rock nacional,1130891,5000,Arena,Campo,52000,61600,11,Sabado,Si,Si,1.0,4.0,202000,0,,
N00360,Rock nacional,887135,3300,Teatro,General,27000,31100,23,Domingo,No,Si,4.0,5.0,52000,0,,
N00361,Rock nacional,11868830,25000,Estadio,General,32000,38000,14,Lunes,Si,Si,3.0,2.0,109000,0,,
N00362,Rock nacional,68013,1100,Club,Platea Baja,51000,62400,14,Jueves,No,No,1.0,3.0,173000,0,,
N00363,Rock nacional,3232541,15000,Arena,Palco,152000,176700,60,Sabado,No,Si,2.0,4.0,173000,0,,
N00364,Cumbia,1307018,8400,Arena,Platea Baja,65000,80400,8,Martes,Si,Si,1.0,2.0,221000,0,,
N00365,Pop internacional,930668,3300,Teatro,platea alta,32000,37700,0,Sabado,No,No,3.0,7.0,47000,0,,
N00366,Electronica,4420907,15000,Arena,GENERAL,29000,33900,30,Jueves,Si,Si,1.0,1.0,93000,0,,
N00367,Rock nacional,8748393,15000,Arena,Campo,54000,65900,11,Domingo,No,Si,1.0,7.0,150000,0,,
N00368,Trap,60000000,84000,Estadio,Campo,63000,76200,5,Martes,No,Si,4.0,7.0,123000,0,,
N00369,Rock nacional,13034945,45000,Estadio,General,32000,37800,10,Viernes,No,Si,2.0,8.0,99000,0,,
N00370,Trap,15984206,25000,Estadio,General,34000,39500,29,Domingo,No,Si,2.0,8.0,87000,0,,
N00371,Trap,1460058,15000,Arena,Platea Baja,70000,83100,18,Sabado,No,No,,2.0,193000,0,,
N00372,Rock nacional,55543641,45000,Estadio,Palco,167000,197200,23,Sabado,No,Si,2.0,5.0,445000,0,,
N00373,Rock nacional,9237316,25000,Estadio,Platea Baja,69000,80100,3,Domingo,No,Si,2.0,3.0,102000,0,,
N00374,Trap,74610,1100,Club,Platea Baja,46000,54500,0,Sabado,No,No,2.0,8.0,46000,0,,
N00375,Cumbia,1059108,5000,Arena,Platea Alta,35000,43700,15,Viernes,No,Si,1.0,1.0,121000,0,,
N00376,Cumbia,215965,3300,Teatro,Platea Alta,38000,45600,8,Domingo,No,Si,2.0,6.0,112000,0,,
N00377,Rock nacional,10858040,25000,Estadio,Campo,55000,64100,13,Viernes,No,No,2.0,1.0,169000,0,,
N00378,Electronica,6613162,25000,Estadio,Platea Alta,51000,61500,3,Jueves,No,Si,6.0,7.0,95000,0,,
N00379,Electronica,431073,1500,Club,Campo,43000,52300,29,Miercoles,No,Si,2.0,6.0,122000,0,,
N00380,Trap,233214,1100,Club,Platea Alta,29000,33900,2,Sabado,Si,Si,4.0,5.0,54000,0,,
N00381,Electronica,60000000,45000,Estadio,Platea Alta,51000,62800,39,Domingo,No,Si,4.0,4.0,97000,0,,
N00382,Indie,151842,1100,Club,Platea Alta,32000,39400,2,Viernes,No,No,1.0,7.0,37000,0,,
N00383,Pop internacional,24997326,25000,Estadio,PLATEA BAJA,69000,79900,22,Jueves,No,No,3.0,4.0,138000,0,,
N00384,Rock nacional,11215927,25000,Estadio,Platea Baja,71000,81900,0,Domingo,No,Si,2.0,5.0,81000,0,,
N00385,Electronica,561791,1500,Club,Platea Alta,32000,37500,1,Viernes,No,Si,2.0,7.0,64000,0,,
N00386,Electronica,8348444,15000,Arena,General,31000,36700,36,Jueves,No,No,4.0,3.0,60000,0,,
N00387,Trap,12909307,45000,Estadio,Campo,53000,62100,26,Miercoles,Si,Si,2.0,1.0,156000,0,,
N00388,Trap,715056,3300,Teatro,Campo,43000,51500,44,Viernes,No,Si,1.0,3.0,76000,0,,
N00389,Rock nacional,533722,5000,Arena,General,23000,26600,29,Viernes,Si,No,2.0,3.0,67000,0,,
N00390,Pop internacional,9674308,25000,Estadio,General,28000,34800,19,Jueves,Si,Si,2.0,8.0,130000,0,,
N00391,Cumbia,1550156,15000,Arena,General,34000,41500,28,Viernes,No,Si,2.0,2.0,86000,0,,
N00392,Pop internacional,149285,1500,Club,Platea Baja,45000,53100,7,Viernes,No,Si,2.0,4.0,108000,0,,
N00393,Rock nacional,94430,1100,Club,Platea Alta,26000,31900,24,Viernes,No,Si,2.0,4.0,60000,0,,
N00394,Cumbia,545500,3300,Teatro,Platea Baja,51000,62600,6,Viernes,No,No,1.0,8.0,113000,0,,
N00395,Rock nacional,60983,1100,Club,Platea Alta,31000,37400,12,Lunes,Si,Si,2.0,2.0,138000,0,,
N00396,Rock nacional,1242382,5000,Arena,Platea Baja,59000,69400,20,Domingo,No,Si,4.0,1.0,115000,0,,
N00397,Rock nacional,68013,1100,Club,Platea Baja,51000,62400,14,Sabado,No,No,1.0,2.0,157000,0,,
N00398,Electronica,12772547,15000,Arena,palco,163000,194800,12,Sabado,No,No,,8.0,560000,0,,
N00399,Electronica,55268695,45000,Estadio,Campo,56000,69800,13,Viernes,Si,Si,3.0,4.0,137000,0,,
N00400,Trap,724940,1500,Club,General,24000,28100,18,Sabado,No,No,2.0,1.0,62000,0,,
N00401,Pop internacional,495415,1500,Club,Campo,39000,45300,18,Viernes,No,Si,2.0,8.0,123000,0,,
N00402,Indie,458065,5000,Arena,Platea Baja,58000,68300,29,Miercoles,No,Si,1.0,6.0,113000,0,,
N00403,Pop internacional,4349382,15000,Arena,Palco,147000,178300,13,Sabado,No,No,2.0,8.0,411000,0,,
N00404,Indie,8220343,25000,Estadio,Platea Alta,42000,48600,32,Sabado,No,Si,4.0,4.0,81000,0,,
N00405,Rock nacional,1288952,8400,Arena,Platea Baja,55000,63800,33,Viernes,Si,Si,1.0,2.0,127000,0,,
N00406,Trap,8127727,15000,Arena,PALCO,146000,181100,38,Jueves,No,No,1.0,3.0,215000,0,,
N00407,Rock nacional,1306741,5000,Arena,Campo,43000,49800,22,Jueves,No,Si,1.0,7.0,79000,0,,
N00408,Cumbia,760713,3300,Teatro,Platea Baja,56000,66900,30,Sabado,No,Si,2.0,3.0,129000,0,,
N00409,Indie,44592586,84000,Estadio,palco,185000,220200,24,Sabado,Si,No,1.0,8.0,548000,0,,
N00410,Rock nacional,60000000,84000,Estadio,Campo,58000,67300,11,Viernes,Si,No,2.0,6.0,208000,0,,
N00411,Indie,10211935,15000,Arena,Platea Alta,44000,52700,47,Sabado,No,Si,3.0,3.0,58000,0,,
N00412,Indie,147643,1500,Club,Platea Baja,54000,65300,3,Martes,No,Si,4.0,6.0,96000,0,,
N00413,Pop internacional,594928,1500,Club,General,21000,24400,16,Miercoles,No,Si,1.0,2.0,65000,0,,
N00414,Electronica,248688,3300,Teatro,Platea Alta,35000,40800,14,Sabado,No,Si,2.0,5.0,86000,0,,
N00415,Pop internacional,50000,1100,Club,campo,34000,40300,0,Jueves,No,Si,2.0,8.0,48000,0,,
N00416,Pop internacional,300314,3300,Teatro,General,25000,29000,6,Jueves,Si,Si,2.0,4.0,109000,0,,
N00417,Trap,199605,1100,Club,Platea Baja,48000,55600,10,Jueves,No,Si,2.0,3.0,216000,0,,
N00418,Rock nacional,60000000,84000,Estadio,Platea Baja,82000,97500,3,Jueves,No,No,2.0,5.0,163000,0,,
N00419,Pop internacional,520826,3300,Teatro,Campo,47000,55200,0,Domingo,Si,Si,6.0,2.0,107000,0,,
N00420,Trap,55133345,45000,Estadio,Platea Baja,71000,86200,1,Viernes,Si,No,1.0,2.0,130000,0,,
N00421,Rock nacional,548219,8400,Arena,Campo,50000,58300,1,Domingo,No,Si,1.0,8.0,57000,0,,
N00422,Rock nacional,24801040,25000,Estadio,Campo,57000,66200,2,Viernes,Si,Si,1.0,3.0,128000,0,,
N00423,Rock nacional,175823,1100,Club,Platea Alta,29000,35800,8,Martes,No,Si,2.0,5.0,68000,0,,
N00424,Indie,3440432,8400,Arena,Campo,45000,53600,39,Domingo,Si,No,2.0,2.0,113000,0,,
N00425,Rock nacional,10518424,25000,Estadio,Platea Baja,69000,83100,4,Viernes,No,Si,2.0,5.0,132000,0,,
N00426,Electronica,738311,5000,Arena,General,24000,28000,1,Domingo,No,Si,4.0,6.0,37000,0,,
N00427,Cumbia,32213932,84000,Estadio,Platea Alta,46000,57100,27,Miercoles,No,Si,2.0,2.0,119000,0,,
N00428,Trap,62476,1100,Club,General,20000,23500,11,Viernes,No,No,2.0,2.0,48000,0,,
N00429,Pop internacional,1066134,8400,Arena,Campo,47000,54300,8,Viernes,No,No,2.0,8.0,90000,0,,
N00430,Electronica,10479193,15000,Arena,PLATEA BAJA,68000,81600,1,Jueves,No,Si,2.0,6.0,105000,0,,
N00431,Trap,8322953,15000,Arena,general,31000,36300,29,Viernes,No,Si,2.0,4.0,90000,0,,
N00432,Rock nacional,104156,1100,Club,Palco,108000,130300,37,Viernes,Si,Si,1.0,8.0,270000,0,,
N00433,Electronica,33094427,45000,Estadio,Campo,56000,68200,43,Miercoles,No,Si,2.0,1.0,81000,0,,
N00434,Pop internacional,5179242,15000,Arena,Campo,55000,66200,7,Sabado,No,No,2.0,4.0,208000,0,,
N00435,Trap,2284296,5000,Arena,Campo,43000,50100,15,Sabado,Si,Si,,4.0,159000,0,,
N00436,Indie,7980486,25000,Estadio,Platea Baja,72000,86300,34,Viernes,Si,No,1.0,5.0,211000,0,,
N00437,Rock nacional,6804462,15000,Arena,Platea Alta,43000,51600,1,Domingo,Si,No,3.0,3.0,80000,0,,
N00438,Rock nacional,347042,3300,Teatro,Palco,139000,163600,2,Viernes,No,Si,1.0,6.0,216000,0,,
N00439,Rock nacional,11672552,15000,Arena,Platea Alta,41000,47300,27,Domingo,No,Si,1.0,5.0,59000,0,,
N00440,Pop internacional,50000,1100,Club,Platea Baja,42000,51800,26,Miercoles,No,Si,4.0,5.0,84000,0,,
N00441,Cumbia,10771624,25000,Estadio,Campo,51000,60200,2,Martes,No,Si,2.0,1.0,89000,0,,
N00442,Pop internacional,122420,1500,Club,Palco,115000,138500,3,Viernes,No,No,2.0,6.0,227000,0,,
N00443,Rock nacional,3695325,15000,Arena,Platea Baja,56000,64700,14,Sabado,No,No,2.0,8.0,145000,0,,
N00444,Electronica,29972921,45000,Estadio,platea baja,75000,87900,1,Jueves,No,No,2.0,2.0,165000,0,,
N00445,Rock nacional,515944,3300,Teatro,Platea Alta,39000,46700,51,Jueves,No,Si,1.0,3.0,103000,0,,
N00446,Rock nacional,46871801,84000,Estadio,CAMPO,63000,76900,13,Sabado,Si,No,2.0,3.0,235000,0,,
N00447,Trap,1933696,15000,Arena,Platea Alta,43000,49900,5,Lunes,No,No,1.0,5.0,124000,0,,
N00448,Rock nacional,251366,3300,Teatro,Platea Alta,37000,44500,2,Viernes,No,Si,2.0,2.0,56000,0,,
N00449,Rock nacional,7704645,15000,Arena,general,28000,34000,31,Jueves,No,Si,1.0,1.0,56000,0,,
N00450,Indie,2380845,8400,Arena,Platea Baja,59000,70400,0,Domingo,No,Si,1.0,2.0,78000,0,,
N00451,Electronica,196621,1100,Club,General,23000,27400,42,Viernes,No,Si,1.0,2.0,43000,0,,
N00452,Indie,3721119,15000,Arena,Platea Alta,46000,55700,25,Viernes,No,Si,3.0,7.0,109000,0,,
N00453,Pop internacional,1886927,8400,Arena,General,29000,33900,16,Viernes,No,No,1.0,4.0,117000,0,,
N00454,Rock nacional,74109,1100,Club,campo,44000,54700,13,Domingo,No,Si,1.0,4.0,138000,0,,
N00455,Electronica,103208,1100,Club,Pl. Alta,33000,40400,41,Jueves,No,Si,1.0,8.0,66000,0,,
N00456,Indie,2027171,15000,Arena,Platea Baja,74000,87000,36,Sabado,No,No,2.0,5.0,161000,0,,
N00457,Indie,16287559,25000,Estadio,Platea Baja,64000,74600,3,Lunes,Si,No,1.0,8.0,288000,0,,
N00458,Trap,1909733,5000,Arena,general,26000,30700,7,Miercoles,No,Si,1.0,6.0,58000,0,,
N00459,Rock nacional,108133,1100,Club,Platea Baja,41000,48900,3,Sabado,No,No,3.0,7.0,58000,0,,
N00460,Pop internacional,960228,5000,Arena,general,26000,31600,36,Sabado,No,Si,2.0,4.0,54000,0,,
N00461,Rock nacional,3477073,15000,Arena,Platea Alta,45000,53000,0,Miercoles,Si,Si,2.0,8.0,63000,0,,
N00462,Pop internacional,337196,5000,Arena,campo,38000,47000,1,Sabado,No,Si,2.0,1.0,38000,0,,
N00463,Pop internacional,175648,3300,Teatro,Palco,127000,158700,3,Viernes,No,No,2.0,1.0,287000,0,,
N00464,Indie,253212,1100,Club,Platea Baja,46000,55200,2,Viernes,No,No,1.0,1.0,102000,0,,
N00465,Rock nacional,60000000,84000,Estadio,General,40000,49100,3,Jueves,Si,Si,1.0,7.0,152000,0,,
N00466,Electronica,4346767,8400,Arena,Campo,52000,60000,22,Sabado,No,No,2.0,2.0,147000,0,,
N00467,Cumbia,60000000,84000,Estadio,Platea Alta,44000,52400,20,Sabado,No,No,,7.0,159000,0,,
N00468,Trap,55843,1100,Club,Campo,38000,44100,22,Jueves,Si,Si,4.0,3.0,172000,0,,
N00469,Pop internacional,47450530,84000,Estadio,Platea Baja,83000,98700,17,Miercoles,Si,No,3.0,1.0,298000,0,,
N00470,Pop internacional,4941817,8400,Arena,Platea Alta,39000,47100,39,Viernes,No,Si,2.0,8.0,103000,0,,
N00471,Rock nacional,604124,3300,Teatro,General,27000,32200,2,Viernes,No,Si,2.0,8.0,54000,0,,
N00472,Trap,1460058,15000,Arena,Platea Baja,70000,83100,18,Miercoles,No,No,,2.0,189000,0,,
N00473,Rock nacional,5207966,15000,Arena,Platea Baja,70000,84200,2,Viernes,Si,Si,6.0,5.0,131000,0,,
N00474,Pop internacional,250648,1500,Club,platea baja,48000,59200,31,Jueves,No,Si,2.0,1.0,106000,0,,
N00475,Electronica,1039328,8400,Arena,PLATEA ALTA,40000,49900,17,Sabado,Si,No,3.0,6.0,202000,0,,
N00476,Indie,240388,1500,Club,Palco,123000,143900,17,Jueves,Si,Si,1.0,6.0,452000,0,,
N00477,Rock nacional,983644,5000,Arena,General,25000,30500,12,Martes,No,Si,2.0,4.0,70000,0,,
N00478,Pop internacional,760571,3300,Teatro,Platea Alta,38000,45800,6,Jueves,No,No,6.0,2.0,91000,0,,
N00479,Pop internacional,312291,1500,Club,General,19000,23500,15,Martes,No,No,1.0,1.0,73000,0,,
N00480,Trap,352806,3300,Teatro,General,25000,30700,2,Domingo,No,Si,4.0,7.0,41000,0,,
N00481,Trap,2392182,8400,Arena,Platea Alta,40000,49000,8,Jueves,No,Si,1.0,5.0,119000,0,,
N00482,Cumbia,963245,5000,Arena,Platea Alta,32000,38500,7,Jueves,No,Si,1.0,6.0,69000,0,,
N00483,Rock nacional,739822,1500,Club,Campo,42000,49400,2,Miercoles,No,Si,2.0,8.0,69000,0,,
N00484,Trap,377675,5000,Arena,Campo,48000,58300,10,Sabado,Si,No,2.0,4.0,137000,0,,
N00485,Rock nacional,89898,1500,Club,Platea Baja,53000,65300,3,Jueves,Si,Si,2.0,1.0,153000,0,,
N00486,Pop internacional,876423,5000,Arena,Platea Baja,55000,66500,29,Sabado,Si,Si,2.0,6.0,204000,0,,
N00487,Trap,2637839,15000,Arena,Campo,52000,61500,3,Jueves,No,Si,3.0,6.0,83000,0,,
N00488,Trap,155103,5000,Arena,Platea Alta,40000,48300,10,Miercoles,No,Si,2.0,4.0,93000,0,,
N00489,Rock nacional,161070,1100,Club,Platea Alta,29000,34700,8,Miercoles,No,No,2.0,6.0,78000,0,,
N00490,Trap,153816,3300,Teatro,Platea Baja,58000,67400,6,Jueves,No,Si,2.0,4.0,175000,0,,
N00491,Rock nacional,106094,1500,Club,Campo,35000,40700,6,Domingo,No,Si,2.0,2.0,88000,0,,
N00492,Indie,50000,1100,Club,Campo,35000,41800,10,Viernes,No,No,2.0,7.0,133000,0,,
N00493,Trap,60000000,84000,Estadio,Platea Baja,79000,98000,2,Miercoles,Si,No,2.0,6.0,172000,0,,
N00494,Rock nacional,104156,1100,Club,Palco,108000,130300,37,Jueves,Si,Si,1.0,4.0,343000,0,,
N00495,Pop internacional,8276832,15000,Arena,campo,52000,61000,28,Sabado,No,Si,4.0,8.0,100000,0,,
N00496,Cumbia,522218,3300,Teatro,Platea Alta,38000,46400,34,Sabado,No,Si,2.0,1.0,66000,0,,
N00497,Rock nacional,60000000,84000,Estadio,General,36000,42700,6,Sabado,No,Si,2.0,6.0,143000,0,,
N00498,Trap,17062973,25000,Estadio,Platea Alta,40000,49600,30,Miercoles,Si,Si,1.0,1.0,205000,0,,
N00499,Indie,44592586,84000,Estadio,palco,185000,220200,24,Sabado,Si,No,1.0,3.0,705000,0,,
N00500,Cumbia,10561428,15000,Arena,Platea Alta,45000,52600,36,Miercoles,No,Si,4.0,5.0,127000,0,,
N00501,Pop internacional,9859397,15000,Arena,Platea Baja,61000,76100,2,Viernes,No,Si,3.0,8.0,141000,0,,
N00502,Rock nacional,9237316,25000,Estadio,Platea Baja,69000,80100,3,Miercoles,No,Si,2.0,3.0,144000,0,,
N00503,Rock nacional,472837,1100,Club,Palco,115000,135200,27,Viernes,No,No,2.0,1.0,183000,0,,
N00504,Rock nacional,101069,1100,Club,General,22000,25600,19,Viernes,No,No,1.0,6.0,66000,0,,
N00505,Trap,60000000,45000,Estadio,Platea Alta,50000,60200,13,Jueves,Si,Si,1.0,4.0,212000,0,,
N00506,Pop internacional,51871,1100,Club,Campo,40000,49200,23,Domingo,No,Si,1.0,7.0,119000,0,,
N00507,Rock nacional,20517732,45000,Estadio,Campo,62000,72400,16,Viernes,Si,Si,2.0,5.0,181000,0,,
N00508,Rock nacional,1144078,5000,Arena,General,28000,33200,1,Jueves,Si,Si,1.0,8.0,46000,0,,
N00509,Pop internacional,146970,1100,Club,Platea Alta,32000,36900,10,Viernes,No,No,1.0,2.0,97000,0,,
N00510,Indie,33379454,84000,Estadio,Platea Alta,51000,61100,8,Jueves,No,Si,1.0,2.0,131000,0,,
N00511,Trap,416946,5000,Arena,Platea Baja,57000,66900,28,Viernes,Si,No,2.0,4.0,135000,0,,
N00512,Rock nacional,14377374,15000,Arena,Platea Baja,61000,71200,7,Jueves,Si,No,1.0,4.0,228000,0,,
N00513,Trap,870104,5000,Arena,Campo,39000,48300,12,Viernes,No,Si,2.0,4.0,126000,0,,
N00514,Rock nacional,28996898,84000,Estadio,Palco,178000,213800,26,Sabado,No,No,1.0,8.0,393000,0,,
N00515,Rock nacional,60000000,25000,Estadio,Platea Baja,70000,83000,17,Sabado,Si,Si,2.0,6.0,298000,0,,
N00516,Pop internacional,320376,1500,Club,Palco,107000,125600,20,Domingo,No,Si,3.0,8.0,333000,0,,
N00517,Rock nacional,2550229,15000,Arena,General,27000,31500,11,Viernes,Si,Si,,4.0,159000,0,,
N00518,Cumbia,201971,1100,Club,Platea Baja,46000,55100,6,Viernes,No,Si,3.0,6.0,136000,0,,
N00519,Cumbia,12228005,15000,Arena,general,30000,36700,8,Domingo,No,Si,4.0,2.0,63000,0,,
N00520,Pop internacional,494400,3300,Teatro,General,23000,27100,22,Miercoles,No,No,1.0,8.0,74000,0,,
N00521,Indie,4499211,8400,Arena,Campo,48000,56400,9,Sabado,No,Si,2.0,6.0,131000,0,,
N00522,Cumbia,33866271,45000,Estadio,Platea Baja,76000,91500,27,Sabado,Si,Si,2.0,7.0,212000,0,,
N00523,Rock nacional,1930737,3300,Teatro,Campo,49000,57100,11,Viernes,No,Si,2.0,8.0,119000,0,,
N00524,Pop internacional,2197575,15000,Arena,Palco,143000,173900,0,Sabado,No,Si,1.0,3.0,114000,0,,
N00525,Indie,60000000,84000,Estadio,Campo,59000,70800,12,Jueves,Si,Si,2.0,5.0,218000,0,,
N00526,Trap,333906,3300,Teatro,General,24000,28100,17,Jueves,No,No,1.0,8.0,71000,0,,
N00527,Electronica,431073,1500,Club,Campo,43000,52300,29,Viernes,No,Si,2.0,1.0,94000,0,,
N00528,Electronica,59758,1500,Club,Campo,41000,48900,9,Domingo,No,No,1.0,4.0,118000,0,,
N00529,Pop internacional,594928,1500,Club,General,21000,24400,16,Domingo,No,Si,1.0,6.0,64000,0,,
N00530,Trap,1470250,15000,Arena,Campo,48000,55300,17,Sabado,No,No,4.0,7.0,200000,0,,
N00531,Pop internacional,406409,5000,Arena,Platea Alta,35000,43700,57,Martes,No,Si,1.0,3.0,59000,0,,
N00532,Electronica,117251,1100,Club,General,21000,25800,14,Viernes,No,Si,2.0,4.0,123000,0,,
N00533,Electronica,6313701,15000,Arena,Platea Alta,45000,55800,27,Lunes,No,Si,2.0,4.0,85000,0,,
N00534,Rock nacional,188365,1500,Club,General,23000,28500,4,Jueves,No,Si,2.0,6.0,93000,0,,
N00535,Indie,598454,5000,Arena,General,28000,33400,19,Lunes,No,Si,2.0,8.0,87000,0,,
N00536,Rock nacional,217520,3300,Teatro,Campo,45000,54600,48,Jueves,No,Si,2.0,2.0,100000,0,,
N00537,Pop internacional,16454108,25000,Estadio,Platea Baja,68000,80600,15,Lunes,No,Si,1.0,7.0,199000,0,,
N00538,Pop internacional,1469104,8400,Arena,General,27000,33100,13,Domingo,No,No,2.0,3.0,94000,0,,
N00539,Pop internacional,2229356,8400,Arena,Platea Baja,62000,76900,23,Domingo,No,Si,2.0,5.0,86000,0,,
N00540,Pop internacional,50000,1500,Club,Campo,40000,48800,36,Viernes,No,Si,1.0,7.0,62000,0,,
N00541,Trap,60000000,45000,Estadio,Platea Alta,43000,52700,4,Viernes,No,Si,2.0,2.0,101000,0,,
N00542,Trap,216928,1100,Club,General,19000,22300,18,Jueves,No,Si,1.0,5.0,63000,0,,
N00543,Indie,15600024,15000,Arena,Platea Baja,68000,81700,60,Sabado,Si,Si,3.0,1.0,176000,0,,
N00544,Trap,428145,1500,Club,Campo,44000,50900,5,Viernes,No,No,2.0,2.0,147000,0,,
N00545,Trap,644486,8400,Arena,Campo,49000,56900,4,Viernes,Si,Si,1.0,4.0,173000,0,,
N00546,Pop internacional,3641346,8400,Arena,Platea Baja,58000,70700,10,Sabado,No,Si,1.0,7.0,207000,0,,
N00547,Trap,83544,3300,Teatro,General,21000,24300,0,Viernes,No,Si,2.0,6.0,35000,0,,
N00548,Rock nacional,110109,1100,Club,General,19000,22000,19,Viernes,No,Si,2.0,2.0,55000,0,,
N00549,Pop internacional,41077807,84000,Estadio,Campo,63000,75400,12,Miercoles,No,Si,2.0,6.0,194000,0,,
N00550,Pop internacional,28088746,45000,Estadio,Campo,59000,70600,1,Jueves,No,No,4.0,2.0,95000,0,,
N00551,Trap,224361,1500,Club,General,23000,26900,15,Sabado,Si,Si,2.0,2.0,80000,0,,
N00552,Electronica,190982,5000,Arena,Pl. Alta,35000,43500,1,Jueves,No,Si,2.0,7.0,39000,0,,
N00553,Rock nacional,217520,3300,Teatro,Campo,45000,54600,48,Sabado,No,Si,2.0,2.0,94000,0,,
N00554,Cumbia,1786888,3300,Teatro,General,25000,30700,15,Jueves,No,No,1.0,8.0,57000,0,,
N00555,Rock nacional,441999,3300,Teatro,Platea Baja,55000,63500,12,Jueves,No,No,2.0,7.0,144000,0,,
N00556,Cumbia,689843,1500,Club,Campo,36000,43500,60,Jueves,No,Si,4.0,1.0,59000,0,,
N00557,Rock nacional,699168,3300,Teatro,Platea Alta,35000,42400,21,Sabado,Si,No,4.0,7.0,128000,0,,
N00558,Trap,216915,1100,Club,CAMPO,44000,52800,9,Viernes,No,Si,1.0,8.0,168000,0,,
N00559,Cumbia,1194099,5000,Arena,platea baja,55000,68500,22,Sabado,No,Si,3.0,7.0,136000,0,,
N00560,Rock nacional,39658663,84000,Estadio,General,38000,43800,32,Viernes,No,No,2.0,8.0,73000,0,,
N00561,Pop internacional,4148960,25000,Estadio,Platea Baja,57000,69600,2,Lunes,Si,Si,1.0,2.0,113000,0,,
N00562,Cumbia,54469,1100,Club,Platea Baja,47000,55700,21,Viernes,No,Si,1.0,7.0,121000,0,,
N00563,Rock nacional,8549965,25000,Estadio,palco,140000,171800,3,Sabado,No,Si,2.0,1.0,413000,0,,
N00564,Pop internacional,118959,1500,Club,Campo,42000,49100,21,Jueves,No,Si,1.0,6.0,175000,0,,
N00565,Pop internacional,712627,3300,Teatro,Platea Alta,32000,38800,9,Lunes,No,No,1.0,6.0,75000,0,,
N00566,Trap,60000000,84000,Estadio,Campo,60000,71900,20,Jueves,No,Si,3.0,7.0,157000,0,,
N00567,Rock nacional,15904038,25000,Estadio,Platea Alta,47000,57700,6,Jueves,Si,Si,1.0,3.0,100000,0,,
N00568,Cumbia,80937,1500,Club,Campo,41000,49000,19,Viernes,No,No,2.0,2.0,107000,0,,
N00569,Rock nacional,20374346,45000,Estadio,General,31000,36800,6,Viernes,No,Si,2.0,1.0,110000,0,,
N00570,Rock nacional,9600557,15000,Arena,Platea Baja,65000,78200,11,Jueves,No,Si,2.0,6.0,158000,0,,
N00571,Cumbia,251947,1500,Club,Platea Baja,51000,62500,0,Sabado,No,Si,1.0,5.0,60000,0,,
N00572,Cumbia,139310,1500,Club,Campo,42000,49400,13,Sabado,No,No,1.0,7.0,127000,0,,
N00573,Electronica,54969,1100,Club,Campo,40000,47100,23,Viernes,No,Si,6.0,6.0,127000,0,,
N00574,Trap,55133345,45000,Estadio,Platea Baja,71000,86200,1,Martes,Si,No,1.0,7.0,175000,0,,
N00575,Trap,384870,5000,Arena,Campo,52000,62800,15,Domingo,Si,Si,2.0,1.0,154000,0,,
N00576,Rock nacional,10060091,15000,Arena,Platea Baja,71000,88100,60,Sabado,Si,No,2.0,4.0,234000,0,,
N00577,Rock nacional,495572,3300,Teatro,Platea Alta,37000,44300,21,Viernes,No,Si,2.0,4.0,98000,0,,
N00578,Rock nacional,3616263,8400,Arena,PLATEA BAJA,60000,69600,11,Sabado,Si,No,2.0,4.0,195000,0,,
N00579,Trap,2637839,15000,Arena,Campo,52000,61500,3,Viernes,No,Si,3.0,4.0,91000,0,,
N00580,Rock nacional,2280202,15000,Arena,Pl. Baja,75000,91500,6,Domingo,No,Si,3.0,7.0,257000,0,,
N00581,Pop internacional,27734519,25000,Estadio,Platea Baja,72000,86800,13,Miercoles,Si,No,2.0,8.0,470000,0,,
N00582,Rock nacional,347042,3300,Teatro,Palco,139000,163600,2,Viernes,No,Si,1.0,1.0,189000,0,,
N00583,Rock nacional,139319,1500,Club,Campo,40000,49400,6,Sabado,No,Si,2.0,4.0,99000,0,,
N00584,Pop internacional,1322219,15000,Arena,Platea Baja,64000,74100,22,Jueves,No,Si,2.0,7.0,126000,0,,
N00585,Indie,2027171,15000,Arena,Platea Baja,74000,87000,36,Martes,No,No,2.0,3.0,93000,0,,
N00586,Pop internacional,2146037,8400,Arena,General,27000,32500,53,Lunes,No,Si,3.0,7.0,36000,0,,
N00587,Trap,920026,3300,Teatro,Campo,46000,55500,2,Sabado,Si,No,4.0,2.0,76000,0,,
N00588,Rock nacional,332231,1500,Club,Platea Baja,48000,55500,42,Sabado,Si,Si,2.0,8.0,164000,0,,
N00589,Pop internacional,166966,1500,Club,General,20000,25000,21,Jueves,No,No,2.0,6.0,52000,0,,
N00590,Indie,1452416,5000,Arena,Platea Alta,38000,45000,36,Viernes,Si,Si,2.0,5.0,98000,0,,
N00591,Cumbia,46256456,45000,Estadio,General,35000,41100,2,Sabado,No,Si,2.0,2.0,44000,0,,
N00592,Trap,914560,5000,Arena,Platea Baja,57000,66600,15,Sabado,Si,Si,1.0,4.0,175000,0,,
N00593,Rock nacional,158912,3300,Teatro,General,27000,32600,22,Sabado,No,Si,2.0,4.0,52000,0,,
N00594,Pop internacional,434902,1100,Club,Platea Alta,30000,35500,10,Sabado,No,Si,2.0,6.0,132000,0,,
N00595,Trap,130460,1100,Club,Platea Baja,48000,59600,17,Sabado,No,Si,1.0,7.0,118000,0,,
N00596,Electronica,4420907,15000,Arena,GENERAL,29000,33900,30,Miercoles,Si,Si,1.0,7.0,128000,0,,
N00597,Rock nacional,1242382,5000,Arena,Platea Baja,59000,69400,20,Jueves,No,Si,4.0,1.0,186000,0,,
N00598,Trap,15826571,25000,Estadio,Platea Baja,69000,82600,10,Domingo,Si,Si,1.0,1.0,257000,0,,
N00599,Trap,307985,8400,Arena,Platea Baja,61000,71100,8,Lunes,No,Si,2.0,1.0,193000,0,,
N00600,Cumbia,3677939,8400,Arena,Campo,45000,55700,17,Sabado,No,Si,2.0,1.0,217000,0,,
N00601,Rock nacional,1907785,8400,Arena,Platea Baja,62000,74500,33,Jueves,No,No,1.0,8.0,114000,0,,
N00602,Rock nacional,9871743,45000,Estadio,Campo,63000,76200,13,Jueves,No,Si,1.0,7.0,180000,0,,
N00603,Rock nacional,494058,5000,Arena,Campo,46000,53200,11,Miercoles,No,No,2.0,5.0,99000,0,,
N00604,Pop internacional,86850,1100,Club,General,20000,23800,21,Miercoles,No,No,1.0,3.0,33000,0,,
N00605,Rock nacional,8549965,25000,Estadio,palco,140000,171800,3,Jueves,No,Si,2.0,2.0,296000,0,,
N00606,Rock nacional,441999,3300,Teatro,Platea Baja,55000,63500,12,Martes,No,No,2.0,7.0,92000,0,,
N00607,Cumbia,464075,3300,Teatro,Campo,40000,49200,9,Sabado,No,Si,2.0,7.0,120000,0,,
N00608,Trap,28065056,45000,Estadio,Platea Alta,43000,51300,16,Miercoles,No,Si,6.0,5.0,134000,0,,
N00609,Pop internacional,2218671,8400,Arena,Campo,56000,65900,13,Viernes,No,No,2.0,5.0,192000,0,,
N00610,Rock nacional,60000000,84000,Estadio,Campo,69000,84300,2,Jueves,Si,Si,1.0,5.0,155000,0,,
N00611,Electronica,100841,1500,Club,Platea Baja,46000,55000,19,Sabado,No,No,4.0,6.0,162000,0,,
N00612,Trap,696022,5000,Arena,General,25000,30100,2,Jueves,No,Si,1.0,2.0,39000,0,,
N00613,Trap,238815,3300,Teatro,Campo,37000,42900,16,Sabado,No,No,6.0,1.0,68000,0,,
N00614,Trap,28373389,84000,Estadio,General,35000,40300,46,Viernes,No,Si,1.0,3.0,69000,0,,
N00615,Indie,425808,3300,Teatro,Campo,48000,58400,18,Viernes,No,Si,2.0,5.0,144000,0,,
N00616,Trap,65712,1100,Club,Platea Baja,48000,58200,13,Viernes,No,Si,1.0,4.0,112000,0,,
N00617,Trap,858856,1500,Club,Palco,111000,129100,3,Jueves,No,Si,2.0,3.0,157000,0,,
N00618,Pop internacional,337196,5000,Arena,campo,38000,47000,1,Miercoles,No,Si,2.0,7.0,55000,0,,
N00619,Indie,44592586,84000,Estadio,palco,185000,220200,24,Martes,Si,No,1.0,3.0,980000,0,,
N00620,Rock nacional,2408656,3300,Teatro,Platea Baja,60000,74300,1,Jueves,No,No,1.0,2.0,90000,0,,
N00621,Electronica,109470,1500,Club,Campo,40000,47100,32,Jueves,No,Si,2.0,1.0,110000,0,,
N00622,Trap,60000000,84000,Estadio,Platea Alta,51000,61300,6,Sabado,No,No,2.0,8.0,138000,0,,
N00623,Cumbia,60000000,84000,Estadio,Platea Baja,82000,98800,27,Martes,No,Si,2.0,1.0,295000,0,,
N00624,Cumbia,2351619,8400,Arena,Platea Baja,58000,72000,22,Viernes,No,No,4.0,1.0,141000,0,,
N00625,Trap,389772,3300,Teatro,Platea Alta,30000,36500,7,Viernes,No,No,1.0,8.0,70000,0,,
N00626,Electronica,2091892,8400,Arena,Pl. Baja,55000,65100,10,Domingo,Si,No,3.0,2.0,215000,0,,
N00627,Pop internacional,188386,1500,Club,Pl. Baja,42000,48500,1,Jueves,Si,No,1.0,1.0,66000,0,,
N00628,Rock nacional,10858040,25000,Estadio,Campo,55000,64100,13,Lunes,No,No,2.0,1.0,152000,0,,
N00629,Trap,50000,1100,Club,Platea Baja,46000,55000,2,Miercoles,No,No,4.0,4.0,90000,0,,
N00630,Trap,13654892,15000,Arena,General,31000,38700,2,Domingo,Si,Si,2.0,2.0,84000,0,,
N00631,Rock nacional,2453374,5000,Arena,Campo,50000,61400,6,Martes,No,Si,1.0,3.0,205000,0,,
N00632,Indie,32554226,45000,Estadio,campo,60000,71000,15,Jueves,No,No,2.0,6.0,186000,0,,
N00633,Pop internacional,132059,1500,Club,Pl. Baja,48000,55900,35,Sabado,No,Si,2.0,7.0,96000,0,,
N00634,Rock nacional,78182,1100,Club,Platea Alta,31000,36300,33,Jueves,No,Si,2.0,2.0,77000,0,,
N00635,Trap,1004418,5000,Arena,Platea Alta,34000,39700,13,Sabado,No,Si,2.0,7.0,139000,0,,
N00636,Indie,2635569,8400,Arena,General,24000,30000,12,Sabado,No,Si,1.0,5.0,129000,0,,
N00637,Pop internacional,25402803,45000,Estadio,Platea Baja,69000,81000,3,Domingo,No,Si,2.0,4.0,162000,0,,
N00638,Pop internacional,247456,1100,Club,Campo,38000,46700,8,Jueves,Si,Si,2.0,7.0,107000,0,,
N00639,Cumbia,79856,1500,Club,Campo,36000,42500,6,Sabado,No,Si,2.0,3.0,79000,0,,
N00640,Pop internacional,494400,3300,Teatro,General,23000,27100,22,Viernes,No,No,1.0,6.0,54000,0,,
N00641,Rock nacional,60000000,84000,Estadio,General,37000,44800,35,Sabado,No,No,1.0,6.0,47000,0,,
N00642,Pop internacional,241433,1100,Club,Platea Baja,47000,54500,9,Sabado,No,No,2.0,4.0,93000,0,,
N00643,Pop internacional,465118,3300,Teatro,Platea Alta,40000,48600,23,Jueves,No,Si,2.0,5.0,83000,0,,
N00644,Pop internacional,808891,3300,Teatro,Campo,48000,55900,21,Sabado,No,Si,1.0,7.0,118000,0,,
N00645,Trap,566378,8400,Arena,General,26000,30100,53,Sabado,No,Si,2.0,6.0,70000,0,,
N00646,Pop internacional,30350479,84000,Estadio,Pl. Alta,51000,59600,15,Miercoles,No,No,2.0,6.0,161000,0,,
N00647,Trap,4798378,25000,Estadio,Campo,62000,72900,16,Martes,Si,Si,4.0,6.0,276000,0,,
N00648,Cumbia,2017044,8400,Arena,Campo,45000,52600,10,Lunes,Si,Si,3.0,4.0,190000,0,,
N00649,Electronica,10625137,25000,Estadio,Palco,125000,154200,2,Martes,No,No,1.0,4.0,222000,0,,
N00650,Trap,31086606,84000,Estadio,Campo,63000,73600,27,Jueves,No,Si,2.0,3.0,211000,0,,
N00651,Electronica,427481,3300,Teatro,Platea Alta,35000,41100,14,Jueves,Si,Si,2.0,5.0,164000,0,,
N00652,Rock nacional,270834,3300,Teatro,Platea Baja,51000,63300,16,Viernes,No,Si,1.0,2.0,187000,0,,
N00653,Trap,20982052,45000,Estadio,Palco,172000,202000,3,Sabado,No,No,2.0,2.0,353000,0,,
N00654,Pop internacional,4213787,15000,Arena,Platea Alta,45000,52100,2,Martes,No,No,1.0,3.0,86000,0,,
N00655,Electronica,59758,1500,Club,Campo,41000,48900,9,Lunes,No,No,1.0,5.0,102000,0,,
N00656,Rock nacional,1035923,5000,Arena,Platea Baja,55000,67200,19,Miercoles,Si,Si,3.0,5.0,181000,0,,
N00657,Rock nacional,28996898,84000,Estadio,Palco,178000,213800,26,Viernes,No,No,1.0,6.0,383000,0,,
N00658,Rock nacional,6349532,84000,Estadio,Platea Baja,84000,97100,10,Martes,Si,No,1.0,5.0,313000,0,,
N00659,Pop internacional,1728859,8400,Arena,platea alta,42000,51700,15,Miercoles,No,Si,2.0,8.0,97000,0,,
N00660,Indie,2683246,15000,Arena,Campo,55000,63800,999,Jueves,No,Si,1.0,8.0,97000,0,,
N00661,Trap,60000000,84000,Estadio,Platea Alta,51000,61300,6,Lunes,No,No,2.0,2.0,122000,0,,
N00662,Cumbia,60000000,84000,Estadio,platea baja,70000,86700,18,Sabado,Si,No,1.0,7.0,215000,0,,
N00663,Trap,2637839,15000,Arena,Campo,52000,61500,3,Miercoles,No,Si,3.0,4.0,143000,0,,
N00664,Rock nacional,5207966,15000,Arena,Platea Baja,70000,84200,2,Jueves,Si,Si,6.0,7.0,167000,0,,
N00665,Pop internacional,18520853,15000,Arena,Platea Alta,47000,57700,1,Sabado,Si,Si,2.0,8.0,119000,0,,
N00666,Indie,2297866,15000,Arena,Campo,55000,64500,14,Viernes,Si,No,1.0,6.0,136000,0,,
N00667,Electronica,9024856,25000,Estadio,Campo,53000,65900,26,Viernes,No,Si,2.0,6.0,171000,0,,
N00668,Cumbia,3848697,15000,Arena,Campo,53000,62800,18,Domingo,No,Si,1.0,4.0,138000,0,,
N00669,Trap,60000000,84000,Estadio,Campo,68000,81500,3,Sabado,Si,No,1.0,2.0,148000,0,,
N00670,Trap,858856,1500,Club,Palco,111000,129100,3,Sabado,No,Si,2.0,5.0,193000,0,,
N00671,Trap,185914,1100,Club,Platea Alta,33000,39200,10,Miercoles,Si,Si,2.0,8.0,218000,0,,
N00672,Rock nacional,3741709,8400,Arena,Campo,51000,61100,23,Domingo,No,No,3.0,4.0,98000,0,,
N00673,Pop internacional,25402803,45000,Estadio,Platea Baja,69000,81000,3,Domingo,No,Si,2.0,4.0,88000,0,,
N00674,Electronica,60000000,84000,Estadio,Platea Baja,79000,98400,26,Miercoles,No,No,2.0,7.0,175000,0,,
N00675,Rock nacional,114035,1100,Club,Platea Alta,35000,43300,24,Viernes,No,Si,6.0,2.0,104000,0,,
N00676,Indie,50000,1100,Club,Campo,35000,41800,10,Sabado,No,No,2.0,8.0,178000,0,,
N00677,Rock nacional,58599,1100,Club,Campo,39000,48600,3,Viernes,No,No,2.0,7.0,75000,0,,
N00678,Rock nacional,133828,1100,Club,Platea Alta,34000,41100,18,Martes,No,No,2.0,4.0,75000,0,,
N00679,Electronica,2576141,8400,Arena,Platea Baja,67000,80800,4,Jueves,No,Si,2.0,5.0,161000,0,,
N00680,Electronica,2103741,8400,Arena,Platea Baja,62000,74700,12,Viernes,No,Si,2.0,2.0,192000,0,,
N00681,Electronica,56273,1100,Club,general,23000,27400,19,Viernes,No,Si,4.0,2.0,60000,0,,
N00682,Pop internacional,5179242,15000,Arena,Campo,55000,66200,7,Viernes,No,No,2.0,5.0,145000,0,,
N00683,Pop internacional,13872547,25000,Estadio,Platea Baja,63000,74600,26,Lunes,Si,Si,2.0,3.0,232000,0,,
N00684,Rock nacional,20374346,45000,Estadio,General,31000,36800,6,Viernes,No,Si,2.0,2.0,77000,0,,
N00685,Pop internacional,548072,5000,Arena,Campo,48000,59800,47,Viernes,No,No,2.0,6.0,79000,0,,
N00686,Trap,4021619,8400,Arena,Platea Baja,63000,77200,25,Sabado,No,Si,2.0,2.0,98000,0,,
N00687,Rock nacional,699168,3300,Teatro,Platea Alta,35000,42400,21,Sabado,Si,No,4.0,8.0,79000,0,,
N00688,Trap,9040671,45000,Estadio,Campo,61000,73400,1,Martes,No,No,2.0,3.0,75000,0,,
N00689,Electronica,7474605,15000,Arena,Platea Baja,70000,84500,31,Viernes,No,Si,3.0,3.0,200000,0,,
N00690,Cumbia,12104828,25000,Estadio,Pl. Alta,48000,56100,15,Viernes,Si,Si,3.0,4.0,176000,0,,
N00691,Indie,3338029,15000,Arena,Campo,51000,60400,7,Domingo,No,Si,2.0,5.0,107000,0,,
N00692,Rock nacional,60000000,84000,Estadio,Campo,69000,84300,2,Jueves,Si,Si,1.0,8.0,165000,0,,
N00693,Cumbia,1430133,8400,Arena,Campo,50000,58300,14,Sabado,No,Si,2.0,7.0,149000,0,,
N00694,Indie,10211935,15000,Arena,Platea Alta,44000,52700,47,Miercoles,No,Si,3.0,7.0,80000,0,,
N00695,Pop internacional,1096375,3300,Teatro,Campo,41000,51200,14,Viernes,No,Si,2.0,7.0,162000,0,,
N00696,Pop internacional,60000000,84000,Estadio,Platea Baja,83000,98700,10,Miercoles,No,Si,4.0,2.0,225000,0,,
N00697,Trap,435315,3300,Teatro,Campo,46000,53900,9,Miercoles,Si,Si,2.0,6.0,262000,0,,
N00698,Pop internacional,2870766,8400,Arena,Platea Baja,66000,80200,8,Domingo,No,Si,2.0,3.0,189000,0,,
N00699,Indie,8876860,15000,Arena,Platea Baja,69000,81000,1,Martes,Si,No,1.0,8.0,103000,0,,
N00700,Rock nacional,6349532,84000,Estadio,Platea Baja,84000,97100,10,Sabado,Si,No,1.0,4.0,246000,0,,
N00701,Cumbia,4317579,15000,Arena,General,27000,31500,17,Viernes,Si,No,4.0,5.0,120000,0,,
N00702,Cumbia,1020164,3300,Teatro,Platea Alta,37000,44100,16,Domingo,No,Si,1.0,1.0,63000,0,,
N00703,Electronica,10625137,25000,Estadio,Palco,125000,154200,2,Sabado,No,No,1.0,6.0,176000,0,,
N00704,Rock nacional,1047485,3300,Teatro,General,23000,28100,21,Sabado,No,Si,1.0,5.0,48000,0,,
N00705,Electronica,201529,1500,Club,Platea Baja,48000,60000,17,Viernes,No,No,1.0,7.0,171000,0,,
N00706,Indie,412011,3300,Teatro,Platea Baja,60000,73200,29,Viernes,No,Si,2.0,7.0,142000,0,,
N00707,Trap,2364666,15000,Arena,Platea Alta,38000,46600,19,Jueves,No,Si,4.0,4.0,126000,0,,
N00708,Pop internacional,18520853,15000,Arena,Platea Alta,47000,57700,1,Viernes,Si,Si,2.0,5.0,86000,0,,
N00709,Indie,61136,1100,Club,Pl. Alta,33000,39100,10,Martes,No,Si,3.0,4.0,103000,0,,
N00710,Pop internacional,16482875,25000,Estadio,Campo,60000,73500,13,Miercoles,No,Si,4.0,2.0,110000,0,,
N00711,Pop internacional,531480,5000,Arena,Platea Alta,38000,44100,25,Jueves,Si,No,4.0,3.0,144000,0,,
N00712,Trap,216915,1100,Club,CAMPO,44000,52800,9,Viernes,No,Si,1.0,3.0,121000,0,,
N00713,Rock nacional,125833,1500,Club,Platea Baja,47000,56100,18,Jueves,No,No,2.0,5.0,158000,0,,
N00714,Rock nacional,1041019,8400,Arena,Platea Baja,67000,80700,0,Viernes,Si,No,2.0,6.0,81000,0,,
N00715,Indie,18294931,45000,Estadio,Platea Baja,75000,88800,15,Jueves,No,Si,2.0,3.0,230000,0,,
N00716,Rock nacional,18391788,25000,Estadio,Campo,64000,77400,9,Jueves,Si,Si,3.0,3.0,209000,0,,
N00717,Rock nacional,31264677,25000,Estadio,Palco,183000,214200,28,Sabado,No,Si,6.0,1.0,500000,0,,
N00718,Pop internacional,130428,1500,Club,platea baja,51000,62600,26,Viernes,No,No,1.0,8.0,108000,0,,
N00719,Rock nacional,8425098,15000,Arena,Palco,138000,167700,3,Lunes,No,No,1.0,7.0,217000,0,,
N00720,Trap,1866155,8400,Arena,Platea Alta,41000,49000,3,Sabado,No,No,2.0,3.0,100000,0,,
N00721,Pop internacional,3550710,15000,Arena,campo,59000,70800,0,Sabado,No,Si,3.0,7.0,54000,0,,
N00722,Pop internacional,25402803,45000,Estadio,Platea Baja,69000,81000,3,Sabado,No,Si,2.0,4.0,165000,0,,
N00723,Trap,9194793,15000,Arena,general,26000,30800,28,Sabado,No,No,2.0,4.0,54000,0,,
N00724,Indie,2080701,15000,Arena,Platea Baja,71000,84200,21,Viernes,Si,Si,2.0,6.0,232000,0,,
N00725,Rock nacional,1242382,5000,Arena,Platea Baja,59000,69400,20,Viernes,No,Si,4.0,6.0,166000,0,,
N00726,Rock nacional,3487625,8400,Arena,Campo,44000,52000,15,Martes,No,No,4.0,4.0,130000,0,,
N00727,Pop internacional,40124009,45000,Estadio,Campo,64000,74800,21,Sabado,Si,Si,1.0,8.0,341000,0,,
N00728,Rock nacional,1916516,8400,Arena,Platea Alta,42000,50400,13,Viernes,Si,Si,2.0,6.0,162000,0,,
N00729,Rock nacional,1907785,8400,Arena,Platea Baja,62000,74500,33,Martes,No,No,1.0,6.0,138000,0,,
N00730,Rock nacional,2408656,3300,Teatro,Platea Baja,60000,74300,1,Sabado,No,No,1.0,8.0,118000,0,,
N00731,Rock nacional,9645195,25000,Estadio,Palco,172000,210700,3,Sabado,No,No,,4.0,407000,0,,
N00732,Electronica,9064421,25000,Estadio,PLATEA BAJA,70000,85700,12,Sabado,No,Si,2.0,6.0,240000,0,,
N00733,Indie,165563,1100,Club,Platea Baja,48000,58000,18,Miercoles,No,Si,4.0,5.0,109000,0,,
N00734,Cumbia,201971,1100,Club,Platea Baja,46000,55100,6,Sabado,No,Si,3.0,7.0,195000,0,,
N00735,Electronica,97951,1500,Club,Pl. Baja,48000,55900,21,Viernes,No,Si,2.0,5.0,115000,0,,
N00736,Pop internacional,60000000,45000,Estadio,General,31000,36000,3,Lunes,Si,Si,2.0,8.0,117000,0,,
N00737,Electronica,1413864,15000,Arena,Platea Baja,66000,77700,19,Sabado,No,Si,2.0,5.0,144000,0,,
N00738,Trap,925008,8400,Arena,Platea Baja,61000,74800,11,Sabado,No,Si,1.0,2.0,148000,0,,
N00739,Pop internacional,15330686,15000,Arena,General,30000,35000,25,Lunes,No,Si,2.0,2.0,57000,0,,
N00740,Rock nacional,95649,1100,Club,Campo,39000,48500,26,Viernes,No,Si,1.0,5.0,81000,0,,
N00741,Pop internacional,148788,1100,Club,GENERAL,22000,25400,0,Sabado,No,Si,2.0,6.0,29000,0,,
N00742,Trap,363806,1500,Club,CAMPO,34000,41100,3,Sabado,No,Si,2.0,3.0,68000,0,,
N00743,Pop internacional,4349382,15000,Arena,Palco,147000,178300,13,Lunes,No,No,2.0,1.0,402000,0,,
N00744,Electronica,118352,1500,Club,Pl. Alta,33000,40200,19,Lunes,No,Si,2.0,7.0,116000,0,,
N00745,Trap,135147,1500,Club,Campo,42000,52000,5,Miercoles,No,Si,1.0,7.0,135000,0,,
N00746,Rock nacional,571087,1500,Club,General,20000,24500,17,Miercoles,No,No,2.0,4.0,69000,0,,
N00747,Rock nacional,2044614,5000,Arena,Platea Baja,57000,66000,2,Sabado,No,Si,1.0,8.0,160000,0,,
N00748,Pop internacional,4941817,8400,Arena,Platea Alta,39000,47100,39,Sabado,No,Si,2.0,1.0,89000,0,,
N00749,Trap,60000000,84000,Estadio,PALCO,198000,230100,1,Sabado,Si,Si,2.0,5.0,295000,0,,
N00750,Rock nacional,2237568,15000,Arena,PLATEA ALTA,44000,51200,14,Sabado,Si,Si,1.0,2.0,158000,0,,
N00751,Trap,342034,3300,Teatro,General,25000,29400,1,Sabado,No,Si,,1.0,61000,0,,
N00752,Rock nacional,510161,3300,Teatro,Platea Alta,32000,39400,8,Viernes,No,Si,2.0,4.0,64000,0,,
N00753,Rock nacional,60983,1100,Club,Platea Alta,31000,37400,12,Viernes,Si,Si,2.0,4.0,137000,0,,
N00754,Rock nacional,30880556,25000,Estadio,General,26000,31800,3,Domingo,No,No,3.0,3.0,38000,0,,
N00755,Electronica,29972921,45000,Estadio,platea baja,75000,87900,1,Jueves,No,No,2.0,7.0,108000,0,,
N00756,Rock nacional,1930737,3300,Teatro,Campo,49000,57100,11,Jueves,No,Si,2.0,7.0,159000,0,,
N00757,Pop internacional,9859397,15000,Arena,Platea Baja,61000,76100,2,Miercoles,No,Si,3.0,6.0,100000,0,,
N00758,Rock nacional,38909710,84000,Estadio,Platea Alta,52000,64300,8,Sabado,Si,No,3.0,3.0,179000,0,,
N00759,Pop internacional,550072,5000,Arena,General,26000,31100,3,Sabado,No,Si,1.0,1.0,46000,0,,
N00760,Electronica,1642733,8400,Arena,Campo,47000,58000,26,Viernes,No,No,1.0,8.0,119000,0,,
N00761,Pop internacional,85643,1100,Club,General,22000,26000,35,Viernes,No,Si,1.0,6.0,64000,0,,
N00762,Rock nacional,699168,3300,Teatro,Platea Alta,35000,42400,21,Miercoles,Si,No,4.0,6.0,148000,0,,
N00763,Electronica,201529,1500,Club,Platea Baja,48000,60000,17,Miercoles,No,No,1.0,5.0,106000,0,,
N00764,Trap,3422701,8400,Arena,Campo,50000,59700,6,Sabado,Si,No,,5.0,193000,0,,
N00765,Indie,9954007,15000,Arena,Platea Baja,70000,82500,16,Domingo,Si,Si,3.0,1.0,289000,0,,
N00766,Cumbia,410926,3300,Teatro,Campo,44000,52300,22,Viernes,Si,Si,1.0,2.0,181000,0,,
N00767,Pop internacional,614720,5000,Arena,Platea Alta,38000,44500,15,Domingo,No,Si,2.0,5.0,109000,0,,
N00768,Pop internacional,375452,1500,Club,Platea Alta,31000,35900,13,Sabado,No,Si,2.0,4.0,75000,0,,
N00769,Rock nacional,674445,5000,Arena,Campo,42000,49300,13,Sabado,No,Si,4.0,4.0,99000,0,,
N00770,Pop internacional,2146037,8400,Arena,General,27000,32500,53,Viernes,No,Si,3.0,2.0,63000,0,,
N00771,Pop internacional,1728859,8400,Arena,platea alta,42000,51700,15,Jueves,No,Si,2.0,3.0,139000,0,,
N00772,Trap,229994,1500,Club,Campo,33000,40900,31,Sabado,No,Si,2.0,6.0,65000,0,,
N00773,Trap,843108,3300,Teatro,Campo,46000,53900,8,Sabado,No,Si,2.0,4.0,105000,0,,
N00774,Pop internacional,406409,5000,Arena,Platea Alta,35000,43700,57,Domingo,No,Si,1.0,8.0,43000,0,,
N00775,Indie,17178326,25000,Estadio,Palco,175000,210200,17,Viernes,Si,Si,2.0,8.0,765000,0,,
N00776,Pop internacional,172992,1500,Club,Campo,38000,44700,13,Viernes,No,Si,1.0,5.0,104000,0,,
N00777,Trap,10740206,25000,Estadio,campo,53000,63000,7,Sabado,No,No,2.0,6.0,139000,0,,
N00778,Trap,60000000,84000,Estadio,Platea Alta,56000,65000,22,Lunes,No,Si,1.0,8.0,110000,0,,
N00779,Trap,9194793,15000,Arena,general,26000,30800,28,Lunes,No,No,2.0,7.0,57000,0,,
N00780,Rock nacional,1905113,5000,Arena,Platea Baja,58000,71400,4,Viernes,No,Si,2.0,5.0,112000,0,,
